[Message: Preloader] BepInEx 6.0.0-be.785 - Supermarket Simulator (17/08/2026 15:56:06)
[Message: Preloader] Built from commit 6abdba47eeebe08552282e7a58ef0f4a9ab60b62
[Info   :   BepInEx] System platform: Windows 10 64-bit
[Info   :   BepInEx] Process bitness: 64-bit (x64)
[Info   :   BepInEx] Running under Unity 6000.3.6f1
[Info   :   BepInEx] Runtime version: 6.0.7
[Info   :   BepInEx] Runtime information: .NET 6.0.7
[Info   :AssemblyPatcher] Loaded 1 patcher type from [BepInEx.SplashScreen.Patcher.BepInEx6 3.0.0.0]
[Info   : Preloader] 1 patcher plugin loaded
[Info   : Preloader] 1 assemblies discovered
[Message:AssemblyPatcher] Executing 0 patch(es)
[Message:   BepInEx] Chainloader initialized
[Warning:Il2CppInterop] Class::Init signatures have been exhausted, using a substitute!
[Info   :Il2CppInterop] Registered mono type Il2CppInterop.Runtime.DelegateSupport+Il2CppToMonoDelegateReference in il2cpp domain
[Info   :   BepInEx] 19 plugins to load
[Info   :   BepInEx] Loading [Currency Atlas Mask Visualizer 3.1.0]
[Info   :Currency Atlas Mask Visualizer] ========================================
[Info   :Currency Atlas Mask Visualizer] Currency Atlas Mask Visualizer v3.1.0
[Info   :Currency Atlas Mask Visualizer] ========================================
[Info   :Currency Atlas Mask Visualizer] Metodo: System.Drawing
[Info   :Currency Atlas Mask Visualizer] Texture2D: DESATIVADO
[Info   :Currency Atlas Mask Visualizer] ImageConversion: DESATIVADO
[Info   :Currency Atlas Mask Visualizer] Monitoramento das mascaras iniciado.
[Info   :   BepInEx] Loading [Currency Atlas Triangle Mapper 1.0.0]
[Info   :Currency Atlas Triangle Mapper] ========================================
[Info   :Currency Atlas Triangle Mapper] Currency Atlas Triangle Mapper v1.0.0
[Info   :Currency Atlas Triangle Mapper] ========================================
[Info   :Currency Atlas Triangle Mapper] Metodo: GPU Vertex Buffer + Index Buffer.
[Info   :Currency Atlas Triangle Mapper] Metodo de leitura: AsyncGPUReadback.
[Info   :Currency Atlas Triangle Mapper] Objetivo: reconstruir os triangulos UV reais.
[Info   :Currency Atlas Triangle Mapper] Atlas: 2048x2048
[Warning:  HarmonyX] AccessTools.GetTypesFromAssembly: assembly UnityEngine.CoreModule, Version=0.0.0.0, Culture=neutral, PublicKeyToken=null => System.Reflection.ReflectionTypeLoadException: Unable to load one or more of the requested types.
Could not load type 'DirectChildrenEnumerable' from assembly 'UnityEngine.CoreModule, Version=0.0.0.0, Culture=neutral, PublicKeyToken=null' because the format is invalid.
Could not load type '<>c' from assembly 'UnityEngine.CoreModule, Version=0.0.0.0, Culture=neutral, PublicKeyToken=null' because the format is invalid.
Could not load type 'IdentityAttributes' from assembly 'UnityEngine.CoreModule, Version=0.0.0.0, Culture=neutral, PublicKeyToken=null' because the format is invalid.
   at System.Reflection.RuntimeModule.GetTypes(RuntimeModule module)
   at System.Reflection.Assembly.GetTypes()
   at HarmonyLib.AccessTools.GetTypesFromAssembly(Assembly assembly)
System.TypeLoadException: Could not load type 'DirectChildrenEnumerable' from assembly 'UnityEngine.CoreModule, Version=0.0.0.0, Culture=neutral, PublicKeyToken=null' because the format is invalid.
System.TypeLoadException: Could not load type '<>c' from assembly 'UnityEngine.CoreModule, Version=0.0.0.0, Culture=neutral, PublicKeyToken=null' because the format is invalid.
System.TypeLoadException: Could not load type 'IdentityAttributes' from assembly 'UnityEngine.CoreModule, Version=0.0.0.0, Culture=neutral, PublicKeyToken=null' because the format is invalid.
[Info   :Currency Atlas Triangle Mapper] Patch de SpawnMoney aplicado.
[Info   :   BepInEx] Loading [Currency Atlas UV Mapper 1.0.0]
[Info   :Currency Atlas UV Mapper] ========================================
[Info   :Currency Atlas UV Mapper] Currency Atlas UV Mapper v1.0.0
[Info   :Currency Atlas UV Mapper] ========================================
[Info   :Currency Atlas UV Mapper] Metodo: GPU Vertex Buffer + AsyncGPUReadback.
[Info   :Currency Atlas UV Mapper] Objetivo: mapear todas as moedas no atlas.
[Info   :Currency Atlas UV Mapper] Atlas esperado: 2048x2048
[Warning:  HarmonyX] AccessTools.GetTypesFromAssembly: assembly UnityEngine.CoreModule, Version=0.0.0.0, Culture=neutral, PublicKeyToken=null => System.Reflection.ReflectionTypeLoadException: Unable to load one or more of the requested types.
Could not load type 'DirectChildrenEnumerable' from assembly 'UnityEngine.CoreModule, Version=0.0.0.0, Culture=neutral, PublicKeyToken=null' because the format is invalid.
Could not load type '<>c' from assembly 'UnityEngine.CoreModule, Version=0.0.0.0, Culture=neutral, PublicKeyToken=null' because the format is invalid.
Could not load type 'IdentityAttributes' from assembly 'UnityEngine.CoreModule, Version=0.0.0.0, Culture=neutral, PublicKeyToken=null' because the format is invalid.
   at System.Reflection.RuntimeModule.GetTypes(RuntimeModule module)
   at System.Reflection.Assembly.GetTypes()
   at HarmonyLib.AccessTools.GetTypesFromAssembly(Assembly assembly)
System.TypeLoadException: Could not load type 'DirectChildrenEnumerable' from assembly 'UnityEngine.CoreModule, Version=0.0.0.0, Culture=neutral, PublicKeyToken=null' because the format is invalid.
System.TypeLoadException: Could not load type '<>c' from assembly 'UnityEngine.CoreModule, Version=0.0.0.0, Culture=neutral, PublicKeyToken=null' because the format is invalid.
System.TypeLoadException: Could not load type 'IdentityAttributes' from assembly 'UnityEngine.CoreModule, Version=0.0.0.0, Culture=neutral, PublicKeyToken=null' because the format is invalid.
[Info   :Currency Atlas UV Mapper] Patch de SpawnMoney aplicado.
[Info   :   BepInEx] Loading [Brazilian Coin Atlas Generator 1.0.1]
[Info   :Brazilian Coin Atlas Generator] ========================================
[Info   :Brazilian Coin Atlas Generator] Brazilian Coin Atlas Generator v1.0.1
[Info   :Brazilian Coin Atlas Generator] ========================================
[Info   :Brazilian Coin Atlas Generator] Objetivo: testar substituicao das regioes das moedas.
[Info   :Brazilian Coin Atlas Generator] Mesh: NAO ALTERADO.
[Info   :Brazilian Coin Atlas Generator] UV: NAO ALTERADO.
[Info   :Brazilian Coin Atlas Generator] Textura original: NAO ALTERADA.
[Info   :Brazilian Coin Atlas Generator] Metodo: mascara pixel a pixel.
[Info   :   BepInEx] Loading [Brazilian Coin UV Composer 1.4.0]
[Info   :Brazilian Coin UV Composer] ========================================
[Info   :Brazilian Coin UV Composer] Brazilian Coin UV Composer v1.4.0
[Info   :Brazilian Coin UV Composer] ========================================
[Info   :Brazilian Coin UV Composer] Objetivo: compor frente, verso e lateral das moedas brasileiras.
[Info   :Brazilian Coin UV Composer] Modo: PROCESSAMENTO PARCIAL AUTOMATICO.
[Info   :Brazilian Coin UV Composer] Mesh original: NAO ALTERADO.
[Info   :Brazilian Coin UV Composer] UV original: NAO ALTERADO.
[Info   :Brazilian Coin UV Composer] Atlas original: NAO ALTERADO.
[Info   :   BepInEx] Loading [Supermarket Simulator - Brazilian Money 1.0.0]
[Info   :Brazilian Coin Atlas Generator] Pasta de trabalho: B:\SteamLibrary\steamapps\common\Supermarket Simulator\BepInEx\plugins\CurrencyAssetAnalyzer
[Info   :Supermarket Simulator - Brazilian Money] ========================================
[Info   :Supermarket Simulator - Brazilian Money] Supermarket Simulator - Brazilian Money
[Info   :Supermarket Simulator - Brazilian Money] Versão 1.0.0
[Info   :Supermarket Simulator - Brazilian Money] ========================================
[Warning:  HarmonyX] AccessTools.GetTypesFromAssembly: assembly UnityEngine.CoreModule, Version=0.0.0.0, Culture=neutral, PublicKeyToken=null => System.Reflection.ReflectionTypeLoadException: Unable to load one or more of the requested types.
Could not load type 'DirectChildrenEnumerable' from assembly 'UnityEngine.CoreModule, Version=0.0.0.0, Culture=neutral, PublicKeyToken=null' because the format is invalid.
Could not load type '<>c' from assembly 'UnityEngine.CoreModule, Version=0.0.0.0, Culture=neutral, PublicKeyToken=null' because the format is invalid.
Could not load type 'IdentityAttributes' from assembly 'UnityEngine.CoreModule, Version=0.0.0.0, Culture=neutral, PublicKeyToken=null' because the format is invalid.
   at System.Reflection.RuntimeModule.GetTypes(RuntimeModule module)
   at System.Reflection.Assembly.GetTypes()
   at HarmonyLib.AccessTools.GetTypesFromAssembly(Assembly assembly)
System.TypeLoadException: Could not load type 'DirectChildrenEnumerable' from assembly 'UnityEngine.CoreModule, Version=0.0.0.0, Culture=neutral, PublicKeyToken=null' because the format is invalid.
System.TypeLoadException: Could not load type '<>c' from assembly 'UnityEngine.CoreModule, Version=0.0.0.0, Culture=neutral, PublicKeyToken=null' because the format is invalid.
System.TypeLoadException: Could not load type 'IdentityAttributes' from assembly 'UnityEngine.CoreModule, Version=0.0.0.0, Culture=neutral, PublicKeyToken=null' because the format is invalid.
[Info   :Brazilian Coin UV Composer] Atlas encontrado:
[Info   :Brazilian Coin UV Composer] B:\SteamLibrary\steamapps\common\Supermarket Simulator\BepInEx\plugins\CurrencyAssetAnalyzer\AnalyzerV8\Textures\T_Money_AlbedoTransparency_232060.png
[Info   :Supermarket Simulator - Brazilian Money] CheckoutChangeManager encontrado: CheckoutChangeManager
[Info   :Supermarket Simulator - Brazilian Money] SpawnMoney encontrado: Void SpawnMoney(MoneyPack, Boolean)
[Info   :Brazilian Coin Atlas Generator] Mascaras encontradas no disco: 5
[Info   :Brazilian Coin Atlas Generator] Mascara analisada: SM_Coin_10_Cents_MASK.png -> SM_Coin_10_Cents
[Info   :Brazilian Coin Atlas Generator] Mascara aceita: SM_Coin_10_Cents
[Info   :Brazilian Coin Atlas Generator] Mascara analisada: SM_Coin_1_Cent_MASK.png -> SM_Coin_1_Cent
[Info   :Brazilian Coin Atlas Generator] Mascara aceita: SM_Coin_1_Cent
[Info   :Brazilian Coin Atlas Generator] Mascara analisada: SM_Coin_25_Cents_MASK.png -> SM_Coin_25_Cents
[Info   :Brazilian Coin Atlas Generator] Mascara aceita: SM_Coin_25_Cents
[Info   :Brazilian Coin Atlas Generator] Mascara analisada: SM_Coin_50_Cents_MASK.png -> SM_Coin_50_Cents
[Info   :Brazilian Coin Atlas Generator] Mascara aceita: SM_Coin_50_Cents
[Info   :Brazilian Coin Atlas Generator] Mascara analisada: SM_Coin_5_Cents_MASK.png -> SM_Coin_5_Cents
[Info   :Brazilian Coin Atlas Generator] Mascara aceita: SM_Coin_5_Cents
[Info   :Brazilian Coin Atlas Generator] Mascaras validas: 5/5
[Info   :Brazilian Coin Atlas Generator] Atlas e cinco mascaras encontrados.
[Info   :Brazilian Coin UV Composer] Mascaras validas: 5/5
[Info   :Brazilian Coin UV Composer] Artes FRONT encontradas: 1/5
[Info   :Brazilian Coin UV Composer] Artes BACK encontradas: 1/5
[Info   :Brazilian Coin UV Composer] Moeda pronta para composicao: SM_Coin_50_Cents
[Info   :Brazilian Coin UV Composer] Moeda aguardando arte: SM_Coin_25_Cents | FRONT=FALTA | BACK=FALTA
[Info   :Brazilian Coin UV Composer] Moeda aguardando arte: SM_Coin_10_Cents | FRONT=FALTA | BACK=FALTA
[Info   :Brazilian Coin UV Composer] Moeda aguardando arte: SM_Coin_5_Cents | FRONT=FALTA | BACK=FALTA
[Info   :Brazilian Coin UV Composer] Moeda aguardando arte: SM_Coin_1_Cent | FRONT=FALTA | BACK=FALTA
[Info   :Brazilian Coin UV Composer] Moedas prontas: 1/5
[Info   :Brazilian Coin Atlas Generator] ========================================
[Info   :Brazilian Coin Atlas Generator] INICIANDO SUBSTITUICAO DE TESTE
[Info   :Brazilian Coin Atlas Generator] Atlas origem: B:\SteamLibrary\steamapps\common\Supermarket Simulator\BepInEx\plugins\CurrencyAssetAnalyzer\AnalyzerV8\Textures\T_Money_AlbedoTransparency_232060.png
[Info   :Brazilian Coin Atlas Generator] Destino: B:\SteamLibrary\steamapps\common\Supermarket Simulator\BepInEx\plugins\CurrencyAssetAnalyzer\BrazilianCoinAtlas\BrazilianCoinAtlas_TEST.png
[Info   :Supermarket Simulator - Brazilian Money] Patch de SpawnMoney aplicado com sucesso.
[Info   :Supermarket Simulator - Brazilian Money] Plugin inicializado com sucesso.
[Info   :Supermarket Simulator - Brazilian Money] Harmony inicializado com sucesso.
[Info   :   BepInEx] Loading [Brazilian Money Texture Replacer 1.2.0]
[Info   :Brazilian Money Texture Replacer] ========================================
[Info   :Brazilian Money Texture Replacer] Brazilian Money Texture Replacer v1.2.0
[Info   :Brazilian Money Texture Replacer] ========================================
[Info   :Brazilian Money Texture Replacer] Objetivo: substituir o albedo das moedas em runtime.
[Info   :Brazilian Money Texture Replacer] Mesh: NAO ALTERADO.
[Info   :Brazilian Money Texture Replacer] UV: NAO ALTERADO.
[Info   :Brazilian Money Texture Replacer] M_Money original: NAO ALTERADO.
[Info   :Brazilian Money Texture Replacer] Normal: NAO ALTERADO.
[Info   :Brazilian Money Texture Replacer] Specular: NAO ALTERADO.
[Info   :Brazilian Money Texture Replacer] Atlas original: NAO ALTERADO.
[Info   :Brazilian Money Texture Replacer] Atlas alvo:
[Info   :Brazilian Money Texture Replacer] B:\SteamLibrary\steamapps\common\Supermarket Simulator\BepInEx\plugins\CurrencyAssetAnalyzer\BrazilianCoinUVComposer\BrazilianCoinAtlas_FINAL.png
[Info   :Brazilian Money Texture Replacer] BrazilianCoinAtlas_FINAL.png encontrado.
[Info   :Brazilian Money Texture Replacer] SpawnMoney encontrado:
[Info   :Brazilian Money Texture Replacer] Void SpawnMoney(MoneyPack, Boolean)
[Info   :Brazilian Money Texture Replacer] Patch de SpawnMoney aplicado com sucesso.
[Info   :   BepInEx] Loading [Brazilian Currency Format 1.0.0]
[Info   :Brazilian Currency Format] [Debug] Procurando Extensions.ToMoneyText(float, float, float)...
[Warning:  HarmonyX] AccessTools.GetTypesFromAssembly: assembly UnityEngine.CoreModule, Version=0.0.0.0, Culture=neutral, PublicKeyToken=null => System.Reflection.ReflectionTypeLoadException: Unable to load one or more of the requested types.
Could not load type 'DirectChildrenEnumerable' from assembly 'UnityEngine.CoreModule, Version=0.0.0.0, Culture=neutral, PublicKeyToken=null' because the format is invalid.
Could not load type '<>c' from assembly 'UnityEngine.CoreModule, Version=0.0.0.0, Culture=neutral, PublicKeyToken=null' because the format is invalid.
Could not load type 'IdentityAttributes' from assembly 'UnityEngine.CoreModule, Version=0.0.0.0, Culture=neutral, PublicKeyToken=null' because the format is invalid.
   at System.Reflection.RuntimeModule.GetTypes(RuntimeModule module)
   at System.Reflection.Assembly.GetTypes()
   at HarmonyLib.AccessTools.GetTypesFromAssembly(Assembly assembly)
System.TypeLoadException: Could not load type 'DirectChildrenEnumerable' from assembly 'UnityEngine.CoreModule, Version=0.0.0.0, Culture=neutral, PublicKeyToken=null' because the format is invalid.
System.TypeLoadException: Could not load type '<>c' from assembly 'UnityEngine.CoreModule, Version=0.0.0.0, Culture=neutral, PublicKeyToken=null' because the format is invalid.
System.TypeLoadException: Could not load type 'IdentityAttributes' from assembly 'UnityEngine.CoreModule, Version=0.0.0.0, Culture=neutral, PublicKeyToken=null' because the format is invalid.
[Info   :Brazilian Currency Format] [Debug] ToMoneyText encontrado: System.String ToMoneyText(Single, Single, Single)
[Info   :Brazilian Coin Atlas Generator] Processando: SM_Coin_50_Cents
[Info   :Brazilian Coin UV Composer] ========================================
[Info   :Brazilian Coin UV Composer] Compondo: SM_Coin_50_Cents
[Info   :Brazilian Currency Format] [Debug] Procurando setter TMP_Text.text para diagnóstico...
[Info   :Brazilian Currency Format] [Debug] TMP_Text.text setter encontrado: Void set_text(System.String)
[Info   :Brazilian Coin Atlas Generator] SM_Coin_50_Cents | Pixels substituidos: 116254
[Info   :Brazilian Coin Atlas Generator] Processando: SM_Coin_25_Cents
[Info   :Brazilian Currency Format] [Debug] Procurando classe PosTerminal...
[Warning:  HarmonyX] AccessTools.GetTypesFromAssembly: assembly UnityEngine.CoreModule, Version=0.0.0.0, Culture=neutral, PublicKeyToken=null => System.Reflection.ReflectionTypeLoadException: Unable to load one or more of the requested types.
Could not load type 'DirectChildrenEnumerable' from assembly 'UnityEngine.CoreModule, Version=0.0.0.0, Culture=neutral, PublicKeyToken=null' because the format is invalid.
Could not load type '<>c' from assembly 'UnityEngine.CoreModule, Version=0.0.0.0, Culture=neutral, PublicKeyToken=null' because the format is invalid.
Could not load type 'IdentityAttributes' from assembly 'UnityEngine.CoreModule, Version=0.0.0.0, Culture=neutral, PublicKeyToken=null' because the format is invalid.
   at System.Reflection.RuntimeModule.GetTypes(RuntimeModule module)
   at System.Reflection.Assembly.GetTypes()
   at HarmonyLib.AccessTools.GetTypesFromAssembly(Assembly assembly)
System.TypeLoadException: Could not load type 'DirectChildrenEnumerable' from assembly 'UnityEngine.CoreModule, Version=0.0.0.0, Culture=neutral, PublicKeyToken=null' because the format is invalid.
System.TypeLoadException: Could not load type '<>c' from assembly 'UnityEngine.CoreModule, Version=0.0.0.0, Culture=neutral, PublicKeyToken=null' because the format is invalid.
System.TypeLoadException: Could not load type 'IdentityAttributes' from assembly 'UnityEngine.CoreModule, Version=0.0.0.0, Culture=neutral, PublicKeyToken=null' because the format is invalid.
[Info   :Brazilian Currency Format] [Debug] Classe PosTerminal encontrada.
[Info   :Brazilian Currency Format] [Debug] PosTerminal método: Void set_PosInteractedRemote(Boolean)
[Info   :Brazilian Currency Format] [Debug] PosTerminal método: Boolean get_EnablePosInteraction()
[Info   :Brazilian Currency Format] [Debug] PosTerminal método: Void set_EnablePosInteraction(Boolean)
[Info   :Brazilian Currency Format] [Debug] PosTerminal método: Void SwitchNumpad(Boolean)
[Info   :Brazilian Currency Format] [Debug] PosTerminal método: Void SetGamepadValues(Boolean, Boolean)
[Info   :Brazilian Currency Format] [Debug] PosTerminal método: Void Awake()
[Info   :Brazilian Currency Format] [Debug] PosTerminal método: Void Start()
[Info   :Brazilian Currency Format] [Debug] PosTerminal método: Void ControllerInitialization()
[Info   :Brazilian Currency Format] [Debug] PosTerminal método: Void SwitchGamePadParent(Boolean)
[Info   :Brazilian Currency Format] [Debug] PosTerminal método: Il2CppSystem.Collections.IEnumerator CheckKeyStroke()
[Info   :Brazilian Currency Format] [Debug] PosTerminal método: Void PrepareForCardSwipe(UnityEngine.GameObject)
[Info   :Brazilian Currency Format] [Debug] PosTerminal método: Void SwipeCard()
[Info   :Brazilian Currency Format] [Debug] PosTerminal método: Void AddChar(System.String)
[Info   :Brazilian Currency Format] [Debug] PosTerminal método: Void RemoveCharacter()
[Info   :Brazilian Currency Format] [Debug] PosTerminal método: Void Approve()
[Info   :Brazilian Currency Format] [Debug] PosTerminal método: Void PlaceCreditCard(UnityEngine.GameObject)
[Info   :Brazilian Currency Format] [Debug] PosTerminal método: Void RefreshTerminal()
[Info   :Brazilian Currency Format] [Debug] PosTerminal método: Void OnDestroy()
[Info   :Brazilian Currency Format] [Debug] PosTerminal método: Checkout get_m_Checkout()
[Info   :Brazilian Currency Format] [Debug] PosTerminal método: Void set_m_Checkout(Checkout)
[Info   :Brazilian Currency Format] [Debug] PosTerminal método: UnityEngine.GameObject get_m_gamepadParent()
[Info   :Brazilian Currency Format] [Debug] PosTerminal método: Void set_m_gamepadParent(UnityEngine.GameObject)
[Info   :Brazilian Currency Format] [Debug] PosTerminal método: UnityEngine.GameObject get_m_PosCam()
[Info   :Brazilian Currency Format] [Debug] PosTerminal método: Void set_m_PosCam(UnityEngine.GameObject)
[Info   :Brazilian Currency Format] [Debug] PosTerminal método: UnityEngine.GameObject get_m_controllerPosCam()
[Info   :Brazilian Currency Format] [Debug] PosTerminal método: Void set_m_controllerPosCam(UnityEngine.GameObject)
[Info   :Brazilian Currency Format] [Debug] PosTerminal método: TMPro.TMP_Text get_m_InputText()
[Info   :Brazilian Currency Format] [Debug] PosTerminal método: Void set_m_InputText(TMPro.TMP_Text)
[Info   :Brazilian Currency Format] [Debug] PosTerminal método: TMPro.TMP_InputField get_m_gamePadInput()
[Info   :Brazilian Currency Format] [Debug] PosTerminal método: Void set_m_gamePadInput(TMPro.TMP_InputField)
[Info   :Brazilian Currency Format] [Debug] PosTerminal método: Int32 get_m_MaxCharLimit()
[Info   :Brazilian Currency Format] [Debug] PosTerminal método: Void set_m_MaxCharLimit(Int32)
[Info   :Brazilian Currency Format] [Debug] PosTerminal método: Int32 get_m_MaxFloatingPointCharLimit()
[Info   :Brazilian Currency Format] [Debug] PosTerminal método: Void set_m_MaxFloatingPointCharLimit(Int32)
[Info   :Brazilian Currency Format] [Debug] PosTerminal método: UnityEngine.Transform get_m_CreditCardPlacedPosition()
[Info   :Brazilian Currency Format] [Debug] PosTerminal método: Void set_m_CreditCardPlacedPosition(UnityEngine.Transform)
[Info   :Brazilian Currency Format] [Debug] PosTerminal método: UnityEngine.Transform get_m_CreditCardSwipeStartPosition()
[Info   :Brazilian Currency Format] [Debug] PosTerminal método: Void set_m_CreditCardSwipeStartPosition(UnityEngine.Transform)
[Info   :Brazilian Currency Format] [Debug] PosTerminal método: UnityEngine.Transform get_m_CreditCardSwipeFinishPosition()
[Info   :Brazilian Currency Format] [Debug] PosTerminal método: Void set_m_CreditCardSwipeFinishPosition(UnityEngine.Transform)
[Info   :Brazilian Currency Format] [Debug] PosTerminal método: Il2CppInterop.Runtime.InteropTypes.Arrays.Il2CppReferenceArray`1[UnityEngine.UI.Button] get_m_Buttons()
[Info   :Brazilian Currency Format] [Debug] PosTerminal método: Void set_m_Buttons(Il2CppInterop.Runtime.InteropTypes.Arrays.Il2CppReferenceArray`1[UnityEngine.UI.Button])
[Info   :Brazilian Currency Format] [Debug] PosTerminal método: Single get_m_CreditCardPlacingAnimDuration()
[Info   :Brazilian Currency Format] [Debug] PosTerminal método: Void set_m_CreditCardPlacingAnimDuration(Single)
[Info   :Brazilian Currency Format] [Debug] PosTerminal método: Single get_m_Total()
[Info   :Brazilian Currency Format] [Debug] PosTerminal método: Void set_m_Total(Single)
[Info   :Brazilian Currency Format] [Debug] PosTerminal método: Boolean get_m_DeleteOnEdit()
[Info   :Brazilian Currency Format] [Debug] PosTerminal método: Void set_m_DeleteOnEdit(Boolean)
[Info   :Brazilian Currency Format] [Debug] PosTerminal método: UnityEngine.GameObject get_m_CurrentCard()
[Info   :Brazilian Currency Format] [Debug] PosTerminal método: Void set_m_CurrentCard(UnityEngine.GameObject)
[Info   :Brazilian Currency Format] [Debug] PosTerminal método: Boolean get_m_CheckKeyInput()
[Info   :Brazilian Currency Format] [Debug] PosTerminal método: Void set_m_CheckKeyInput(Boolean)
[Info   :Brazilian Currency Format] [Debug] PosTerminal método: Boolean get_m_isGamepad()
[Info   :Brazilian Currency Format] [Debug] PosTerminal método: Void set_m_isGamepad(Boolean)
[Info   :Brazilian Currency Format] [Debug] PosTerminal método: __Project__.Scripts.ControllerInputModule.GamePadUIPanel get_m_gamePadUIPanel()
[Info   :Brazilian Currency Format] [Debug] PosTerminal método: Void set_m_gamePadUIPanel(__Project__.Scripts.ControllerInputModule.GamePadUIPanel)
[Info   :Brazilian Currency Format] [Debug] PosTerminal método: NumpadSystem get_m_numpadUIPanel()
[Info   :Brazilian Currency Format] [Debug] PosTerminal método: Void set_m_numpadUIPanel(NumpadSystem)
[Info   :Brazilian Currency Format] [Debug] PosTerminal método: Boolean get_m_isPosInteracted()
[Info   :Brazilian Currency Format] [Debug] PosTerminal método: Void set_m_isPosInteracted(Boolean)
[Info   :Brazilian Currency Format] [Debug] PosTerminal método: Il2CppSystem.Threading.CancellationToken get_destroyCancellationToken()
[Info   :Brazilian Currency Format] [Debug] PosTerminal método: Void RaiseCancellation()
[Info   :Brazilian Currency Format] [Debug] PosTerminal método: Boolean IsInvoking()
[Info   :Brazilian Currency Format] [Debug] PosTerminal método: Void CancelInvoke()
[Info   :Brazilian Currency Format] [Debug] PosTerminal método: Void Invoke(System.String, Single)
[Info   :Brazilian Currency Format] [Debug] PosTerminal método: Void InvokeRepeating(System.String, Single, Single)
[Info   :Brazilian Currency Format] [Debug] PosTerminal método: Void CancelInvoke(System.String)
[Info   :Brazilian Currency Format] [Debug] PosTerminal método: Boolean IsInvoking(System.String)
[Info   :Brazilian Currency Format] [Debug] PosTerminal método: UnityEngine.Coroutine StartCoroutine(System.String)
[Info   :Brazilian Currency Format] [Debug] PosTerminal método: UnityEngine.Coroutine StartCoroutine(System.String, Il2CppSystem.Object)
[Info   :Brazilian Currency Format] [Debug] PosTerminal método: UnityEngine.Coroutine StartCoroutine(Il2CppSystem.Collections.IEnumerator)
[Info   :Brazilian Currency Format] [Debug] PosTerminal método: UnityEngine.Coroutine StartCoroutine_Auto(Il2CppSystem.Collections.IEnumerator)
[Info   :Brazilian Currency Format] [Debug] PosTerminal método: Void StopCoroutine(Il2CppSystem.Collections.IEnumerator)
[Info   :Brazilian Currency Format] [Debug] PosTerminal método: Void StopCoroutine(UnityEngine.Coroutine)
[Info   :Brazilian Currency Format] [Debug] PosTerminal método: Void StopCoroutine(System.String)
[Info   :Brazilian Currency Format] [Debug] PosTerminal método: Void StopAllCoroutines()
[Info   :Brazilian Currency Format] [Debug] PosTerminal método: Boolean get_useGUILayout()
[Info   :Brazilian Currency Format] [Debug] PosTerminal método: Void set_useGUILayout(Boolean)
[Info   :Brazilian Currency Format] [Debug] PosTerminal método: Boolean get_didStart()
[Info   :Brazilian Currency Format] [Debug] PosTerminal método: Boolean get_didAwake()
[Info   :Brazilian Currency Format] [Debug] PosTerminal método: UnityEngine.Coroutine StartCoroutineManaged(System.String, Il2CppSystem.Object)
[Info   :Brazilian Currency Format] [Debug] PosTerminal método: UnityEngine.Coroutine StartCoroutineManaged2(Il2CppSystem.Collections.IEnumerator)
[Info   :Brazilian Currency Format] [Debug] PosTerminal método: Void StopCoroutineManaged(UnityEngine.Coroutine)
[Info   :Brazilian Currency Format] [Debug] PosTerminal método: Void StopCoroutineFromEnumeratorManaged(Il2CppSystem.Collections.IEnumerator)
[Info   :Brazilian Currency Format] [Debug] PosTerminal método: System.String GetScriptClassName()
[Info   :Brazilian Currency Format] [Debug] PosTerminal método: Void OnCancellationTokenCreated()
[Info   :Brazilian Currency Format] [Debug] PosTerminal método: Il2CppSystem.Threading.CancellationTokenSource get_m_CancellationTokenSource()
[Info   :Brazilian Currency Format] [Debug] PosTerminal método: Void set_m_CancellationTokenSource(Il2CppSystem.Threading.CancellationTokenSource)
[Info   :Brazilian Currency Format] [Debug] PosTerminal método: Boolean get_enabled()
[Info   :Brazilian Currency Format] [Debug] PosTerminal método: Void set_enabled(Boolean)
[Info   :Brazilian Currency Format] [Debug] PosTerminal método: Boolean get_isActiveAndEnabled()
[Info   :Brazilian Currency Format] [Debug] PosTerminal método: UnityEngine.Transform get_transform()
[Info   :Brazilian Currency Format] [Debug] PosTerminal método: UnityEngine.GameObject get_gameObject()
[Info   :Brazilian Currency Format] [Debug] PosTerminal método: UnityEngine.Component GetComponent(Il2CppSystem.Type)
[Info   :Brazilian Currency Format] [Debug] PosTerminal método: Void GetComponentFastPath(Il2CppSystem.Type, IntPtr)
[Info   :Brazilian Currency Format] [Debug] PosTerminal método: T GetComponent[T]()
[Info   :Brazilian Currency Format] [Debug] PosTerminal método: Boolean TryGetComponent(Il2CppSystem.Type, UnityEngine.Component ByRef)
[Info   :Brazilian Currency Format] [Debug] PosTerminal método: Boolean TryGetComponent[T](T ByRef)
[Info   :Brazilian Currency Format] [Debug] PosTerminal método: UnityEngine.Component GetComponentInChildren(Il2CppSystem.Type, Boolean)
[Info   :Brazilian Currency Format] [Debug] PosTerminal método: T GetComponentInChildren[T](Boolean)
[Info   :Brazilian Currency Format] [Debug] PosTerminal método: T GetComponentInChildren[T]()
[Info   :Brazilian Currency Format] [Debug] PosTerminal método: Il2CppInterop.Runtime.InteropTypes.Arrays.Il2CppArrayBase`1[T] GetComponentsInChildren[T](Boolean)
[Info   :Brazilian Currency Format] [Debug] PosTerminal método: Void GetComponentsInChildren[T](Boolean, Il2CppSystem.Collections.Generic.List`1[T])
[Info   :Brazilian Currency Format] [Debug] PosTerminal método: Il2CppInterop.Runtime.InteropTypes.Arrays.Il2CppArrayBase`1[T] GetComponentsInChildren[T]()
[Info   :Brazilian Currency Format] [Debug] PosTerminal método: Void GetComponentsInChildren[T](Il2CppSystem.Collections.Generic.List`1[T])
[Info   :Brazilian Currency Format] [Debug] PosTerminal método: UnityEngine.Component GetComponentInParent(Il2CppSystem.Type, Boolean)
[Info   :Brazilian Currency Format] [Debug] PosTerminal método: T GetComponentInParent[T](Boolean)
[Info   :Brazilian Currency Format] [Debug] PosTerminal método: T GetComponentInParent[T]()
[Info   :Brazilian Currency Format] [Debug] PosTerminal método: Il2CppInterop.Runtime.InteropTypes.Arrays.Il2CppArrayBase`1[T] GetComponentsInParent[T](Boolean)
[Info   :Brazilian Currency Format] [Debug] PosTerminal método: Void GetComponentsInParent[T](Boolean, Il2CppSystem.Collections.Generic.List`1[T])
[Info   :Brazilian Currency Format] [Debug] PosTerminal método: Il2CppInterop.Runtime.InteropTypes.Arrays.Il2CppArrayBase`1[T] GetComponentsInParent[T]()
[Info   :Brazilian Currency Format] [Debug] PosTerminal método: Void GetComponentsForListInternal(Il2CppSystem.Type, Il2CppSystem.Object)
[Info   :Brazilian Currency Format] [Debug] PosTerminal método: Void GetComponents(Il2CppSystem.Type, Il2CppSystem.Collections.Generic.List`1[UnityEngine.Component])
[Info   :Brazilian Currency Format] [Debug] PosTerminal método: Void GetComponents[T](Il2CppSystem.Collections.Generic.List`1[T])
[Info   :Brazilian Currency Format] [Debug] PosTerminal método: System.String get_tag()
[Info   :Brazilian Currency Format] [Debug] PosTerminal método: Void set_tag(System.String)
[Info   :Brazilian Currency Format] [Debug] PosTerminal método: Il2CppInterop.Runtime.InteropTypes.Arrays.Il2CppArrayBase`1[T] GetComponents[T]()
[Info   :Brazilian Currency Format] [Debug] PosTerminal método: Boolean CompareTag(System.String)
[Info   :Brazilian Currency Format] [Debug] PosTerminal método: Void SendMessage(System.String, Il2CppSystem.Object)
[Info   :Brazilian Currency Format] [Debug] PosTerminal método: Void SendMessage(System.String)
[Info   :Brazilian Currency Format] [Debug] PosTerminal método: Void SendMessage(System.String, Il2CppSystem.Object, UnityEngine.SendMessageOptions)
[Info   :Brazilian Currency Format] [Debug] PosTerminal método: Void BroadcastMessage(System.String, Il2CppSystem.Object, UnityEngine.SendMessageOptions)
[Info   :Brazilian Currency Format] [Debug] PosTerminal método: UnityEngine.Component GetComponent(System.String)
[Info   :Brazilian Currency Format] [Debug] PosTerminal método: UnityEngine.Component GetComponentInChildren(Il2CppSystem.Type)
[Info   :Brazilian Currency Format] [Debug] PosTerminal método: Il2CppInterop.Runtime.InteropTypes.Arrays.Il2CppReferenceArray`1[UnityEngine.Component] GetComponentsInChildren(Il2CppSystem.Type, Boolean)
[Info   :Brazilian Currency Format] [Debug] PosTerminal método: Il2CppInterop.Runtime.InteropTypes.Arrays.Il2CppReferenceArray`1[UnityEngine.Component] GetComponentsInChildren(Il2CppSystem.Type)
[Info   :Brazilian Currency Format] [Debug] PosTerminal método: UnityEngine.Component GetComponentInParent(Il2CppSystem.Type)
[Info   :Brazilian Currency Format] [Debug] PosTerminal método: Il2CppInterop.Runtime.InteropTypes.Arrays.Il2CppReferenceArray`1[UnityEngine.Component] GetComponentsInParent(Il2CppSystem.Type, Boolean)
[Info   :Brazilian Currency Format] [Debug] PosTerminal método: Il2CppInterop.Runtime.InteropTypes.Arrays.Il2CppReferenceArray`1[UnityEngine.Component] GetComponentsInParent(Il2CppSystem.Type)
[Info   :Brazilian Currency Format] [Debug] PosTerminal método: Il2CppInterop.Runtime.InteropTypes.Arrays.Il2CppReferenceArray`1[UnityEngine.Component] GetComponents(Il2CppSystem.Type)
[Info   :Brazilian Currency Format] [Debug] PosTerminal método: Int32 GetComponentIndex()
[Info   :Brazilian Currency Format] [Debug] PosTerminal método: Void SendMessageUpwards(System.String, Il2CppSystem.Object, UnityEngine.SendMessageOptions)
[Info   :Brazilian Currency Format] [Debug] PosTerminal método: Void SendMessageUpwards(System.String, Il2CppSystem.Object)
[Info   :Brazilian Currency Format] [Debug] PosTerminal método: Void SendMessageUpwards(System.String)
[Info   :Brazilian Currency Format] [Debug] PosTerminal método: Void SendMessageUpwards(System.String, UnityEngine.SendMessageOptions)
[Info   :Brazilian Currency Format] [Debug] PosTerminal método: Void SendMessage(System.String, UnityEngine.SendMessageOptions)
[Info   :Brazilian Currency Format] [Debug] PosTerminal método: Void BroadcastMessage(System.String, Il2CppSystem.Object)
[Info   :Brazilian Currency Format] [Debug] PosTerminal método: Void BroadcastMessage(System.String)
[Info   :Brazilian Currency Format] [Debug] PosTerminal método: Void BroadcastMessage(System.String, UnityEngine.SendMessageOptions)
[Info   :Brazilian Currency Format] [Debug] PosTerminal método: System.String ToString()
[Info   :Brazilian Currency Format] [Debug] PosTerminal método: System.String GetName()
[Info   :Brazilian Currency Format] [Debug] PosTerminal método: Void SetName(System.String)
[Info   :Brazilian Currency Format] [Debug] PosTerminal método: Void MarkDirty()
[Info   :Brazilian Currency Format] [Debug] PosTerminal método: IntPtr get_m_CachedPtr()
[Info   :Brazilian Currency Format] [Debug] PosTerminal método: Void set_m_CachedPtr(IntPtr)
[Info   :Brazilian Currency Format] [Debug] PosTerminal método: UnityEngine.EntityId GetEntityId()
[Info   :Brazilian Currency Format] [Debug] PosTerminal método: Int32 GetInstanceID()
[Info   :Brazilian Currency Format] [Debug] PosTerminal método: Int32 GetHashCode()
[Info   :Brazilian Currency Format] [Debug] PosTerminal método: Boolean Equals(Il2CppSystem.Object)
[Info   :Brazilian Currency Format] [Debug] PosTerminal método: Void EnsureRunningOnMainThread()
[Info   :Brazilian Currency Format] [Debug] PosTerminal método: IntPtr GetCachedPtr()
[Info   :Brazilian Currency Format] [Debug] PosTerminal método: System.String get_name()
[Info   :Brazilian Currency Format] [Debug] PosTerminal método: Void set_name(System.String)
[Info   :Brazilian Currency Format] [Debug] PosTerminal método: UnityEngine.HideFlags get_hideFlags()
[Info   :Brazilian Currency Format] [Debug] PosTerminal método: Void set_hideFlags(UnityEngine.HideFlags)
[Info   :Brazilian Currency Format] [Debug] PosTerminal método: Void Finalize()
[Info   :Brazilian Currency Format] [Debug] PosTerminal método: Il2CppSystem.Type GetIl2CppType()
[Info   :Brazilian Currency Format] [Debug] PosTerminal método: Il2CppSystem.Object MemberwiseClone()
[Info   :Brazilian Currency Format] [Debug] PosTerminal método: Void FieldGetter(System.String, System.String, Il2CppSystem.Object ByRef)
[Info   :Brazilian Currency Format] [Debug] PosTerminal método: Void FieldSetter(System.String, System.String, Il2CppSystem.Object)
[Info   :Brazilian Currency Format] [Debug] PosTerminal método: IntPtr get_ObjectClass()
[Info   :Brazilian Currency Format] [Debug] PosTerminal método: IntPtr get_Pointer()
[Info   :Brazilian Currency Format] [Debug] PosTerminal método: Boolean get_WasCollected()
[Info   :Brazilian Currency Format] [Debug] PosTerminal método: Void CreateGCHandle(IntPtr)
[Info   :Brazilian Currency Format] [Debug] PosTerminal método: T Cast[T]()
[Info   :Brazilian Currency Format] [Debug] PosTerminal método: T Unbox[T]()
[Info   :Brazilian Currency Format] [Debug] PosTerminal método: T TryCast[T]()
[Info   :Brazilian Currency Format] [Debug] PosTerminal método: Void Finalize()
[Info   :Brazilian Currency Format] [Debug] PosTerminal método: System.Type GetType()
[Info   :Brazilian Currency Format] [Debug] PosTerminal método: System.Object MemberwiseClone()
[Info   :Brazilian Currency Format] [Debug] PosTerminal método: System.String ToString()
[Info   :Brazilian Currency Format] [Debug] PosTerminal método: Boolean Equals(System.Object)
[Info   :Brazilian Currency Format] [Debug] PosTerminal método: Int32 GetHashCode()
[Info   :Brazilian Currency Format] [Debug] PosTerminal.Start() encontrado: Void Start()
[Info   :Brazilian Coin Atlas Generator] SM_Coin_25_Cents | Pixels substituidos: 73375
[Info   :Brazilian Coin Atlas Generator] Processando: SM_Coin_10_Cents
[Warning:  HarmonyX] AccessTools.GetTypesFromAssembly: assembly UnityEngine.CoreModule, Version=0.0.0.0, Culture=neutral, PublicKeyToken=null => System.Reflection.ReflectionTypeLoadException: Unable to load one or more of the requested types.
Could not load type 'DirectChildrenEnumerable' from assembly 'UnityEngine.CoreModule, Version=0.0.0.0, Culture=neutral, PublicKeyToken=null' because the format is invalid.
Could not load type '<>c' from assembly 'UnityEngine.CoreModule, Version=0.0.0.0, Culture=neutral, PublicKeyToken=null' because the format is invalid.
Could not load type 'IdentityAttributes' from assembly 'UnityEngine.CoreModule, Version=0.0.0.0, Culture=neutral, PublicKeyToken=null' because the format is invalid.
   at System.Reflection.RuntimeModule.GetTypes(RuntimeModule module)
   at System.Reflection.Assembly.GetTypes()
   at HarmonyLib.AccessTools.GetTypesFromAssembly(Assembly assembly)
System.TypeLoadException: Could not load type 'DirectChildrenEnumerable' from assembly 'UnityEngine.CoreModule, Version=0.0.0.0, Culture=neutral, PublicKeyToken=null' because the format is invalid.
System.TypeLoadException: Could not load type '<>c' from assembly 'UnityEngine.CoreModule, Version=0.0.0.0, Culture=neutral, PublicKeyToken=null' because the format is invalid.
System.TypeLoadException: Could not load type 'IdentityAttributes' from assembly 'UnityEngine.CoreModule, Version=0.0.0.0, Culture=neutral, PublicKeyToken=null' because the format is invalid.
[Info   :Brazilian Coin Atlas Generator] SM_Coin_10_Cents | Pixels substituidos: 37523
[Info   :Brazilian Coin Atlas Generator] Processando: SM_Coin_5_Cents
[Info   :Brazilian Currency Format] [Debug] PosTerminal.AddChar(string) encontrado: Void AddChar(System.String)
[Warning:  HarmonyX] AccessTools.GetTypesFromAssembly: assembly UnityEngine.CoreModule, Version=0.0.0.0, Culture=neutral, PublicKeyToken=null => System.Reflection.ReflectionTypeLoadException: Unable to load one or more of the requested types.
Could not load type 'DirectChildrenEnumerable' from assembly 'UnityEngine.CoreModule, Version=0.0.0.0, Culture=neutral, PublicKeyToken=null' because the format is invalid.
Could not load type '<>c' from assembly 'UnityEngine.CoreModule, Version=0.0.0.0, Culture=neutral, PublicKeyToken=null' because the format is invalid.
Could not load type 'IdentityAttributes' from assembly 'UnityEngine.CoreModule, Version=0.0.0.0, Culture=neutral, PublicKeyToken=null' because the format is invalid.
   at System.Reflection.RuntimeModule.GetTypes(RuntimeModule module)
   at System.Reflection.Assembly.GetTypes()
   at HarmonyLib.AccessTools.GetTypesFromAssembly(Assembly assembly)
System.TypeLoadException: Could not load type 'DirectChildrenEnumerable' from assembly 'UnityEngine.CoreModule, Version=0.0.0.0, Culture=neutral, PublicKeyToken=null' because the format is invalid.
System.TypeLoadException: Could not load type '<>c' from assembly 'UnityEngine.CoreModule, Version=0.0.0.0, Culture=neutral, PublicKeyToken=null' because the format is invalid.
System.TypeLoadException: Could not load type 'IdentityAttributes' from assembly 'UnityEngine.CoreModule, Version=0.0.0.0, Culture=neutral, PublicKeyToken=null' because the format is invalid.
[Info   :Brazilian Currency Format] [Debug] PosTerminal.RemoveCharacter() encontrado: Void RemoveCharacter()
[Info   :Brazilian Coin Atlas Generator] SM_Coin_5_Cents | Pixels substituidos: 68292
[Info   :Brazilian Coin Atlas Generator] Processando: SM_Coin_1_Cent
[Info   :Brazilian Currency Format] Brazilian Currency Format 1.0.0 carregado.
[Info   :   BepInEx] Loading [Currency Asset Analyzer 8.2.3]
[Info   :Currency Asset Analyzer] ========================================
[Info   :Currency Asset Analyzer] Currency Asset Analyzer v8.2.3
[Info   :Currency Asset Analyzer] ========================================
[Info   :Currency Asset Analyzer] Modo: engenharia reversa exclusiva de MoneyPack.
[Info   :Currency Asset Analyzer] Objetivo: identificar e extrair texturas reais.
[Info   :Currency Asset Analyzer] Scan global de GameObjects: DESATIVADO.
[Info   :Currency Asset Analyzer] Extracao via Graphics.Blit: ATIVADA.
[Info   :Currency Asset Analyzer] Codificacao PNG interna: ATIVADA.
[Info   :Currency Asset Analyzer] Texture2D obrigatoria como origem: DESATIVADA.
[Info   :Currency Asset Analyzer] Sincronizacao do repositorio: ATIVADA.
[Info   :Currency Asset Analyzer] Relatorios: B:\SteamLibrary\steamapps\common\Supermarket Simulator\BepInEx\plugins\CurrencyAssetAnalyzer\AnalyzerV8
[Info   :Currency Asset Analyzer] Texturas: B:\SteamLibrary\steamapps\common\Supermarket Simulator\BepInEx\plugins\CurrencyAssetAnalyzer\AnalyzerV8\Textures
[Info   :Currency Asset Analyzer] Destino: C:\Users\natan\Documents\Mods\SupermarketSimulator\CurrencyAssetAnalyzer
[Warning:  HarmonyX] AccessTools.GetTypesFromAssembly: assembly UnityEngine.CoreModule, Version=0.0.0.0, Culture=neutral, PublicKeyToken=null => System.Reflection.ReflectionTypeLoadException: Unable to load one or more of the requested types.
Could not load type 'DirectChildrenEnumerable' from assembly 'UnityEngine.CoreModule, Version=0.0.0.0, Culture=neutral, PublicKeyToken=null' because the format is invalid.
Could not load type '<>c' from assembly 'UnityEngine.CoreModule, Version=0.0.0.0, Culture=neutral, PublicKeyToken=null' because the format is invalid.
Could not load type 'IdentityAttributes' from assembly 'UnityEngine.CoreModule, Version=0.0.0.0, Culture=neutral, PublicKeyToken=null' because the format is invalid.
   at System.Reflection.RuntimeModule.GetTypes(RuntimeModule module)
   at System.Reflection.Assembly.GetTypes()
   at HarmonyLib.AccessTools.GetTypesFromAssembly(Assembly assembly)
System.TypeLoadException: Could not load type 'DirectChildrenEnumerable' from assembly 'UnityEngine.CoreModule, Version=0.0.0.0, Culture=neutral, PublicKeyToken=null' because the format is invalid.
System.TypeLoadException: Could not load type '<>c' from assembly 'UnityEngine.CoreModule, Version=0.0.0.0, Culture=neutral, PublicKeyToken=null' because the format is invalid.
System.TypeLoadException: Could not load type 'IdentityAttributes' from assembly 'UnityEngine.CoreModule, Version=0.0.0.0, Culture=neutral, PublicKeyToken=null' because the format is invalid.
[Info   :Currency Asset Analyzer] CheckoutChangeManager encontrado: CheckoutChangeManager
[Info   :Currency Asset Analyzer] SpawnMoney selecionado: Void SpawnMoney(MoneyPack, Boolean)
[Info   :Brazilian Coin Atlas Generator] SM_Coin_1_Cent | Pixels substituidos: 45378
[Info   :Currency Asset Analyzer] Patch de SpawnMoney aplicado com sucesso.
[Info   :   BepInEx] Loading [Currency Atlas Mapper 2.0.0]
[Info   :Currency Atlas Mapper] ========================================
[Info   :Currency Atlas Mapper] Currency Atlas Mapper v2.0.0
[Info   :Currency Atlas Mapper] ========================================
[Info   :Currency Atlas Mapper] Metodo: Renderer real + Camera real.
[Info   :Currency Atlas Mapper] Mesh.uv direto: NAO UTILIZADO.
[Info   :Currency Atlas Mapper] Camera artificial: DESATIVADA.
[Info   :Currency Atlas Mapper] Probe artificial: DESATIVADO.
[Info   :Currency Atlas Mapper] Captura diagnostica U/V: ATIVADA.
[Info   :Currency Atlas Mapper] Saida: B:\SteamLibrary\steamapps\common\Supermarket Simulator\BepInEx\plugins\CurrencyAssetAnalyzer\AnalyzerV9\AtlasMapping
[Info   :Brazilian Coin UV Composer] Componentes detectados: 3
[Info   :Brazilian Coin UV Composer] Side: Pixels=14858 | X=31..49 | Y=23..804
[Info   :Brazilian Coin UV Composer] Face A: Pixels=50702 | X=134..387 | Y=291..544
[Info   :Brazilian Coin UV Composer] Face B: Pixels=50694 | X=134..387 | Y=24..277
[Info   :Brazilian Coin Atlas Generator] ========================================
[Info   :Brazilian Coin Atlas Generator] SUBSTITUICAO DE TESTE CONCLUIDA.
[Info   :Brazilian Coin Atlas Generator] Pixels totais substituidos: 340822
[Info   :Brazilian Coin Atlas Generator] Atlas: B:\SteamLibrary\steamapps\common\Supermarket Simulator\BepInEx\plugins\CurrencyAssetAnalyzer\BrazilianCoinAtlas\BrazilianCoinAtlas_TEST.png
[Info   :Brazilian Coin Atlas Generator] Preview: B:\SteamLibrary\steamapps\common\Supermarket Simulator\BepInEx\plugins\CurrencyAssetAnalyzer\BrazilianCoinAtlas\BrazilianCoinAtlas_MASK_PREVIEW.png
[Info   :Brazilian Coin Atlas Generator] ========================================
[Info   :Brazilian Coin UV Composer] PrepareSource: 1354x738 | Content=343x345 | Trimmed=339x341 | Output=254x254 | Draw=251x252
[Info   :Currency Atlas Mapper] Sincronizado: C:\Users\natan\Documents\Mods\SupermarketSimulator\CurrencyAssetAnalyzer\Reports\AtlasMapping\UV_Diagnostic_1024.png
[Info   :Currency Atlas Mapper] Textura diagnostica criada.
[Warning:  HarmonyX] AccessTools.GetTypesFromAssembly: assembly UnityEngine.CoreModule, Version=0.0.0.0, Culture=neutral, PublicKeyToken=null => System.Reflection.ReflectionTypeLoadException: Unable to load one or more of the requested types.
Could not load type 'DirectChildrenEnumerable' from assembly 'UnityEngine.CoreModule, Version=0.0.0.0, Culture=neutral, PublicKeyToken=null' because the format is invalid.
Could not load type '<>c' from assembly 'UnityEngine.CoreModule, Version=0.0.0.0, Culture=neutral, PublicKeyToken=null' because the format is invalid.
Could not load type 'IdentityAttributes' from assembly 'UnityEngine.CoreModule, Version=0.0.0.0, Culture=neutral, PublicKeyToken=null' because the format is invalid.
   at System.Reflection.RuntimeModule.GetTypes(RuntimeModule module)
   at System.Reflection.Assembly.GetTypes()
   at HarmonyLib.AccessTools.GetTypesFromAssembly(Assembly assembly)
System.TypeLoadException: Could not load type 'DirectChildrenEnumerable' from assembly 'UnityEngine.CoreModule, Version=0.0.0.0, Culture=neutral, PublicKeyToken=null' because the format is invalid.
System.TypeLoadException: Could not load type '<>c' from assembly 'UnityEngine.CoreModule, Version=0.0.0.0, Culture=neutral, PublicKeyToken=null' because the format is invalid.
System.TypeLoadException: Could not load type 'IdentityAttributes' from assembly 'UnityEngine.CoreModule, Version=0.0.0.0, Culture=neutral, PublicKeyToken=null' because the format is invalid.
[Info   :Currency Atlas Mapper] Patch de SpawnMoney aplicado.
[Info   :   BepInEx] Loading [Currency Atlas Mask Generator 1.0.0]
[Info   :Currency Atlas Mask Generator] ========================================
[Info   :Currency Atlas Mask Generator] Currency Atlas Mask Generator v1.0.0
[Info   :Currency Atlas Mask Generator] ========================================
[Info   :Currency Atlas Mask Generator] Objetivo: rasterizar os triangulos UV reais.
[Info   :Currency Atlas Mask Generator] Atlas: 2048x2048
[Info   :Currency Atlas Mask Generator] Fonte: AtlasTriangleMapper.
[Info   :Currency Atlas Mask Generator] Metodo: rasterizacao CPU dos triangulos UV.
[Info   :Currency Atlas Mask Generator] Mesh original: NAO ALTERADO.
[Info   :Currency Atlas Mask Generator] UV original: NAO ALTERADO.
[Info   :Currency Atlas Mask Generator] Material original: NAO ALTERADO.
[Info   :Currency Atlas Mask Generator] Textura original: NAO ALTERADA.
[Info   :Currency Atlas Mask Generator] Saida: B:\SteamLibrary\steamapps\common\Supermarket Simulator\BepInEx\plugins\CurrencyAssetAnalyzer\AnalyzerV10\AtlasMasks
[Info   :Currency Atlas Mask Generator] Monitoramento do TriangleReport iniciado.
[Info   :   BepInEx] Loading [Mesh API Probe 1.0.0]
[Info   :Mesh API Probe] ========================================
[Info   :Mesh API Probe] Mesh API Probe v1.0.0
[Info   :Mesh API Probe] ========================================
[Warning:  HarmonyX] AccessTools.GetTypesFromAssembly: assembly UnityEngine.CoreModule, Version=0.0.0.0, Culture=neutral, PublicKeyToken=null => System.Reflection.ReflectionTypeLoadException: Unable to load one or more of the requested types.
Could not load type 'DirectChildrenEnumerable' from assembly 'UnityEngine.CoreModule, Version=0.0.0.0, Culture=neutral, PublicKeyToken=null' because the format is invalid.
Could not load type '<>c' from assembly 'UnityEngine.CoreModule, Version=0.0.0.0, Culture=neutral, PublicKeyToken=null' because the format is invalid.
Could not load type 'IdentityAttributes' from assembly 'UnityEngine.CoreModule, Version=0.0.0.0, Culture=neutral, PublicKeyToken=null' because the format is invalid.
   at System.Reflection.RuntimeModule.GetTypes(RuntimeModule module)
   at System.Reflection.Assembly.GetTypes()
   at HarmonyLib.AccessTools.GetTypesFromAssembly(Assembly assembly)
System.TypeLoadException: Could not load type 'DirectChildrenEnumerable' from assembly 'UnityEngine.CoreModule, Version=0.0.0.0, Culture=neutral, PublicKeyToken=null' because the format is invalid.
System.TypeLoadException: Could not load type '<>c' from assembly 'UnityEngine.CoreModule, Version=0.0.0.0, Culture=neutral, PublicKeyToken=null' because the format is invalid.
System.TypeLoadException: Could not load type 'IdentityAttributes' from assembly 'UnityEngine.CoreModule, Version=0.0.0.0, Culture=neutral, PublicKeyToken=null' because the format is invalid.
[Info   :Mesh API Probe] Patch aplicado.
[Info   :   BepInEx] Loading [Currency Mesh Fingerprint 3.0.1]
[Info   :Currency Mesh Fingerprint] ========================================
[Info   :Currency Mesh Fingerprint] Currency Mesh Fingerprint v3.0.1
[Info   :Currency Mesh Fingerprint] ========================================
[Info   :Currency Mesh Fingerprint] GetVertices(List): ATIVADO.
[Info   :Currency Mesh Fingerprint] GetNormals(List): ATIVADO.
[Info   :Currency Mesh Fingerprint] GetTangents(List): ATIVADO.
[Info   :Currency Mesh Fingerprint] GetUVs(List): ATIVADO.
[Info   :Currency Mesh Fingerprint] Arrays diretos mesh.vertices: DESATIVADOS.
[Info   :Currency Mesh Fingerprint] Arrays diretos mesh.normals: DESATIVADOS.
[Info   :Currency Mesh Fingerprint] Arrays diretos mesh.tangents: DESATIVADOS.
[Info   :Currency Mesh Fingerprint] Arrays diretos mesh.uv: DESATIVADOS.
[Info   :Currency Mesh Fingerprint] Hash normalizado: ATIVADO.
[Info   :Currency Mesh Fingerprint] Saida: B:\SteamLibrary\steamapps\common\Supermarket Simulator\BepInEx\plugins\CurrencyAssetAnalyzer\MeshFingerprint
[Warning:  HarmonyX] AccessTools.GetTypesFromAssembly: assembly UnityEngine.CoreModule, Version=0.0.0.0, Culture=neutral, PublicKeyToken=null => System.Reflection.ReflectionTypeLoadException: Unable to load one or more of the requested types.
Could not load type 'DirectChildrenEnumerable' from assembly 'UnityEngine.CoreModule, Version=0.0.0.0, Culture=neutral, PublicKeyToken=null' because the format is invalid.
Could not load type '<>c' from assembly 'UnityEngine.CoreModule, Version=0.0.0.0, Culture=neutral, PublicKeyToken=null' because the format is invalid.
Could not load type 'IdentityAttributes' from assembly 'UnityEngine.CoreModule, Version=0.0.0.0, Culture=neutral, PublicKeyToken=null' because the format is invalid.
   at System.Reflection.RuntimeModule.GetTypes(RuntimeModule module)
   at System.Reflection.Assembly.GetTypes()
   at HarmonyLib.AccessTools.GetTypesFromAssembly(Assembly assembly)
System.TypeLoadException: Could not load type 'DirectChildrenEnumerable' from assembly 'UnityEngine.CoreModule, Version=0.0.0.0, Culture=neutral, PublicKeyToken=null' because the format is invalid.
System.TypeLoadException: Could not load type '<>c' from assembly 'UnityEngine.CoreModule, Version=0.0.0.0, Culture=neutral, PublicKeyToken=null' because the format is invalid.
System.TypeLoadException: Could not load type 'IdentityAttributes' from assembly 'UnityEngine.CoreModule, Version=0.0.0.0, Culture=neutral, PublicKeyToken=null' because the format is invalid.
[Info   :Brazilian Coin UV Composer] PrepareSource: 1354x738 | Content=329x332 | Trimmed=325x328 | Output=254x254 | Draw=250x252
[Info   :Currency Mesh Fingerprint] Patch de SpawnMoney aplicado.
[Info   :   BepInEx] Loading [Mesh GPU Probe 1.0.0]
[Info   :Mesh GPU Probe] ========================================
[Info   :Mesh GPU Probe] Mesh GPU Probe v1.0.0
[Info   :Mesh GPU Probe] ========================================
[Warning:  HarmonyX] AccessTools.GetTypesFromAssembly: assembly UnityEngine.CoreModule, Version=0.0.0.0, Culture=neutral, PublicKeyToken=null => System.Reflection.ReflectionTypeLoadException: Unable to load one or more of the requested types.
Could not load type 'DirectChildrenEnumerable' from assembly 'UnityEngine.CoreModule, Version=0.0.0.0, Culture=neutral, PublicKeyToken=null' because the format is invalid.
Could not load type '<>c' from assembly 'UnityEngine.CoreModule, Version=0.0.0.0, Culture=neutral, PublicKeyToken=null' because the format is invalid.
Could not load type 'IdentityAttributes' from assembly 'UnityEngine.CoreModule, Version=0.0.0.0, Culture=neutral, PublicKeyToken=null' because the format is invalid.
   at System.Reflection.RuntimeModule.GetTypes(RuntimeModule module)
   at System.Reflection.Assembly.GetTypes()
   at HarmonyLib.AccessTools.GetTypesFromAssembly(Assembly assembly)
System.TypeLoadException: Could not load type 'DirectChildrenEnumerable' from assembly 'UnityEngine.CoreModule, Version=0.0.0.0, Culture=neutral, PublicKeyToken=null' because the format is invalid.
System.TypeLoadException: Could not load type '<>c' from assembly 'UnityEngine.CoreModule, Version=0.0.0.0, Culture=neutral, PublicKeyToken=null' because the format is invalid.
System.TypeLoadException: Could not load type 'IdentityAttributes' from assembly 'UnityEngine.CoreModule, Version=0.0.0.0, Culture=neutral, PublicKeyToken=null' because the format is invalid.
[Info   :Mesh GPU Probe] Patch aplicado.
[Info   :   BepInEx] Loading [Mesh GPU Readback Probe 1.0.0]
[Info   :Mesh GPU Readback Probe] ========================================
[Info   :Mesh GPU Readback Probe] Mesh GPU Readback Probe v1.0.0
[Info   :Mesh GPU Readback Probe] ========================================
[Info   :Mesh GPU Readback Probe] AsyncGPUReadback: ATIVADO.
[Info   :Mesh GPU Readback Probe] Objetivo: ler Vertex Buffer diretamente da GPU.
[Info   :Mesh GPU Readback Probe] UV0 esperado no Offset 40.
[Info   :Mesh GPU Readback Probe] Stride esperado: 48.
[Warning:  HarmonyX] AccessTools.GetTypesFromAssembly: assembly UnityEngine.CoreModule, Version=0.0.0.0, Culture=neutral, PublicKeyToken=null => System.Reflection.ReflectionTypeLoadException: Unable to load one or more of the requested types.
Could not load type 'DirectChildrenEnumerable' from assembly 'UnityEngine.CoreModule, Version=0.0.0.0, Culture=neutral, PublicKeyToken=null' because the format is invalid.
Could not load type '<>c' from assembly 'UnityEngine.CoreModule, Version=0.0.0.0, Culture=neutral, PublicKeyToken=null' because the format is invalid.
Could not load type 'IdentityAttributes' from assembly 'UnityEngine.CoreModule, Version=0.0.0.0, Culture=neutral, PublicKeyToken=null' because the format is invalid.
   at System.Reflection.RuntimeModule.GetTypes(RuntimeModule module)
   at System.Reflection.Assembly.GetTypes()
   at HarmonyLib.AccessTools.GetTypesFromAssembly(Assembly assembly)
System.TypeLoadException: Could not load type 'DirectChildrenEnumerable' from assembly 'UnityEngine.CoreModule, Version=0.0.0.0, Culture=neutral, PublicKeyToken=null' because the format is invalid.
System.TypeLoadException: Could not load type '<>c' from assembly 'UnityEngine.CoreModule, Version=0.0.0.0, Culture=neutral, PublicKeyToken=null' because the format is invalid.
System.TypeLoadException: Could not load type 'IdentityAttributes' from assembly 'UnityEngine.CoreModule, Version=0.0.0.0, Culture=neutral, PublicKeyToken=null' because the format is invalid.
[Info   :Mesh GPU Readback Probe] Patch de SpawnMoney aplicado.
[Info   :   BepInEx] Loading [Money Material Probe 1.1.0]
[Info   :Money Material Probe] ========================================
[Info   :Money Material Probe] Money Material Probe v1.1.0
[Info   :Money Material Probe] ========================================
[Info   :Money Material Probe] Objetivo: identificar Renderer, Material e textura usados pelos MoneyPack.
[Info   :Money Material Probe] Metodo: SpawnMoney + analise IL2CPP do objeto recebido.
[Info   :Money Material Probe] Mesh: NAO ALTERADO.
[Info   :Money Material Probe] UV: NAO ALTERADO.
[Info   :Money Material Probe] Material: NAO ALTERADO.
[Info   :Money Material Probe] Textura: NAO ALTERADA.
[Info   :Money Material Probe] Relatorio inicializado:
[Info   :Money Material Probe] B:\SteamLibrary\steamapps\common\Supermarket Simulator\BepInEx\plugins\CurrencyAssetAnalyzer\MoneyMaterialProbe\MoneyMaterialProbeReport.txt
[Info   :Money Material Probe] CheckoutChangeManager encontrado: CheckoutChangeManager
[Info   :Money Material Probe] SpawnMoney encontrado:
[Info   :Money Material Probe] Void SpawnMoney(MoneyPack, Boolean)
[Info   :Money Material Probe] Parametros de SpawnMoney: 2
[Info   :Money Material Probe]   [0] MoneyPack moneyPack
[Info   :Money Material Probe]   [1] System.Boolean isCoin
[Info   :Money Material Probe] Patch de SpawnMoney aplicado.
[Info   :   BepInEx] Loading [Game Info 1.0.1]
[Message: Game Info] Game Name: Supermarket Simulator
[Message: Game Info] Game Developer: Nokta Games
[Message: Game Info] Game Version: v1.6.0(223)
[Info   :   BepInEx] Loading [Timestamp 3.0.1]
[Info   :   BepInEx] Loading [File Tree 2.0.0]
[Info   : File Tree] File Tree logging is enabled.
[Warning:  HarmonyX] AccessTools.GetTypesFromAssembly: assembly UnityEngine.CoreModule, Version=0.0.0.0, Culture=neutral, PublicKeyToken=null => System.Reflection.ReflectionTypeLoadException: Unable to load one or more of the requested types.
Could not load type 'DirectChildrenEnumerable' from assembly 'UnityEngine.CoreModule, Version=0.0.0.0, Culture=neutral, PublicKeyToken=null' because the format is invalid.
Could not load type '<>c' from assembly 'UnityEngine.CoreModule, Version=0.0.0.0, Culture=neutral, PublicKeyToken=null' because the format is invalid.
Could not load type 'IdentityAttributes' from assembly 'UnityEngine.CoreModule, Version=0.0.0.0, Culture=neutral, PublicKeyToken=null' because the format is invalid.
   at System.Reflection.RuntimeModule.GetTypes(RuntimeModule module)
   at System.Reflection.Assembly.GetTypes()
   at HarmonyLib.AccessTools.GetTypesFromAssembly(Assembly assembly)
System.TypeLoadException: Could not load type 'DirectChildrenEnumerable' from assembly 'UnityEngine.CoreModule, Version=0.0.0.0, Culture=neutral, PublicKeyToken=null' because the format is invalid.
System.TypeLoadException: Could not load type '<>c' from assembly 'UnityEngine.CoreModule, Version=0.0.0.0, Culture=neutral, PublicKeyToken=null' because the format is invalid.
System.TypeLoadException: Could not load type 'IdentityAttributes' from assembly 'UnityEngine.CoreModule, Version=0.0.0.0, Culture=neutral, PublicKeyToken=null' because the format is invalid.
[Info   : File Tree] B:\SteamLibrary\steamapps\common\Supermarket Simulator
[Info   : File Tree] |
[Info   : File Tree] |-- BepInEx
[Info   : File Tree] |   |
[Info   : File Tree] |   |-- cache
[Info   : File Tree] |   |   |
[Info   : File Tree] |   |   \-- chainloader_typeloader.dat [6,53 KB]
[Info   : File Tree] |   |
[Info   : File Tree] |   |-- config
[Info   : File Tree] |   |   |
[Info   : File Tree] |   |   |-- BepInEx.cfg [7,61 KB]
[Info   : File Tree] |   |   |-- BepInEx.SplashScreen.cfg [623 B]
[Info   : File Tree] |   |   |-- br.monsterk1llerbr.supermarketsimulator.brcurrency.cfg [794 B]
[Info   : File Tree] |   |   |-- Tobey.BepInEx.Timestamp.cfg [1,57 KB]
[Info   : File Tree] |   |   \-- Tobey.FileTree.cfg [396 B]
[Info   : File Tree] |   |
[Info   : File Tree] |   |-- core
[Info   : File Tree] |   |   |
[Info   : File Tree] |   |   |-- Tobey
[Info   : File Tree] |   |   |   |
[Info   : File Tree] |   |   |   \-- UniverseLib.BIE.IL2CPP.Interop.dll [2,89 MB]
[Info   : File Tree] |   |   |
[Info   : File Tree] |   |   |-- 0Harmony.dll [264,19 KB]
[Info   : File Tree] |   |   |-- AsmResolver.dll [67,58 KB]
[Info   : File Tree] |   |   |-- AsmResolver.DotNet.dll [561,66 KB]
[Info   : File Tree] |   |   |-- AsmResolver.PE.dll [397,82 KB]
[Info   : File Tree] |   |   |-- AsmResolver.PE.File.dll [40,96 KB]
[Info   : File Tree] |   |   |-- AssetRipper.CIL.dll [45,57 KB]
[Info   : File Tree] |   |   |-- AssetRipper.Primitives.dll [29,18 KB]
[Info   : File Tree] |   |   |-- BepInEx.Core.dll [138,24 KB]
[Info   : File Tree] |   |   |-- BepInEx.Core.xml [91,63 KB]
[Info   : File Tree] |   |   |-- BepInEx.Preloader.Core.dll [52,74 KB]
[Info   : File Tree] |   |   |-- BepInEx.Preloader.Core.xml [16,39 KB]
[Info   : File Tree] |   |   |-- BepInEx.Unity.Common.dll [13,82 KB]
[Info   : File Tree] |   |   |-- BepInEx.Unity.Common.xml [1,2 KB]
[Info   : File Tree] |   |   |-- BepInEx.Unity.IL2CPP.dll [101,89 KB]
[Info   : File Tree] |   |   |-- BepInEx.Unity.IL2CPP.dll.config [456 B]
[Info   : File Tree] |   |   |-- BepInEx.Unity.IL2CPP.xml [9,31 KB]
[Info   : File Tree] |   |   |-- Cpp2IL.Core.dll [394,24 KB]
[Info   : File Tree] |   |   |-- Disarm.dll [139,26 KB]
[Info   : File Tree] |   |   |-- dobby.dll [205,31 KB]
[Info   : File Tree] |   |   |-- Gee.External.Capstone.dll [295,94 KB]
[Info   : File Tree] |   |   |-- Iced.dll [1,9 MB]
[Info   : File Tree] |   |   |-- Il2CppInterop.Common.dll [41,47 KB]
[Info   : File Tree] |   |   |-- Il2CppInterop.Generator.dll [219,65 KB]
[Info   : File Tree] |   |   |-- Il2CppInterop.HarmonySupport.dll [26,62 KB]
[Info   : File Tree] |   |   |-- Il2CppInterop.Runtime.dll [284,67 KB]
[Info   : File Tree] |   |   |-- LibCpp2IL.dll [312,32 KB]
[Info   : File Tree] |   |   |-- Mono.Cecil.dll [356,86 KB]
[Info   : File Tree] |   |   |-- Mono.Cecil.Mdb.dll [39,42 KB]
[Info   : File Tree] |   |   |-- Mono.Cecil.Pdb.dll [89,6 KB]
[Info   : File Tree] |   |   |-- Mono.Cecil.Rocks.dll [24,58 KB]
[Info   : File Tree] |   |   |-- MonoMod.Backports.dll [29,18 KB]
[Info   : File Tree] |   |   |-- MonoMod.ILHelpers.dll [4,1 KB]
[Info   : File Tree] |   |   |-- MonoMod.RuntimeDetour.dll [112,64 KB]
[Info   : File Tree] |   |   |-- MonoMod.Utils.dll [193,02 KB]
[Info   : File Tree] |   |   |-- SemanticVersioning.dll [34,82 KB]
[Info   : File Tree] |   |   |-- StableNameDotNet.dll [28,16 KB]
[Info   : File Tree] |   |   \-- WasmDisassembler.dll [22,53 KB]
[Info   : File Tree] |   |
[Info   : File Tree] |   |-- interop
[Info   : File Tree] |   |   |
[Info   : File Tree] |   |   |-- Assembly-CSharp-firstpass.dll [1,53 MB]
[Info   : File Tree] |   |   |-- Assembly-CSharp.dll [10,45 MB]
[Info   : File Tree] |   |   |-- assembly-hash.txt [32 B]
[Info   : File Tree] |   |   |-- AYellowpaper.SerializedCollections.dll [27,14 KB]
[Info   : File Tree] |   |   |-- Cinemachine.dll [761,34 KB]
[Info   : File Tree] |   |   |-- CleanFlatUI.dll [657,41 KB]
[Info   : File Tree] |   |   |-- CW.Common.dll [129,54 KB]
[Info   : File Tree] |   |   |-- DOTween.dll [618,5 KB]
[Info   : File Tree] |   |   |-- DOTweenPro.dll [39,42 KB]
[Info   : File Tree] |   |   |-- Dreamteck.Splines.dll [592,9 KB]
[Info   : File Tree] |   |   |-- Dreamteck.Utilities.dll [62,46 KB]
[Info   : File Tree] |   |   |-- Facepunch.Steamworks.Win64.dll [2,36 MB]
[Info   : File Tree] |   |   |-- Il2CppMono.Security.dll [313,86 KB]
[Info   : File Tree] |   |   |-- Il2Cppmscorlib.dll [6,23 MB]
[Info   : File Tree] |   |   |-- Il2CppSystem.Configuration.dll [13,31 KB]
[Info   : File Tree] |   |   |-- Il2CppSystem.Core.dll [1,64 MB]
[Info   : File Tree] |   |   |-- Il2CppSystem.Data.dll [1,47 MB]
[Info   : File Tree] |   |   |-- Il2CppSystem.dll [3,17 MB]
[Info   : File Tree] |   |   |-- Il2CppSystem.Drawing.dll [28,67 KB]
[Info   : File Tree] |   |   |-- Il2CppSystem.Numerics.dll [89,09 KB]
[Info   : File Tree] |   |   |-- Il2CppSystem.Runtime.Serialization.dll [6,66 KB]
[Info   : File Tree] |   |   |-- Il2CppSystem.Xml.dll [2,98 MB]
[Info   : File Tree] |   |   |-- Il2CppSystem.Xml.Linq.dll [110,08 KB]
[Info   : File Tree] |   |   |-- LeanCommon.dll [77,82 KB]
[Info   : File Tree] |   |   |-- LeanPool.dll [48,13 KB]
[Info   : File Tree] |   |   |-- M3D Font Creator - Runtime Only.dll [60,42 KB]
[Info   : File Tree] |   |   |-- MethodAddressToToken.db [2,46 MB]
[Info   : File Tree] |   |   |-- MethodXrefScanCache.db [36,04 MB]
[Info   : File Tree] |   |   |-- MyBox.dll [408,06 KB]
[Info   : File Tree] |   |   |-- NaisuPorter.dll [33,79 KB]
[Info   : File Tree] |   |   |-- Newtonsoft.Json.dll [2,07 MB]
[Info   : File Tree] |   |   |-- NodeCanvas.dll [781,31 KB]
[Info   : File Tree] |   |   |-- ParadoxNotion.dll [971,26 KB]
[Info   : File Tree] |   |   |-- Pathfinding.Ionic.Zip.Reduced.dll [612,86 KB]
[Info   : File Tree] |   |   |-- PerfectCullingRuntime.dll [137,22 KB]
[Info   : File Tree] |   |   |-- Photon3Unity3D.dll [556,54 KB]
[Info   : File Tree] |   |   |-- PhotonChat.dll [89,09 KB]
[Info   : File Tree] |   |   |-- PhotonRealtime.dll [305,15 KB]
[Info   : File Tree] |   |   |-- PhotonUnityNetworking.Demos.dll [370,18 KB]
[Info   : File Tree] |   |   |-- PhotonUnityNetworking.dll [251,39 KB]
[Info   : File Tree] |   |   |-- PhotonUnityNetworking.Utilities.dll [144,9 KB]
[Info   : File Tree] |   |   |-- Unity.Addressables.dll [357,89 KB]
[Info   : File Tree] |   |   |-- Unity.AI.Navigation.dll [64,51 KB]
[Info   : File Tree] |   |   |-- Unity.Animation.Rigging.dll [368,13 KB]
[Info   : File Tree] |   |   |-- Unity.Burst.dll [1,45 MB]
[Info   : File Tree] |   |   |-- Unity.Burst.Unsafe.dll [21,5 KB]
[Info   : File Tree] |   |   |-- Unity.Collections.dll [1,68 MB]
[Info   : File Tree] |   |   |-- Unity.Collections.LowLevel.ILSupport.dll [9,22 KB]
[Info   : File Tree] |   |   |-- Unity.InputSystem.dll [2,81 MB]
[Info   : File Tree] |   |   |-- Unity.InputSystem.ForUI.dll [33,28 KB]
[Info   : File Tree] |   |   |-- Unity.InternalAPIEngineBridge.004.dll [8,19 KB]
[Info   : File Tree] |   |   |-- Unity.Localization.dll [987,65 KB]
[Info   : File Tree] |   |   |-- Unity.Mathematics.dll [2,21 MB]
[Info   : File Tree] |   |   |-- Unity.MemoryProfiler.dll [11,78 KB]
[Info   : File Tree] |   |   |-- Unity.Microsoft.GDK.dll [2,28 MB]
[Info   : File Tree] |   |   |-- Unity.Microsoft.GDK.Tools.dll [200,7 KB]
[Info   : File Tree] |   |   |-- Unity.RenderPipeline.Universal.ShaderLibrary.dll [11,78 KB]
[Info   : File Tree] |   |   |-- Unity.RenderPipelines.Core.Runtime.dll [2,85 MB]
[Info   : File Tree] |   |   |-- Unity.RenderPipelines.Core.Runtime.Shared.dll [8,19 KB]
[Info   : File Tree] |   |   |-- Unity.RenderPipelines.GPUDriven.Runtime.dll [688,64 KB]
[Info   : File Tree] |   |   |-- Unity.RenderPipelines.Universal.2D.Runtime.dll [596,48 KB]
[Info   : File Tree] |   |   |-- Unity.RenderPipelines.Universal.Runtime.dll [2,15 MB]
[Info   : File Tree] |   |   |-- Unity.ResourceManager.dll [467,97 KB]
[Info   : File Tree] |   |   |-- Unity.TextMeshPro.dll [993,28 KB]
[Info   : File Tree] |   |   |-- Unity.Timeline.dll [411,65 KB]
[Info   : File Tree] |   |   |-- Unity.UnifiedRayTracing.Runtime.dll [284,16 KB]
[Info   : File Tree] |   |   |-- UnityEngine.AccessibilityModule.dll [84,99 KB]
[Info   : File Tree] |   |   |-- UnityEngine.AdaptivePerformanceModule.dll [288,77 KB]
[Info   : File Tree] |   |   |-- UnityEngine.AIModule.dll [133,63 KB]
[Info   : File Tree] |   |   |-- UnityEngine.AndroidJNIModule.dll [200,19 KB]
[Info   : File Tree] |   |   |-- UnityEngine.AnimationModule.dll [517,12 KB]
[Info   : File Tree] |   |   |-- UnityEngine.AssetBundleModule.dll [38,91 KB]
[Info   : File Tree] |   |   |-- UnityEngine.AudioModule.dll [241,15 KB]
[Info   : File Tree] |   |   |-- UnityEngine.ClothModule.dll [25,6 KB]
[Info   : File Tree] |   |   |-- UnityEngine.ClusterInputModule.dll [8,19 KB]
[Info   : File Tree] |   |   |-- UnityEngine.ClusterRendererModule.dll [6,66 KB]
[Info   : File Tree] |   |   |-- UnityEngine.ContentLoadModule.dll [4,1 KB]
[Info   : File Tree] |   |   |-- UnityEngine.CoreModule.dll [4,63 MB]
[Info   : File Tree] |   |   |-- UnityEngine.CrashReportingModule.dll [6,66 KB]
[Info   : File Tree] |   |   |-- UnityEngine.DirectorModule.dll [44,03 KB]
[Info   : File Tree] |   |   |-- UnityEngine.dll [3,07 KB]
[Info   : File Tree] |   |   |-- UnityEngine.DSPGraphModule.dll [27,14 KB]
[Info   : File Tree] |   |   |-- UnityEngine.GameCenterModule.dll [11,26 KB]
[Info   : File Tree] |   |   |-- UnityEngine.GIModule.dll [2,05 KB]
[Info   : File Tree] |   |   |-- UnityEngine.GraphicsStateCollectionSerializerModule.dll [2,05 KB]
[Info   : File Tree] |   |   |-- UnityEngine.GridModule.dll [13,82 KB]
[Info   : File Tree] |   |   |-- UnityEngine.HierarchyCoreModule.dll [209,92 KB]
[Info   : File Tree] |   |   |-- UnityEngine.HierarchyModule.dll [27,65 KB]
[Info   : File Tree] |   |   |-- UnityEngine.HotReloadModule.dll [2,05 KB]
[Info   : File Tree] |   |   |-- UnityEngine.IdentifiersModule.dll [3,07 KB]
[Info   : File Tree] |   |   |-- UnityEngine.ImageConversionModule.dll [15,36 KB]
[Info   : File Tree] |   |   |-- UnityEngine.IMGUIModule.dll [460,8 KB]
[Info   : File Tree] |   |   |-- UnityEngine.InputForUIModule.dll [108,03 KB]
[Info   : File Tree] |   |   |-- UnityEngine.InputLegacyModule.dll [64 KB]
[Info   : File Tree] |   |   |-- UnityEngine.InputModule.dll [15,87 KB]
[Info   : File Tree] |   |   |-- UnityEngine.JSONSerializeModule.dll [7,68 KB]
[Info   : File Tree] |   |   |-- UnityEngine.LocalizationModule.dll [6,14 KB]
[Info   : File Tree] |   |   |-- UnityEngine.MarshallingModule.dll [116,22 KB]
[Info   : File Tree] |   |   |-- UnityEngine.MultiplayerModule.dll [6,66 KB]
[Info   : File Tree] |   |   |-- UnityEngine.ParticleSystemModule.dll [452,61 KB]
[Info   : File Tree] |   |   |-- UnityEngine.PerformanceReportingModule.dll [3,07 KB]
[Info   : File Tree] |   |   |-- UnityEngine.Physics2DModule.dll [920,58 KB]
[Info   : File Tree] |   |   |-- UnityEngine.PhysicsBackendPhysXModule.dll [2,05 KB]
[Info   : File Tree] |   |   |-- UnityEngine.PhysicsModule.dll [395,26 KB]
[Info   : File Tree] |   |   |-- UnityEngine.PropertiesModule.dll [436,74 KB]
[Info   : File Tree] |   |   |-- UnityEngine.RenderAs2DModule.dll [4,61 KB]
[Info   : File Tree] |   |   |-- UnityEngine.RuntimeInitializeOnLoadManagerInitializerModule.dll [2,05 KB]
[Info   : File Tree] |   |   |-- UnityEngine.ScreenCaptureModule.dll [4,61 KB]
[Info   : File Tree] |   |   |-- UnityEngine.ShaderRuntimeModule.dll [4,1 KB]
[Info   : File Tree] |   |   |-- UnityEngine.ShaderVariantAnalyticsModule.dll [2,05 KB]
[Info   : File Tree] |   |   |-- UnityEngine.SharedInternalsModule.dll [36,35 KB]
[Info   : File Tree] |   |   |-- UnityEngine.SpriteMaskModule.dll [12,8 KB]
[Info   : File Tree] |   |   |-- UnityEngine.SpriteShapeModule.dll [10,24 KB]
[Info   : File Tree] |   |   |-- UnityEngine.StreamingModule.dll [4,61 KB]
[Info   : File Tree] |   |   |-- UnityEngine.SubstanceModule.dll [6,66 KB]
[Info   : File Tree] |   |   |-- UnityEngine.SubsystemsModule.dll [45,57 KB]
[Info   : File Tree] |   |   |-- UnityEngine.TerrainModule.dll [166,91 KB]
[Info   : File Tree] |   |   |-- UnityEngine.TerrainPhysicsModule.dll [4,61 KB]
[Info   : File Tree] |   |   |-- UnityEngine.TextCoreFontEngineModule.dll [141,82 KB]
[Info   : File Tree] |   |   |-- UnityEngine.TextCoreTextEngineModule.dll [605,7 KB]
[Info   : File Tree] |   |   |-- UnityEngine.TextRenderingModule.dll [59,9 KB]
[Info   : File Tree] |   |   |-- UnityEngine.TilemapModule.dll [81,41 KB]
[Info   : File Tree] |   |   |-- UnityEngine.TLSModule.dll [5,12 KB]
[Info   : File Tree] |   |   |-- UnityEngine.UI.dll [849,41 KB]
[Info   : File Tree] |   |   |-- UnityEngine.UIElementsModule.dll [5,85 MB]
[Info   : File Tree] |   |   |-- UnityEngine.UIModule.dll [87,55 KB]
[Info   : File Tree] |   |   |-- UnityEngine.UmbraModule.dll [2,05 KB]
[Info   : File Tree] |   |   |-- UnityEngine.UnityAnalyticsCommonModule.dll [57,34 KB]
[Info   : File Tree] |   |   |-- UnityEngine.UnityAnalyticsModule.dll [72,7 KB]
[Info   : File Tree] |   |   |-- UnityEngine.UnityConnectModule.dll [10,24 KB]
[Info   : File Tree] |   |   |-- UnityEngine.UnityConsentModule.dll [6,14 KB]
[Info   : File Tree] |   |   |-- UnityEngine.UnityCurlModule.dll [7,17 KB]
[Info   : File Tree] |   |   |-- UnityEngine.UnityWebRequestAssetBundleModule.dll [14,34 KB]
[Info   : File Tree] |   |   |-- UnityEngine.UnityWebRequestAudioModule.dll [11,78 KB]
[Info   : File Tree] |   |   |-- UnityEngine.UnityWebRequestModule.dll [100,35 KB]
[Info   : File Tree] |   |   |-- UnityEngine.UnityWebRequestTextureModule.dll [4,1 KB]
[Info   : File Tree] |   |   |-- UnityEngine.UnityWebRequestWWWModule.dll [7,68 KB]
[Info   : File Tree] |   |   |-- UnityEngine.VectorGraphicsModule.dll [51,71 KB]
[Info   : File Tree] |   |   |-- UnityEngine.VehiclesModule.dll [29,7 KB]
[Info   : File Tree] |   |   |-- UnityEngine.VFXModule.dll [108,03 KB]
[Info   : File Tree] |   |   |-- UnityEngine.VideoModule.dll [81,92 KB]
[Info   : File Tree] |   |   |-- UnityEngine.VirtualTexturingModule.dll [18,43 KB]
[Info   : File Tree] |   |   |-- UnityEngine.VRModule.dll [18,43 KB]
[Info   : File Tree] |   |   |-- UnityEngine.WindModule.dll [9,22 KB]
[Info   : File Tree] |   |   |-- UnityEngine.XRModule.dll [118,78 KB]
[Info   : File Tree] |   |   \-- __Generated.dll [4,61 KB]
[Info   : File Tree] |   |
[Info   : File Tree] |   |-- patchers
[Info   : File Tree] |   |   |
[Info   : File Tree] |   |   \-- .tobey.bepinex.pack
[Info   : File Tree] |   |       |
[Info   : File Tree] |   |       \-- BepInEx.SplashScreen
[Info   : File Tree] |   |           |
[Info   : File Tree] |   |           |-- BepInEx.SplashScreen.GUI.exe.config [263 B]
[Info   : File Tree] |   |           |-- BepInEx.SplashScreen.Patcher.BepInEx6.dll [14,34 KB]
[Info   : File Tree] |   |           |-- LICENSE [1,12 KB]
[Info   : File Tree] |   |           |-- README.md [2,65 KB]
[Info   : File Tree] |   |           \-- Supermarket Simulator.SplashScreen.GUI.exe [97,79 KB]
[Info   : File Tree] |   |
[Info   : File Tree] |   |-- plugins
[Info   : File Tree] |   |   |
[Info   : File Tree] |   |   |-- .tobey.bepinex.pack
[Info   : File Tree] |   |   |   |
[Info   : File Tree] |   |   |   |-- File Tree
[Info   : File Tree] |   |   |   |   |
[Info   : File Tree] |   |   |   |   \-- Tobey.FileTree.dll [26,11 KB]
[Info   : File Tree] |   |   |   |
[Info   : File Tree] |   |   |   |-- Tobey.BepInEx.GameInfo.dll [7,68 KB]
[Info   : File Tree] |   |   |   \-- Tobey.BepInEx.Timestamp.dll [28,16 KB]
[Info   : File Tree] |   |   |
[Info   : File Tree] |   |   |-- BrazilianCurrencyFormat
[Info   : File Tree] |   |   |   |
[Info   : File Tree] |   |   |   \-- BrazilianCurrencyFormat.dll [24,06 KB]
[Info   : File Tree] |   |   |
[Info   : File Tree] |   |   |-- BrazilianMoney
[Info   : File Tree] |   |   |   |
[Info   : File Tree] |   |   |   \-- SupermarketSimulator-BrazilianMoney.dll [12,29 KB]
[Info   : File Tree] |   |   |
[Info   : File Tree] |   |   |-- BrazilianMoneyReplacement
[Info   : File Tree] |   |   |   |
[Info   : File Tree] |   |   |   \-- Assets
[Info   : File Tree] |   |   |       |
[Info   : File Tree] |   |   |       |-- Bills
[Info   : File Tree] |   |   |       |
[Info   : File Tree] |   |   |       \-- Coins
[Info   : File Tree] |   |   |
[Info   : File Tree] |   |   \-- CurrencyAssetAnalyzer
[Info   : File Tree] |   |       |
[Info   : File Tree] |   |       |-- AnalyzerV10
[Info   : File Tree] |   |       |   |
[Info   : File Tree] |   |       |   \-- AtlasMasks
[Info   : File Tree] |   |       |       |
[Info   : File Tree] |   |       |       |-- AtlasMaskGenerator.txt [286 B]
[Info   : File Tree] |   |       |       |-- AtlasMaskReport.txt [1,23 KB]
[Info   : File Tree] |   |       |       |-- CurrencyAtlas_ALL_MASKS.png [101,16 KB]
[Info   : File Tree] |   |       |       |-- SM_Coin_10_Cents_MASK.png [77,24 KB]
[Info   : File Tree] |   |       |       |-- SM_Coin_1_Cent_MASK.png [76,78 KB]
[Info   : File Tree] |   |       |       |-- SM_Coin_25_Cents_MASK.png [80,28 KB]
[Info   : File Tree] |   |       |       |-- SM_Coin_50_Cents_MASK.png [82,46 KB]
[Info   : File Tree] |   |       |       \-- SM_Coin_5_Cents_MASK.png [80,39 KB]
[Info   : File Tree] |   |       |
[Info   : File Tree] |   |       |-- AnalyzerV11
[Info   : File Tree] |   |       |   |
[Info   : File Tree] |   |       |   \-- AtlasVisualization
[Info   : File Tree] |   |       |       |
[Info   : File Tree] |   |       |       |-- AtlasVisualizationReport.txt [865 B]
[Info   : File Tree] |   |       |       |-- CurrencyAtlas_VisualMap.png [3,33 MB]
[Info   : File Tree] |   |       |       |-- SM_Coin_10_Cents_VISUAL.png [3,27 MB]
[Info   : File Tree] |   |       |       |-- SM_Coin_1_Cent_VISUAL.png [3,27 MB]
[Info   : File Tree] |   |       |       |-- SM_Coin_25_Cents_VISUAL.png [3,28 MB]
[Info   : File Tree] |   |       |       |-- SM_Coin_50_Cents_VISUAL.png [3,28 MB]
[Info   : File Tree] |   |       |       \-- SM_Coin_5_Cents_VISUAL.png [3,28 MB]
[Info   : File Tree] |   |       |
[Info   : File Tree] |   |       |-- AnalyzerV8
[Info   : File Tree] |   |       |   |
[Info   : File Tree] |   |       |   |-- MoneyPack
[Info   : File Tree] |   |       |   |   |
[Info   : File Tree] |   |       |   |   |-- BILL_1 Dollar Pack_1.00.txt [20,47 KB]
[Info   : File Tree] |   |       |   |   |-- BILL_10 Dollar Pack_10.00.txt [20,29 KB]
[Info   : File Tree] |   |       |   |   |-- BILL_20 Dollar Pack_20.00.txt [20,28 KB]
[Info   : File Tree] |   |       |   |   |-- BILL_5 Dollar Pack_5.00.txt [20,22 KB]
[Info   : File Tree] |   |       |   |   |-- BILL_50 Dollar Pack_50.00.txt [20,33 KB]
[Info   : File Tree] |   |       |   |   |-- COIN_1 Cent Pack_0.01.txt [37,75 KB]
[Info   : File Tree] |   |       |   |   |-- COIN_10 Cent Pack_0.10.txt [74,61 KB]
[Info   : File Tree] |   |       |   |   |-- COIN_25 Cent Pack_0.25.txt [37,92 KB]
[Info   : File Tree] |   |       |   |   |-- COIN_5 Cent Pack_0.05.txt [37,81 KB]
[Info   : File Tree] |   |       |   |   \-- COIN_50 Cent Pack_0.50.txt [34,6 KB]
[Info   : File Tree] |   |       |   |
[Info   : File Tree] |   |       |   \-- Textures
[Info   : File Tree] |   |       |       |
[Info   : File Tree] |   |       |       |-- 50_USD_Series_2004_Note_Front_289276.png [533,26 KB]
[Info   : File Tree] |   |       |       |-- TextureExtraction.txt [264 B]
[Info   : File Tree] |   |       |       |-- T_Money_AlbedoTransparency_232060.png [3,16 MB]
[Info   : File Tree] |   |       |       |-- T_Money_Normal_232062.png [1,28 MB]
[Info   : File Tree] |   |       |       |-- T_Money_SpecularSmoothness_232064.png [2,66 MB]
[Info   : File Tree] |   |       |       |-- US10dollarbill-Series_2004A_181058.png [432,25 KB]
[Info   : File Tree] |   |       |       \-- US_one_dollar_bill,_obverse,_series_2009_350270.png [101,35 KB]
[Info   : File Tree] |   |       |
[Info   : File Tree] |   |       |-- AnalyzerV9
[Info   : File Tree] |   |       |   |
[Info   : File Tree] |   |       |   \-- AtlasMapping
[Info   : File Tree] |   |       |       |
[Info   : File Tree] |   |       |       |-- SM_Coin_10_Cents
[Info   : File Tree] |   |       |       |   |
[Info   : File Tree] |   |       |       |   |-- NEG_X.png [5,94 KB]
[Info   : File Tree] |   |       |       |   |-- NEG_Y.png [5,94 KB]
[Info   : File Tree] |   |       |       |   |-- NEG_Z.png [5,94 KB]
[Info   : File Tree] |   |       |       |   |-- POS_X.png [5,94 KB]
[Info   : File Tree] |   |       |       |   |-- POS_Y.png [5,94 KB]
[Info   : File Tree] |   |       |       |   \-- POS_Z.png [5,94 KB]
[Info   : File Tree] |   |       |       |
[Info   : File Tree] |   |       |       |-- SM_Coin_1_Cent
[Info   : File Tree] |   |       |       |   |
[Info   : File Tree] |   |       |       |   |-- NEG_X.png [5,94 KB]
[Info   : File Tree] |   |       |       |   |-- NEG_Y.png [5,94 KB]
[Info   : File Tree] |   |       |       |   |-- NEG_Z.png [5,94 KB]
[Info   : File Tree] |   |       |       |   |-- POS_X.png [5,94 KB]
[Info   : File Tree] |   |       |       |   |-- POS_Y.png [5,94 KB]
[Info   : File Tree] |   |       |       |   \-- POS_Z.png [5,94 KB]
[Info   : File Tree] |   |       |       |
[Info   : File Tree] |   |       |       |-- SM_Coin_25_Cents
[Info   : File Tree] |   |       |       |   |
[Info   : File Tree] |   |       |       |   |-- NEG_X.png [5,94 KB]
[Info   : File Tree] |   |       |       |   |-- NEG_Y.png [5,94 KB]
[Info   : File Tree] |   |       |       |   |-- NEG_Z.png [5,94 KB]
[Info   : File Tree] |   |       |       |   |-- POS_X.png [5,94 KB]
[Info   : File Tree] |   |       |       |   |-- POS_Y.png [5,94 KB]
[Info   : File Tree] |   |       |       |   \-- POS_Z.png [5,94 KB]
[Info   : File Tree] |   |       |       |
[Info   : File Tree] |   |       |       |-- SM_Coin_50_Cents
[Info   : File Tree] |   |       |       |   |
[Info   : File Tree] |   |       |       |   |-- NEG_X.png [5,94 KB]
[Info   : File Tree] |   |       |       |   |-- NEG_Y.png [5,94 KB]
[Info   : File Tree] |   |       |       |   |-- NEG_Z.png [5,94 KB]
[Info   : File Tree] |   |       |       |   |-- POS_X.png [5,94 KB]
[Info   : File Tree] |   |       |       |   |-- POS_Y.png [5,94 KB]
[Info   : File Tree] |   |       |       |   \-- POS_Z.png [5,94 KB]
[Info   : File Tree] |   |       |       |
[Info   : File Tree] |   |       |       |-- SM_Coin_5_Cents
[Info   : File Tree] |   |       |       |   |
[Info   : File Tree] |   |       |       |   |-- NEG_X.png [5,94 KB]
[Info   : File Tree] |   |       |       |   |-- NEG_Y.png [5,94 KB]
[Info   : File Tree] |   |       |       |   |-- NEG_Z.png [5,94 KB]
[Info   : File Tree] |   |       |       |   |-- POS_X.png [5,94 KB]
[Info   : File Tree] |   |       |       |   |-- POS_Y.png [5,94 KB]
[Info   : File Tree] |   |       |       |   \-- POS_Z.png [5,94 KB]
[Info   : File Tree] |   |       |       |
[Info   : File Tree] |   |       |       |-- AtlasMapReport.txt [271 B]
[Info   : File Tree] |   |       |       |-- SM_Coin_10_Cents_REAL_CAMERA.png [22,12 KB]
[Info   : File Tree] |   |       |       |-- SM_Coin_1_Cent_REAL_CAMERA.png [22,12 KB]
[Info   : File Tree] |   |       |       |-- SM_Coin_25_Cents_REAL_CAMERA.png [22,12 KB]
[Info   : File Tree] |   |       |       |-- SM_Coin_50_Cents_REAL_CAMERA.png [22,12 KB]
[Info   : File Tree] |   |       |       |-- SM_Coin_5_Cents_REAL_CAMERA.png [22,12 KB]
[Info   : File Tree] |   |       |       \-- UV_Diagnostic_1024.png [133,5 KB]
[Info   : File Tree] |   |       |
[Info   : File Tree] |   |       |-- AtlasTriangleMapper
[Info   : File Tree] |   |       |   |
[Info   : File Tree] |   |       |   \-- AtlasTriangleReport.txt [240 B]
[Info   : File Tree] |   |       |
[Info   : File Tree] |   |       |-- AtlasUVMapper
[Info   : File Tree] |   |       |   |
[Info   : File Tree] |   |       |   \-- AtlasUVMapReport.txt [255 B]
[Info   : File Tree] |   |       |
[Info   : File Tree] |   |       |-- BrazilianCoinAtlas
[Info   : File Tree] |   |       |   |
[Info   : File Tree] |   |       |   |-- BrazilianCoinAtlasReport.txt [2,22 KB]
[Info   : File Tree] |   |       |   |-- BrazilianCoinAtlas_MASK_PREVIEW.png [43,93 KB]
[Info   : File Tree] |   |       |   \-- BrazilianCoinAtlas_TEST.png [2,96 MB]
[Info   : File Tree] |   |       |
[Info   : File Tree] |   |       |-- BrazilianCoinUVComposer
[Info   : File Tree] |   |       |   |
[Info   : File Tree] |   |       |   |-- Sources
[Info   : File Tree] |   |       |   |   |
[Info   : File Tree] |   |       |   |   |-- 50_CENTAVOS_BACK.png [801,47 KB]
[Info   : File Tree] |   |       |   |   |-- 50_CENTAVOS_FRONT.png [827,36 KB]
[Info   : File Tree] |   |       |   |   \-- README.txt [530 B]
[Info   : File Tree] |   |       |   |
[Info   : File Tree] |   |       |   |-- BrazilianCoinAtlas_50CENTAVOS_GOOD.png [3,44 MB]
[Info   : File Tree] |   |       |   |-- BrazilianCoinAtlas_FINAL.png [2,82 MB]
[Info   : File Tree] |   |       |   |-- BrazilianCoinAtlas_FINAL_PREVIEW.png [21,51 KB]
[Info   : File Tree] |   |       |   \-- BrazilianCoinUVComposerReport.txt [1,21 KB]
[Info   : File Tree] |   |       |
[Info   : File Tree] |   |       |-- BrazilianMoneyTextureReplacer
[Info   : File Tree] |   |       |   |
[Info   : File Tree] |   |       |   \-- BrazilianMoneyTextureReplacerReport.txt [666 B]
[Info   : File Tree] |   |       |
[Info   : File Tree] |   |       |-- MeshApiProbe
[Info   : File Tree] |   |       |   |
[Info   : File Tree] |   |       |   \-- MeshApiReport.txt [182 B]
[Info   : File Tree] |   |       |
[Info   : File Tree] |   |       |-- MeshFingerprint
[Info   : File Tree] |   |       |   |
[Info   : File Tree] |   |       |   \-- MeshFingerprintReport.txt [233 B]
[Info   : File Tree] |   |       |
[Info   : File Tree] |   |       |-- MeshGPUProbe
[Info   : File Tree] |   |       |   |
[Info   : File Tree] |   |       |   \-- MeshGPUReport.txt [177 B]
[Info   : File Tree] |   |       |
[Info   : File Tree] |   |       |-- MeshGPUReadbackProbe
[Info   : File Tree] |   |       |   |
[Info   : File Tree] |   |       |   \-- MeshGPUReadbackReport.txt [229 B]
[Info   : File Tree] |   |       |
[Info   : File Tree] |   |       |-- MoneyMaterialProbe
[Info   : File Tree] |   |       |   |
[Info   : File Tree] |   |       |   \-- MoneyMaterialProbeReport.txt [494 B]
[Info   : File Tree] |   |       |
[Info   : File Tree] |   |       |-- CurrencyAssetAnalyzer.dll [154,62 KB]
[Info   : File Tree] |   |       |-- Microsoft.Win32.SystemEvents.dll [27,92 KB]
[Info   : File Tree] |   |       \-- System.Drawing.Common.dll [441,14 KB]
[Info   : File Tree] |   |
[Info   : File Tree] |   |-- unity-libs
[Info   : File Tree] |   |   |
[Info   : File Tree] |   |   |-- 6000.3.18.zip [3,04 MB]
[Info   : File Tree] |   |   |-- 6000.3.6.zip [3,03 MB]
[Info   : File Tree] |   |   |-- UnityEngine.AccessibilityModule.dll [39,42 KB]
[Info   : File Tree] |   |   |-- UnityEngine.AdaptivePerformanceModule.dll [109,57 KB]
[Info   : File Tree] |   |   |-- UnityEngine.AIModule.dll [66,05 KB]
[Info   : File Tree] |   |   |-- UnityEngine.AndroidJNIModule.dll [110,59 KB]
[Info   : File Tree] |   |   |-- UnityEngine.AnimationModule.dll [214,53 KB]
[Info   : File Tree] |   |   |-- UnityEngine.AssetBundleModule.dll [31,23 KB]
[Info   : File Tree] |   |   |-- UnityEngine.AudioModule.dll [131,58 KB]
[Info   : File Tree] |   |   |-- UnityEngine.ClothModule.dll [25,6 KB]
[Info   : File Tree] |   |   |-- UnityEngine.ClusterInputModule.dll [16,9 KB]
[Info   : File Tree] |   |   |-- UnityEngine.ClusterRendererModule.dll [15,87 KB]
[Info   : File Tree] |   |   |-- UnityEngine.ContentLoadModule.dll [21,5 KB]
[Info   : File Tree] |   |   |-- UnityEngine.CoreModule.dll [1,97 MB]
[Info   : File Tree] |   |   |-- UnityEngine.CrashReportingModule.dll [15,36 KB]
[Info   : File Tree] |   |   |-- UnityEngine.DirectorModule.dll [30,72 KB]
[Info   : File Tree] |   |   |-- UnityEngine.dll [184,83 KB]
[Info   : File Tree] |   |   |-- UnityEngine.DSPGraphModule.dll [20,48 KB]
[Info   : File Tree] |   |   |-- UnityEngine.GameCenterModule.dll [34,82 KB]
[Info   : File Tree] |   |   |-- UnityEngine.GIModule.dll [13,31 KB]
[Info   : File Tree] |   |   |-- UnityEngine.GraphicsStateCollectionSerializerModule.dll [3,58 KB]
[Info   : File Tree] |   |   |-- UnityEngine.GridModule.dll [19,46 KB]
[Info   : File Tree] |   |   |-- UnityEngine.HierarchyCoreModule.dll [98,82 KB]
[Info   : File Tree] |   |   |-- UnityEngine.HierarchyModule.dll [91,65 KB]
[Info   : File Tree] |   |   |-- UnityEngine.HotReloadModule.dll [13,31 KB]
[Info   : File Tree] |   |   |-- UnityEngine.IdentifiersModule.dll [4,1 KB]
[Info   : File Tree] |   |   |-- UnityEngine.ImageConversionModule.dll [20,48 KB]
[Info   : File Tree] |   |   |-- UnityEngine.IMGUIModule.dll [202,75 KB]
[Info   : File Tree] |   |   |-- UnityEngine.InputForUIModule.dll [47,1 KB]
[Info   : File Tree] |   |   |-- UnityEngine.InputLegacyModule.dll [34,82 KB]
[Info   : File Tree] |   |   |-- UnityEngine.InputModule.dll [17,41 KB]
[Info   : File Tree] |   |   |-- UnityEngine.JSONSerializeModule.dll [16,38 KB]
[Info   : File Tree] |   |   |-- UnityEngine.LocalizationModule.dll [15,87 KB]
[Info   : File Tree] |   |   |-- UnityEngine.MarshallingModule.dll [72,7 KB]
[Info   : File Tree] |   |   |-- UnityEngine.MultiplayerModule.dll [7,17 KB]
[Info   : File Tree] |   |   |-- UnityEngine.ParticleSystemModule.dll [160,77 KB]
[Info   : File Tree] |   |   |-- UnityEngine.PerformanceReportingModule.dll [14,34 KB]
[Info   : File Tree] |   |   |-- UnityEngine.Physics2DModule.dll [562,69 KB]
[Info   : File Tree] |   |   |-- UnityEngine.PhysicsBackendPhysXModule.dll [3,58 KB]
[Info   : File Tree] |   |   |-- UnityEngine.PhysicsModule.dll [171,01 KB]
[Info   : File Tree] |   |   |-- UnityEngine.PropertiesModule.dll [138,75 KB]
[Info   : File Tree] |   |   |-- UnityEngine.RenderAs2DModule.dll [14,85 KB]
[Info   : File Tree] |   |   |-- UnityEngine.RuntimeInitializeOnLoadManagerInitializerModule.dll [13,82 KB]
[Info   : File Tree] |   |   |-- UnityEngine.ScreenCaptureModule.dll [15,36 KB]
[Info   : File Tree] |   |   |-- UnityEngine.ShaderRuntimeModule.dll [14,85 KB]
[Info   : File Tree] |   |   |-- UnityEngine.ShaderVariantAnalyticsModule.dll [13,31 KB]
[Info   : File Tree] |   |   |-- UnityEngine.SharedInternalsModule.dll [27,14 KB]
[Info   : File Tree] |   |   |-- UnityEngine.SpriteMaskModule.dll [17,41 KB]
[Info   : File Tree] |   |   |-- UnityEngine.SpriteShapeModule.dll [20,99 KB]
[Info   : File Tree] |   |   |-- UnityEngine.StreamingModule.dll [14,85 KB]
[Info   : File Tree] |   |   |-- UnityEngine.SubstanceModule.dll [18,43 KB]
[Info   : File Tree] |   |   |-- UnityEngine.SubsystemsModule.dll [30,72 KB]
[Info   : File Tree] |   |   |-- UnityEngine.TerrainModule.dll [122,37 KB]
[Info   : File Tree] |   |   |-- UnityEngine.TerrainPhysicsModule.dll [14,85 KB]
[Info   : File Tree] |   |   |-- UnityEngine.TextCoreFontEngineModule.dll [71,17 KB]
[Info   : File Tree] |   |   |-- UnityEngine.TextCoreTextEngineModule.dll [316,93 KB]
[Info   : File Tree] |   |   |-- UnityEngine.TextRenderingModule.dll [28,67 KB]
[Info   : File Tree] |   |   |-- UnityEngine.TilemapModule.dll [47,1 KB]
[Info   : File Tree] |   |   |-- UnityEngine.TLSModule.dll [20,48 KB]
[Info   : File Tree] |   |   |-- UnityEngine.UIElementsModule.dll [2,41 MB]
[Info   : File Tree] |   |   |-- UnityEngine.UIModule.dll [38,91 KB]
[Info   : File Tree] |   |   |-- UnityEngine.UmbraModule.dll [13,31 KB]
[Info   : File Tree] |   |   |-- UnityEngine.UnityAnalyticsCommonModule.dll [24,58 KB]
[Info   : File Tree] |   |   |-- UnityEngine.UnityAnalyticsModule.dll [49,66 KB]
[Info   : File Tree] |   |   |-- UnityEngine.UnityConnectModule.dll [16,38 KB]
[Info   : File Tree] |   |   |-- UnityEngine.UnityConsentModule.dll [5,63 KB]
[Info   : File Tree] |   |   |-- UnityEngine.UnityCurlModule.dll [15,36 KB]
[Info   : File Tree] |   |   |-- UnityEngine.UnityWebRequestAssetBundleModule.dll [17,92 KB]
[Info   : File Tree] |   |   |-- UnityEngine.UnityWebRequestAudioModule.dll [17,41 KB]
[Info   : File Tree] |   |   |-- UnityEngine.UnityWebRequestModule.dll [58,37 KB]
[Info   : File Tree] |   |   |-- UnityEngine.UnityWebRequestTextureModule.dll [16,9 KB]
[Info   : File Tree] |   |   |-- UnityEngine.UnityWebRequestWWWModule.dll [25,6 KB]
[Info   : File Tree] |   |   |-- UnityEngine.VectorGraphicsModule.dll [241,66 KB]
[Info   : File Tree] |   |   |-- UnityEngine.VehiclesModule.dll [20,48 KB]
[Info   : File Tree] |   |   |-- UnityEngine.VFXModule.dll [67,58 KB]
[Info   : File Tree] |   |   |-- UnityEngine.VideoModule.dll [38,4 KB]
[Info   : File Tree] |   |   |-- UnityEngine.VirtualTexturingModule.dll [32,26 KB]
[Info   : File Tree] |   |   |-- UnityEngine.VRModule.dll [20,99 KB]
[Info   : File Tree] |   |   |-- UnityEngine.WindModule.dll [15,36 KB]
[Info   : File Tree] |   |   \-- UnityEngine.XRModule.dll [77,31 KB]
[Info   : File Tree] |   |
[Info   : File Tree] |   |-- ErrorLog.log [0 B]
[Info   : File Tree] |   \-- LogOutput.log [60,66 KB]
[Info   : File Tree] |
[Info   : File Tree] |-- D3D12
[Info   : File Tree] |   |
[Info   : File Tree] |   \-- (contents not shown)
[Info   : File Tree] |
[Info   : File Tree] |-- dotnet
[Info   : File Tree] |   |
[Info   : File Tree] |   \-- (contents not shown)
[Info   : File Tree] |
[Info   : File Tree] |-- Supermarket Simulator_Data
[Info   : File Tree] |   |
[Info   : File Tree] |   \-- (contents not shown)
[Info   : File Tree] |
[Info   : File Tree] |-- .doorstop_version [5 B]
[Info   : File Tree] |-- baselib.dll [239,54 KB]
[Info   : File Tree] |-- changelog.txt [5,45 KB]
[Info   : File Tree] |-- doorstop_config.ini [1,64 KB]
[Info   : File Tree] |-- GameAssembly.dll [81,15 MB]
[Info   : File Tree] |-- Supermarket Simulator.exe [667,65 KB]
[Info   : File Tree] |-- UnityCrashHandler64.exe [1,61 MB]
[Info   : File Tree] |-- UnityPlayer.dll [35,72 MB]
[Info   : File Tree] \-- winhttp.dll [26,11 KB]
[Message: Timestamp] It is currently Sat, 29 Aug 2026 20:00:25 GMT according to time.cloudflare.com
[Info   :Brazilian Coin UV Composer] ========================================
[Info   :Brazilian Coin UV Composer] BRAZILIAN COIN UV COMPOSER CONCLUIDO.
[Info   :Brazilian Coin UV Composer] Moedas processadas: 1/5
[Info   :Brazilian Coin UV Composer] FINAL:
[Info   :Brazilian Coin UV Composer] B:\SteamLibrary\steamapps\common\Supermarket Simulator\BepInEx\plugins\CurrencyAssetAnalyzer\BrazilianCoinUVComposer\BrazilianCoinAtlas_FINAL.png
[Info   :Brazilian Coin UV Composer] PREVIEW:
[Info   :Brazilian Coin UV Composer] B:\SteamLibrary\steamapps\common\Supermarket Simulator\BepInEx\plugins\CurrencyAssetAnalyzer\BrazilianCoinUVComposer\BrazilianCoinAtlas_FINAL_PREVIEW.png
[Info   :Brazilian Coin UV Composer] REPORT:
[Info   :Brazilian Coin UV Composer] B:\SteamLibrary\steamapps\common\Supermarket Simulator\BepInEx\plugins\CurrencyAssetAnalyzer\BrazilianCoinUVComposer\BrazilianCoinUVComposerReport.txt
[Info   :Brazilian Coin UV Composer] ========================================
[Warning:  HarmonyX] AccessTools.GetTypesFromAssembly: assembly UnityEngine.MarshallingModule, Version=0.0.0.0, Culture=neutral, PublicKeyToken=null => System.Reflection.ReflectionTypeLoadException: Unable to load one or more of the requested types.
Could not load type 'BindingsMarshaller' from assembly 'UnityEngine.MarshallingModule, Version=0.0.0.0, Culture=neutral, PublicKeyToken=null' because the format is invalid.
   at System.Reflection.RuntimeModule.GetTypes(RuntimeModule module)
   at System.Reflection.Assembly.GetTypes()
   at HarmonyLib.AccessTools.GetTypesFromAssembly(Assembly assembly)
System.TypeLoadException: Could not load type 'BindingsMarshaller' from assembly 'UnityEngine.MarshallingModule, Version=0.0.0.0, Culture=neutral, PublicKeyToken=null' because the format is invalid.
[Warning:  HarmonyX] AccessTools.GetTypesFromAssembly: assembly UnityEngine.ParticleSystemModule, Version=0.0.0.0, Culture=neutral, PublicKeyToken=null => System.Reflection.ReflectionTypeLoadException: Unable to load one or more of the requested types.
Could not load type 'Seed4' from assembly 'UnityEngine.ParticleSystemModule, Version=0.0.0.0, Culture=neutral, PublicKeyToken=null' because the format is invalid.
Could not load type 'Initial' from assembly 'UnityEngine.ParticleSystemModule, Version=0.0.0.0, Culture=neutral, PublicKeyToken=null' because the format is invalid.
Could not load type 'Force' from assembly 'UnityEngine.ParticleSystemModule, Version=0.0.0.0, Culture=neutral, PublicKeyToken=null' because the format is invalid.
Could not load type 'Collision' from assembly 'UnityEngine.ParticleSystemModule, Version=0.0.0.0, Culture=neutral, PublicKeyToken=null' because the format is invalid.
   at System.Reflection.RuntimeModule.GetTypes(RuntimeModule module)
   at System.Reflection.Assembly.GetTypes()
   at HarmonyLib.AccessTools.GetTypesFromAssembly(Assembly assembly)
System.TypeLoadException: Could not load type 'Seed4' from assembly 'UnityEngine.ParticleSystemModule, Version=0.0.0.0, Culture=neutral, PublicKeyToken=null' because the format is invalid.
System.TypeLoadException: Could not load type 'Initial' from assembly 'UnityEngine.ParticleSystemModule, Version=0.0.0.0, Culture=neutral, PublicKeyToken=null' because the format is invalid.
System.TypeLoadException: Could not load type 'Force' from assembly 'UnityEngine.ParticleSystemModule, Version=0.0.0.0, Culture=neutral, PublicKeyToken=null' because the format is invalid.
System.TypeLoadException: Could not load type 'Collision' from assembly 'UnityEngine.ParticleSystemModule, Version=0.0.0.0, Culture=neutral, PublicKeyToken=null' because the format is invalid.
[Warning:  HarmonyX] AccessTools.GetTypesFromAssembly: assembly UnityEngine.Physics2DModule, Version=0.0.0.0, Culture=neutral, PublicKeyToken=null => System.Reflection.ReflectionTypeLoadException: Unable to load one or more of the requested types.
Could not load type 'LayerType' from assembly 'UnityEngine.Physics2DModule, Version=0.0.0.0, Culture=neutral, PublicKeyToken=null' because the format is invalid.
Could not load type 'Operation' from assembly 'UnityEngine.Physics2DModule, Version=0.0.0.0, Culture=neutral, PublicKeyToken=null' because the format is invalid.
Could not load type 'ManifoldPointArray' from assembly 'UnityEngine.Physics2DModule, Version=0.0.0.0, Culture=neutral, PublicKeyToken=null' because the format is invalid.
Could not load type 'State' from assembly 'UnityEngine.Physics2DModule, Version=0.0.0.0, Culture=neutral, PublicKeyToken=null' because the format is invalid.
   at System.Reflection.RuntimeModule.GetTypes(RuntimeModule module)
   at System.Reflection.Assembly.GetTypes()
   at HarmonyLib.AccessTools.GetTypesFromAssembly(Assembly assembly)
System.TypeLoadException: Could not load type 'LayerType' from assembly 'UnityEngine.Physics2DModule, Version=0.0.0.0, Culture=neutral, PublicKeyToken=null' because the format is invalid.
System.TypeLoadException: Could not load type 'Operation' from assembly 'UnityEngine.Physics2DModule, Version=0.0.0.0, Culture=neutral, PublicKeyToken=null' because the format is invalid.
System.TypeLoadException: Could not load type 'ManifoldPointArray' from assembly 'UnityEngine.Physics2DModule, Version=0.0.0.0, Culture=neutral, PublicKeyToken=null' because the format is invalid.
System.TypeLoadException: Could not load type 'State' from assembly 'UnityEngine.Physics2DModule, Version=0.0.0.0, Culture=neutral, PublicKeyToken=null' because the format is invalid.
[Warning:  HarmonyX] AccessTools.GetTypesFromAssembly: assembly UnityEngine.PhysicsModule, Version=0.0.0.0, Culture=neutral, PublicKeyToken=null => System.Reflection.ReflectionTypeLoadException: Unable to load one or more of the requested types.
Could not load type 'Flags' from assembly 'UnityEngine.PhysicsModule, Version=0.0.0.0, Culture=neutral, PublicKeyToken=null' because the format is invalid.
Could not load type 'SupportedUnityFeatures' from assembly 'UnityEngine.PhysicsModule, Version=0.0.0.0, Culture=neutral, PublicKeyToken=null' because the format is invalid.
   at System.Reflection.RuntimeModule.GetTypes(RuntimeModule module)
   at System.Reflection.Assembly.GetTypes()
   at HarmonyLib.AccessTools.GetTypesFromAssembly(Assembly assembly)
System.TypeLoadException: Could not load type 'Flags' from assembly 'UnityEngine.PhysicsModule, Version=0.0.0.0, Culture=neutral, PublicKeyToken=null' because the format is invalid.
System.TypeLoadException: Could not load type 'SupportedUnityFeatures' from assembly 'UnityEngine.PhysicsModule, Version=0.0.0.0, Culture=neutral, PublicKeyToken=null' because the format is invalid.
[Warning:  HarmonyX] AccessTools.GetTypesFromAssembly: assembly UnityEngine.VectorGraphicsModule, Version=0.0.0.0, Culture=neutral, PublicKeyToken=null => System.Reflection.ReflectionTypeLoadException: Unable to load one or more of the requested types.
Could not load type 'Pooled`1' from assembly 'UnityEngine.VectorGraphicsModule, Version=0.0.0.0, Culture=neutral, PublicKeyToken=null'.
Could not load type 'System.Collections.Generic.Dictionary`2' from assembly 'System.Runtime, Version=6.0.0.0, Culture=neutral, PublicKeyToken=b03f5f7f11d50a3a'.
Could not load type 'System.Collections.Generic.Dictionary`2' from assembly 'System.Runtime, Version=6.0.0.0, Culture=neutral, PublicKeyToken=b03f5f7f11d50a3a'.
Could not load type 'System.Collections.Generic.Dictionary`2' from assembly 'System.Runtime, Version=6.0.0.0, Culture=neutral, PublicKeyToken=b03f5f7f11d50a3a'.
Could not load type 'System.Collections.Generic.Dictionary`2' from assembly 'System.Runtime, Version=6.0.0.0, Culture=neutral, PublicKeyToken=b03f5f7f11d50a3a'.
Could not load type 'Pooled`1' from assembly 'UnityEngine.VectorGraphicsModule, Version=0.0.0.0, Culture=neutral, PublicKeyToken=null'.
Could not load type 'Pooled`1' from assembly 'UnityEngine.VectorGraphicsModule, Version=0.0.0.0, Culture=neutral, PublicKeyToken=null'.
Could not load type 'Pooled`1' from assembly 'UnityEngine.VectorGraphicsModule, Version=0.0.0.0, Culture=neutral, PublicKeyToken=null'.
Could not load type 'System.Collections.Generic.Dictionary`2' from assembly 'System.Runtime, Version=6.0.0.0, Culture=neutral, PublicKeyToken=b03f5f7f11d50a3a'.
   at System.Reflection.RuntimeModule.GetTypes(RuntimeModule module)
   at System.Reflection.Assembly.GetTypes()
   at HarmonyLib.AccessTools.GetTypesFromAssembly(Assembly assembly)
System.TypeLoadException: Could not load type 'Pooled`1' from assembly 'UnityEngine.VectorGraphicsModule, Version=0.0.0.0, Culture=neutral, PublicKeyToken=null'.
System.TypeLoadException: Could not load type 'System.Collections.Generic.Dictionary`2' from assembly 'System.Runtime, Version=6.0.0.0, Culture=neutral, PublicKeyToken=b03f5f7f11d50a3a'.
System.TypeLoadException: Could not load type 'System.Collections.Generic.Dictionary`2' from assembly 'System.Runtime, Version=6.0.0.0, Culture=neutral, PublicKeyToken=b03f5f7f11d50a3a'.
System.TypeLoadException: Could not load type 'System.Collections.Generic.Dictionary`2' from assembly 'System.Runtime, Version=6.0.0.0, Culture=neutral, PublicKeyToken=b03f5f7f11d50a3a'.
System.TypeLoadException: Could not load type 'System.Collections.Generic.Dictionary`2' from assembly 'System.Runtime, Version=6.0.0.0, Culture=neutral, PublicKeyToken=b03f5f7f11d50a3a'.
System.TypeLoadException: Could not load type 'Pooled`1' from assembly 'UnityEngine.VectorGraphicsModule, Version=0.0.0.0, Culture=neutral, PublicKeyToken=null'.
System.TypeLoadException: Could not load type 'Pooled`1' from assembly 'UnityEngine.VectorGraphicsModule, Version=0.0.0.0, Culture=neutral, PublicKeyToken=null'.
System.TypeLoadException: Could not load type 'Pooled`1' from assembly 'UnityEngine.VectorGraphicsModule, Version=0.0.0.0, Culture=neutral, PublicKeyToken=null'.
System.TypeLoadException: Could not load type 'System.Collections.Generic.Dictionary`2' from assembly 'System.Runtime, Version=6.0.0.0, Culture=neutral, PublicKeyToken=b03f5f7f11d50a3a'.
[Warning:  HarmonyX] AccessTools.GetTypesFromAssembly: assembly UnityEngine.VirtualTexturingModule, Version=0.0.0.0, Culture=neutral, PublicKeyToken=null => System.Reflection.ReflectionTypeLoadException: Unable to load one or more of the requested types.
Could not load type 'TextureStackBase`1' from assembly 'UnityEngine.VirtualTexturingModule, Version=0.0.0.0, Culture=neutral, PublicKeyToken=null'.
Could not load type 'TextureStackBase`1' from assembly 'UnityEngine.VirtualTexturingModule, Version=0.0.0.0, Culture=neutral, PublicKeyToken=null'.
   at System.Reflection.RuntimeModule.GetTypes(RuntimeModule module)
   at System.Reflection.Assembly.GetTypes()
   at HarmonyLib.AccessTools.GetTypesFromAssembly(Assembly assembly)
System.TypeLoadException: Could not load type 'TextureStackBase`1' from assembly 'UnityEngine.VirtualTexturingModule, Version=0.0.0.0, Culture=neutral, PublicKeyToken=null'.
System.TypeLoadException: Could not load type 'TextureStackBase`1' from assembly 'UnityEngine.VirtualTexturingModule, Version=0.0.0.0, Culture=neutral, PublicKeyToken=null'.
[Warning:  HarmonyX] AccessTools.GetTypesFromAssembly: assembly UnityEngine.UIElementsModule, Version=0.0.0.0, Culture=neutral, PublicKeyToken=null => System.Reflection.ReflectionTypeLoadException: Unable to load one or more of the requested types.
GenericArguments[0], 'UnityEngine.UIElements.PointerStationaryEvent', on 'UnityEngine.UIElements.EventBase`1[T]' violates the constraint of type parameter 'T'.
Could not load type 'LineNumberFullPathEqualityComparer' from assembly 'UnityEngine.UIElementsModule, Version=0.0.0.0, Culture=neutral, PublicKeyToken=null' because the format is invalid.
Could not load type 'PageStatistics' from assembly 'UnityEngine.UIElementsModule, Version=0.0.0.0, Culture=neutral, PublicKeyToken=null' because the format is invalid.
Could not load type 'UxmlSerializedData' from assembly 'UnityEngine.UIElementsModule, Version=0.0.0.0, Culture=neutral, PublicKeyToken=null'.
Could not load type 'UxmlSerializedData' from assembly 'UnityEngine.UIElementsModule, Version=0.0.0.0, Culture=neutral, PublicKeyToken=null'.
Could not load type 'UxmlSerializedData' from assembly 'UnityEngine.UIElementsModule, Version=0.0.0.0, Culture=neutral, PublicKeyToken=null'.
Could not load type 'UxmlSerializedData' from assembly 'UnityEngine.UIElementsModule, Version=0.0.0.0, Culture=neutral, PublicKeyToken=null'.
Could not load type 'UxmlSerializedData' from assembly 'UnityEngine.UIElementsModule, Version=0.0.0.0, Culture=neutral, PublicKeyToken=null'.
Could not load type 'UxmlSerializedData' from assembly 'UnityEngine.UIElementsModule, Version=0.0.0.0, Culture=neutral, PublicKeyToken=null'.
Could not load type 'UxmlSerializedData' from assembly 'UnityEngine.UIElementsModule, Version=0.0.0.0, Culture=neutral, PublicKeyToken=null'.
Could not load type 'UxmlSerializedData' from assembly 'UnityEngine.UIElementsModule, Version=0.0.0.0, Culture=neutral, PublicKeyToken=null'.
Could not load type 'UxmlSerializedData' from assembly 'UnityEngine.UIElementsModule, Version=0.0.0.0, Culture=neutral, PublicKeyToken=null'.
Could not load type 'UxmlSerializedData' from assembly 'UnityEngine.UIElementsModule, Version=0.0.0.0, Culture=neutral, PublicKeyToken=null'.
Could not load type 'UxmlSerializedData' from assembly 'UnityEngine.UIElementsModule, Version=0.0.0.0, Culture=neutral, PublicKeyToken=null'.
Could not load type 'UxmlSerializedData' from assembly 'UnityEngine.UIElementsModule, Version=0.0.0.0, Culture=neutral, PublicKeyToken=null'.
Could not load type 'UxmlSerializedData' from assembly 'UnityEngine.UIElementsModule, Version=0.0.0.0, Culture=neutral, PublicKeyToken=null'.
Could not load type 'UxmlSerializedData' from assembly 'UnityEngine.UIElementsModule, Version=0.0.0.0, Culture=neutral, PublicKeyToken=null'.
Could not load type 'UxmlSerializedData' from assembly 'UnityEngine.UIElementsModule, Version=0.0.0.0, Culture=neutral, PublicKeyToken=null'.
Could not load type 'UxmlSerializedData' from assembly 'UnityEngine.UIElementsModule, Version=0.0.0.0, Culture=neutral, PublicKeyToken=null'.
Could not load type 'UxmlSerializedData' from assembly 'UnityEngine.UIElementsModule, Version=0.0.0.0, Culture=neutral, PublicKeyToken=null'.
Could not load type 'UxmlSerializedData' from assembly 'UnityEngine.UIElementsModule, Version=0.0.0.0, Culture=neutral, PublicKeyToken=null'.
Could not load type 'UxmlSerializedData' from assembly 'UnityEngine.UIElementsModule, Version=0.0.0.0, Culture=neutral, PublicKeyToken=null'.
Could not load type 'UxmlSerializedData' from assembly 'UnityEngine.UIElementsModule, Version=0.0.0.0, Culture=neutral, PublicKeyToken=null'.
Could not load type 'UxmlSerializedData' from assembly 'UnityEngine.UIElementsModule, Version=0.0.0.0, Culture=neutral, PublicKeyToken=null'.
Could not load type 'UxmlSerializedData' from assembly 'UnityEngine.UIElementsModule, Version=0.0.0.0, Culture=neutral, PublicKeyToken=null'.
Could not load type 'UxmlSerializedData' from assembly 'UnityEngine.UIElementsModule, Version=0.0.0.0, Culture=neutral, PublicKeyToken=null'.
Could not load type 'UxmlSerializedData' from assembly 'UnityEngine.UIElementsModule, Version=0.0.0.0, Culture=neutral, PublicKeyToken=null'.
Could not load type 'UxmlSerializedData' from assembly 'UnityEngine.UIElementsModule, Version=0.0.0.0, Culture=neutral, PublicKeyToken=null'.
Could not load type 'UxmlSerializedData' from assembly 'UnityEngine.UIElementsModule, Version=0.0.0.0, Culture=neutral, PublicKeyToken=null'.
Could not load type 'UxmlSerializedData' from assembly 'UnityEngine.UIElementsModule, Version=0.0.0.0, Culture=neutral, PublicKeyToken=null'.
Could not load type 'UxmlSerializedData' from assembly 'UnityEngine.UIElementsModule, Version=0.0.0.0, Culture=neutral, PublicKeyToken=null'.
Could not load type 'UnityEngine.UIElements.FilterFunction' from assembly 'UnityEngine.UIElementsModule, Version=0.0.0.0, Culture=neutral, PublicKeyToken=null' due to value type mismatch.
Could not load type 'UxmlSerializedData' from assembly 'UnityEngine.UIElementsModule, Version=0.0.0.0, Culture=neutral, PublicKeyToken=null'.
Could not load type 'UxmlSerializedData' from assembly 'UnityEngine.UIElementsModule, Version=0.0.0.0, Culture=neutral, PublicKeyToken=null'.
Could not load type 'UxmlSerializedData' from assembly 'UnityEngine.UIElementsModule, Version=0.0.0.0, Culture=neutral, PublicKeyToken=null'.
Could not load type 'UxmlSerializedData' from assembly 'UnityEngine.UIElementsModule, Version=0.0.0.0, Culture=neutral, PublicKeyToken=null'.
Could not load type 'UxmlSerializedData' from assembly 'UnityEngine.UIElementsModule, Version=0.0.0.0, Culture=neutral, PublicKeyToken=null'.
Could not load type 'UxmlSerializedData' from assembly 'UnityEngine.UIElementsModule, Version=0.0.0.0, Culture=neutral, PublicKeyToken=null'.
Could not load type 'UxmlSerializedData' from assembly 'UnityEngine.UIElementsModule, Version=0.0.0.0, Culture=neutral, PublicKeyToken=null'.
Could not load type 'UnityEngine.UIElements.FilterFunction' from assembly 'UnityEngine.UIElementsModule, Version=0.0.0.0, Culture=neutral, PublicKeyToken=null' due to value type mismatch.
Could not load type 'UnityEngine.UIElements.FilterFunction' from assembly 'UnityEngine.UIElementsModule, Version=0.0.0.0, Culture=neutral, PublicKeyToken=null' due to value type mismatch.
   at System.Reflection.RuntimeModule.GetTypes(RuntimeModule module)
   at System.Reflection.Assembly.GetTypes()
   at HarmonyLib.AccessTools.GetTypesFromAssembly(Assembly assembly)
System.TypeLoadException: GenericArguments[0], 'UnityEngine.UIElements.PointerStationaryEvent', on 'UnityEngine.UIElements.EventBase`1[T]' violates the constraint of type parameter 'T'.
System.TypeLoadException: Could not load type 'LineNumberFullPathEqualityComparer' from assembly 'UnityEngine.UIElementsModule, Version=0.0.0.0, Culture=neutral, PublicKeyToken=null' because the format is invalid.
System.TypeLoadException: Could not load type 'PageStatistics' from assembly 'UnityEngine.UIElementsModule, Version=0.0.0.0, Culture=neutral, PublicKeyToken=null' because the format is invalid.
System.TypeLoadException: Could not load type 'UxmlSerializedData' from assembly 'UnityEngine.UIElementsModule, Version=0.0.0.0, Culture=neutral, PublicKeyToken=null'.
System.TypeLoadException: Could not load type 'UxmlSerializedData' from assembly 'UnityEngine.UIElementsModule, Version=0.0.0.0, Culture=neutral, PublicKeyToken=null'.
System.TypeLoadException: Could not load type 'UxmlSerializedData' from assembly 'UnityEngine.UIElementsModule, Version=0.0.0.0, Culture=neutral, PublicKeyToken=null'.
System.TypeLoadException: Could not load type 'UxmlSerializedData' from assembly 'UnityEngine.UIElementsModule, Version=0.0.0.0, Culture=neutral, PublicKeyToken=null'.
System.TypeLoadException: Could not load type 'UxmlSerializedData' from assembly 'UnityEngine.UIElementsModule, Version=0.0.0.0, Culture=neutral, PublicKeyToken=null'.
System.TypeLoadException: Could not load type 'UxmlSerializedData' from assembly 'UnityEngine.UIElementsModule, Version=0.0.0.0, Culture=neutral, PublicKeyToken=null'.
System.TypeLoadException: Could not load type 'UxmlSerializedData' from assembly 'UnityEngine.UIElementsModule, Version=0.0.0.0, Culture=neutral, PublicKeyToken=null'.
System.TypeLoadException: Could not load type 'UxmlSerializedData' from assembly 'UnityEngine.UIElementsModule, Version=0.0.0.0, Culture=neutral, PublicKeyToken=null'.
System.TypeLoadException: Could not load type 'UxmlSerializedData' from assembly 'UnityEngine.UIElementsModule, Version=0.0.0.0, Culture=neutral, PublicKeyToken=null'.
System.TypeLoadException: Could not load type 'UxmlSerializedData' from assembly 'UnityEngine.UIElementsModule, Version=0.0.0.0, Culture=neutral, PublicKeyToken=null'.
System.TypeLoadException: Could not load type 'UxmlSerializedData' from assembly 'UnityEngine.UIElementsModule, Version=0.0.0.0, Culture=neutral, PublicKeyToken=null'.
System.TypeLoadException: Could not load type 'UxmlSerializedData' from assembly 'UnityEngine.UIElementsModule, Version=0.0.0.0, Culture=neutral, PublicKeyToken=null'.
System.TypeLoadException: Could not load type 'UxmlSerializedData' from assembly 'UnityEngine.UIElementsModule, Version=0.0.0.0, Culture=neutral, PublicKeyToken=null'.
System.TypeLoadException: Could not load type 'UxmlSerializedData' from assembly 'UnityEngine.UIElementsModule, Version=0.0.0.0, Culture=neutral, PublicKeyToken=null'.
System.TypeLoadException: Could not load type 'UxmlSerializedData' from assembly 'UnityEngine.UIElementsModule, Version=0.0.0.0, Culture=neutral, PublicKeyToken=null'.
System.TypeLoadException: Could not load type 'UxmlSerializedData' from assembly 'UnityEngine.UIElementsModule, Version=0.0.0.0, Culture=neutral, PublicKeyToken=null'.
System.TypeLoadException: Could not load type 'UxmlSerializedData' from assembly 'UnityEngine.UIElementsModule, Version=0.0.0.0, Culture=neutral, PublicKeyToken=null'.
System.TypeLoadException: Could not load type 'UxmlSerializedData' from assembly 'UnityEngine.UIElementsModule, Version=0.0.0.0, Culture=neutral, PublicKeyToken=null'.
System.TypeLoadException: Could not load type 'UxmlSerializedData' from assembly 'UnityEngine.UIElementsModule, Version=0.0.0.0, Culture=neutral, PublicKeyToken=null'.
System.TypeLoadException: Could not load type 'UxmlSerializedData' from assembly 'UnityEngine.UIElementsModule, Version=0.0.0.0, Culture=neutral, PublicKeyToken=null'.
System.TypeLoadException: Could not load type 'UxmlSerializedData' from assembly 'UnityEngine.UIElementsModule, Version=0.0.0.0, Culture=neutral, PublicKeyToken=null'.
System.TypeLoadException: Could not load type 'UxmlSerializedData' from assembly 'UnityEngine.UIElementsModule, Version=0.0.0.0, Culture=neutral, PublicKeyToken=null'.
System.TypeLoadException: Could not load type 'UxmlSerializedData' from assembly 'UnityEngine.UIElementsModule, Version=0.0.0.0, Culture=neutral, PublicKeyToken=null'.
System.TypeLoadException: Could not load type 'UxmlSerializedData' from assembly 'UnityEngine.UIElementsModule, Version=0.0.0.0, Culture=neutral, PublicKeyToken=null'.
System.TypeLoadException: Could not load type 'UxmlSerializedData' from assembly 'UnityEngine.UIElementsModule, Version=0.0.0.0, Culture=neutral, PublicKeyToken=null'.
System.TypeLoadException: Could not load type 'UxmlSerializedData' from assembly 'UnityEngine.UIElementsModule, Version=0.0.0.0, Culture=neutral, PublicKeyToken=null'.
System.TypeLoadException: Could not load type 'UxmlSerializedData' from assembly 'UnityEngine.UIElementsModule, Version=0.0.0.0, Culture=neutral, PublicKeyToken=null'.
System.TypeLoadException: Could not load type 'UxmlSerializedData' from assembly 'UnityEngine.UIElementsModule, Version=0.0.0.0, Culture=neutral, PublicKeyToken=null'.
System.TypeLoadException: Could not load type 'UnityEngine.UIElements.FilterFunction' from assembly 'UnityEngine.UIElementsModule, Version=0.0.0.0, Culture=neutral, PublicKeyToken=null' due to value type mismatch.
System.TypeLoadException: Could not load type 'UxmlSerializedData' from assembly 'UnityEngine.UIElementsModule, Version=0.0.0.0, Culture=neutral, PublicKeyToken=null'.
System.TypeLoadException: Could not load type 'UxmlSerializedData' from assembly 'UnityEngine.UIElementsModule, Version=0.0.0.0, Culture=neutral, PublicKeyToken=null'.
System.TypeLoadException: Could not load type 'UxmlSerializedData' from assembly 'UnityEngine.UIElementsModule, Version=0.0.0.0, Culture=neutral, PublicKeyToken=null'.
System.TypeLoadException: Could not load type 'UxmlSerializedData' from assembly 'UnityEngine.UIElementsModule, Version=0.0.0.0, Culture=neutral, PublicKeyToken=null'.
System.TypeLoadException: Could not load type 'UxmlSerializedData' from assembly 'UnityEngine.UIElementsModule, Version=0.0.0.0, Culture=neutral, PublicKeyToken=null'.
System.TypeLoadException: Could not load type 'UxmlSerializedData' from assembly 'UnityEngine.UIElementsModule, Version=0.0.0.0, Culture=neutral, PublicKeyToken=null'.
System.TypeLoadException: Could not load type 'UxmlSerializedData' from assembly 'UnityEngine.UIElementsModule, Version=0.0.0.0, Culture=neutral, PublicKeyToken=null'.
System.TypeLoadException: Could not load type 'UnityEngine.UIElements.FilterFunction' from assembly 'UnityEngine.UIElementsModule, Version=0.0.0.0, Culture=neutral, PublicKeyToken=null' due to value type mismatch.
System.TypeLoadException: Could not load type 'UnityEngine.UIElements.FilterFunction' from assembly 'UnityEngine.UIElementsModule, Version=0.0.0.0, Culture=neutral, PublicKeyToken=null' due to value type mismatch.
[Warning:  HarmonyX] AccessTools.GetTypesFromAssembly: assembly __Generated, Version=0.0.0.0, Culture=neutral, PublicKeyToken=null => System.Reflection.ReflectionTypeLoadException: Unable to load one or more of the requested types.
Failure has occurred while loading a type.
   at System.Reflection.RuntimeModule.GetTypes(RuntimeModule module)
   at System.Reflection.Assembly.GetTypes()
   at HarmonyLib.AccessTools.GetTypesFromAssembly(Assembly assembly)
System.TypeLoadException: Failure has occurred while loading a type.
[Warning:  HarmonyX] AccessTools.GetTypesFromAssembly: assembly UnityEngine.CoreModule, Version=0.0.0.0, Culture=neutral, PublicKeyToken=null => System.Reflection.ReflectionTypeLoadException: Unable to load one or more of the requested types.
Could not load type 'DirectChildrenEnumerable' from assembly 'UnityEngine.CoreModule, Version=0.0.0.0, Culture=neutral, PublicKeyToken=null' because the format is invalid.
Could not load type '<>c' from assembly 'UnityEngine.CoreModule, Version=0.0.0.0, Culture=neutral, PublicKeyToken=null' because the format is invalid.
Could not load type 'IdentityAttributes' from assembly 'UnityEngine.CoreModule, Version=0.0.0.0, Culture=neutral, PublicKeyToken=null' because the format is invalid.
   at System.Reflection.RuntimeModule.GetTypes(RuntimeModule module)
   at System.Reflection.Assembly.GetTypes()
   at HarmonyLib.AccessTools.GetTypesFromAssembly(Assembly assembly)
System.TypeLoadException: Could not load type 'DirectChildrenEnumerable' from assembly 'UnityEngine.CoreModule, Version=0.0.0.0, Culture=neutral, PublicKeyToken=null' because the format is invalid.
System.TypeLoadException: Could not load type '<>c' from assembly 'UnityEngine.CoreModule, Version=0.0.0.0, Culture=neutral, PublicKeyToken=null' because the format is invalid.
System.TypeLoadException: Could not load type 'IdentityAttributes' from assembly 'UnityEngine.CoreModule, Version=0.0.0.0, Culture=neutral, PublicKeyToken=null' because the format is invalid.
[Warning:  HarmonyX] AccessTools.GetTypesFromAssembly: assembly UnityEngine.MarshallingModule, Version=0.0.0.0, Culture=neutral, PublicKeyToken=null => System.Reflection.ReflectionTypeLoadException: Unable to load one or more of the requested types.
Could not load type 'BindingsMarshaller' from assembly 'UnityEngine.MarshallingModule, Version=0.0.0.0, Culture=neutral, PublicKeyToken=null' because the format is invalid.
   at System.Reflection.RuntimeModule.GetTypes(RuntimeModule module)
   at System.Reflection.Assembly.GetTypes()
   at HarmonyLib.AccessTools.GetTypesFromAssembly(Assembly assembly)
System.TypeLoadException: Could not load type 'BindingsMarshaller' from assembly 'UnityEngine.MarshallingModule, Version=0.0.0.0, Culture=neutral, PublicKeyToken=null' because the format is invalid.
[Warning:  HarmonyX] AccessTools.GetTypesFromAssembly: assembly UnityEngine.ParticleSystemModule, Version=0.0.0.0, Culture=neutral, PublicKeyToken=null => System.Reflection.ReflectionTypeLoadException: Unable to load one or more of the requested types.
Could not load type 'Seed4' from assembly 'UnityEngine.ParticleSystemModule, Version=0.0.0.0, Culture=neutral, PublicKeyToken=null' because the format is invalid.
Could not load type 'Initial' from assembly 'UnityEngine.ParticleSystemModule, Version=0.0.0.0, Culture=neutral, PublicKeyToken=null' because the format is invalid.
Could not load type 'Force' from assembly 'UnityEngine.ParticleSystemModule, Version=0.0.0.0, Culture=neutral, PublicKeyToken=null' because the format is invalid.
Could not load type 'Collision' from assembly 'UnityEngine.ParticleSystemModule, Version=0.0.0.0, Culture=neutral, PublicKeyToken=null' because the format is invalid.
   at System.Reflection.RuntimeModule.GetTypes(RuntimeModule module)
   at System.Reflection.Assembly.GetTypes()
   at HarmonyLib.AccessTools.GetTypesFromAssembly(Assembly assembly)
System.TypeLoadException: Could not load type 'Seed4' from assembly 'UnityEngine.ParticleSystemModule, Version=0.0.0.0, Culture=neutral, PublicKeyToken=null' because the format is invalid.
System.TypeLoadException: Could not load type 'Initial' from assembly 'UnityEngine.ParticleSystemModule, Version=0.0.0.0, Culture=neutral, PublicKeyToken=null' because the format is invalid.
System.TypeLoadException: Could not load type 'Force' from assembly 'UnityEngine.ParticleSystemModule, Version=0.0.0.0, Culture=neutral, PublicKeyToken=null' because the format is invalid.
System.TypeLoadException: Could not load type 'Collision' from assembly 'UnityEngine.ParticleSystemModule, Version=0.0.0.0, Culture=neutral, PublicKeyToken=null' because the format is invalid.
[Warning:  HarmonyX] AccessTools.GetTypesFromAssembly: assembly UnityEngine.Physics2DModule, Version=0.0.0.0, Culture=neutral, PublicKeyToken=null => System.Reflection.ReflectionTypeLoadException: Unable to load one or more of the requested types.
Could not load type 'LayerType' from assembly 'UnityEngine.Physics2DModule, Version=0.0.0.0, Culture=neutral, PublicKeyToken=null' because the format is invalid.
Could not load type 'Operation' from assembly 'UnityEngine.Physics2DModule, Version=0.0.0.0, Culture=neutral, PublicKeyToken=null' because the format is invalid.
Could not load type 'ManifoldPointArray' from assembly 'UnityEngine.Physics2DModule, Version=0.0.0.0, Culture=neutral, PublicKeyToken=null' because the format is invalid.
Could not load type 'State' from assembly 'UnityEngine.Physics2DModule, Version=0.0.0.0, Culture=neutral, PublicKeyToken=null' because the format is invalid.
   at System.Reflection.RuntimeModule.GetTypes(RuntimeModule module)
   at System.Reflection.Assembly.GetTypes()
   at HarmonyLib.AccessTools.GetTypesFromAssembly(Assembly assembly)
System.TypeLoadException: Could not load type 'LayerType' from assembly 'UnityEngine.Physics2DModule, Version=0.0.0.0, Culture=neutral, PublicKeyToken=null' because the format is invalid.
System.TypeLoadException: Could not load type 'Operation' from assembly 'UnityEngine.Physics2DModule, Version=0.0.0.0, Culture=neutral, PublicKeyToken=null' because the format is invalid.
System.TypeLoadException: Could not load type 'ManifoldPointArray' from assembly 'UnityEngine.Physics2DModule, Version=0.0.0.0, Culture=neutral, PublicKeyToken=null' because the format is invalid.
System.TypeLoadException: Could not load type 'State' from assembly 'UnityEngine.Physics2DModule, Version=0.0.0.0, Culture=neutral, PublicKeyToken=null' because the format is invalid.
[Warning:  HarmonyX] AccessTools.GetTypesFromAssembly: assembly UnityEngine.PhysicsModule, Version=0.0.0.0, Culture=neutral, PublicKeyToken=null => System.Reflection.ReflectionTypeLoadException: Unable to load one or more of the requested types.
Could not load type 'Flags' from assembly 'UnityEngine.PhysicsModule, Version=0.0.0.0, Culture=neutral, PublicKeyToken=null' because the format is invalid.
Could not load type 'SupportedUnityFeatures' from assembly 'UnityEngine.PhysicsModule, Version=0.0.0.0, Culture=neutral, PublicKeyToken=null' because the format is invalid.
   at System.Reflection.RuntimeModule.GetTypes(RuntimeModule module)
   at System.Reflection.Assembly.GetTypes()
   at HarmonyLib.AccessTools.GetTypesFromAssembly(Assembly assembly)
System.TypeLoadException: Could not load type 'Flags' from assembly 'UnityEngine.PhysicsModule, Version=0.0.0.0, Culture=neutral, PublicKeyToken=null' because the format is invalid.
System.TypeLoadException: Could not load type 'SupportedUnityFeatures' from assembly 'UnityEngine.PhysicsModule, Version=0.0.0.0, Culture=neutral, PublicKeyToken=null' because the format is invalid.
[Warning:  HarmonyX] AccessTools.GetTypesFromAssembly: assembly UnityEngine.VectorGraphicsModule, Version=0.0.0.0, Culture=neutral, PublicKeyToken=null => System.Reflection.ReflectionTypeLoadException: Unable to load one or more of the requested types.
Could not load type 'Pooled`1' from assembly 'UnityEngine.VectorGraphicsModule, Version=0.0.0.0, Culture=neutral, PublicKeyToken=null'.
Could not load type 'System.Collections.Generic.Dictionary`2' from assembly 'System.Runtime, Version=6.0.0.0, Culture=neutral, PublicKeyToken=b03f5f7f11d50a3a'.
Could not load type 'System.Collections.Generic.Dictionary`2' from assembly 'System.Runtime, Version=6.0.0.0, Culture=neutral, PublicKeyToken=b03f5f7f11d50a3a'.
Could not load type 'System.Collections.Generic.Dictionary`2' from assembly 'System.Runtime, Version=6.0.0.0, Culture=neutral, PublicKeyToken=b03f5f7f11d50a3a'.
Could not load type 'System.Collections.Generic.Dictionary`2' from assembly 'System.Runtime, Version=6.0.0.0, Culture=neutral, PublicKeyToken=b03f5f7f11d50a3a'.
Could not load type 'Pooled`1' from assembly 'UnityEngine.VectorGraphicsModule, Version=0.0.0.0, Culture=neutral, PublicKeyToken=null'.
Could not load type 'Pooled`1' from assembly 'UnityEngine.VectorGraphicsModule, Version=0.0.0.0, Culture=neutral, PublicKeyToken=null'.
Could not load type 'Pooled`1' from assembly 'UnityEngine.VectorGraphicsModule, Version=0.0.0.0, Culture=neutral, PublicKeyToken=null'.
Could not load type 'System.Collections.Generic.Dictionary`2' from assembly 'System.Runtime, Version=6.0.0.0, Culture=neutral, PublicKeyToken=b03f5f7f11d50a3a'.
   at System.Reflection.RuntimeModule.GetTypes(RuntimeModule module)
   at System.Reflection.Assembly.GetTypes()
   at HarmonyLib.AccessTools.GetTypesFromAssembly(Assembly assembly)
System.TypeLoadException: Could not load type 'Pooled`1' from assembly 'UnityEngine.VectorGraphicsModule, Version=0.0.0.0, Culture=neutral, PublicKeyToken=null'.
System.TypeLoadException: Could not load type 'System.Collections.Generic.Dictionary`2' from assembly 'System.Runtime, Version=6.0.0.0, Culture=neutral, PublicKeyToken=b03f5f7f11d50a3a'.
System.TypeLoadException: Could not load type 'System.Collections.Generic.Dictionary`2' from assembly 'System.Runtime, Version=6.0.0.0, Culture=neutral, PublicKeyToken=b03f5f7f11d50a3a'.
System.TypeLoadException: Could not load type 'System.Collections.Generic.Dictionary`2' from assembly 'System.Runtime, Version=6.0.0.0, Culture=neutral, PublicKeyToken=b03f5f7f11d50a3a'.
System.TypeLoadException: Could not load type 'System.Collections.Generic.Dictionary`2' from assembly 'System.Runtime, Version=6.0.0.0, Culture=neutral, PublicKeyToken=b03f5f7f11d50a3a'.
System.TypeLoadException: Could not load type 'Pooled`1' from assembly 'UnityEngine.VectorGraphicsModule, Version=0.0.0.0, Culture=neutral, PublicKeyToken=null'.
System.TypeLoadException: Could not load type 'Pooled`1' from assembly 'UnityEngine.VectorGraphicsModule, Version=0.0.0.0, Culture=neutral, PublicKeyToken=null'.
System.TypeLoadException: Could not load type 'Pooled`1' from assembly 'UnityEngine.VectorGraphicsModule, Version=0.0.0.0, Culture=neutral, PublicKeyToken=null'.
System.TypeLoadException: Could not load type 'System.Collections.Generic.Dictionary`2' from assembly 'System.Runtime, Version=6.0.0.0, Culture=neutral, PublicKeyToken=b03f5f7f11d50a3a'.
[Warning:  HarmonyX] AccessTools.GetTypesFromAssembly: assembly UnityEngine.VirtualTexturingModule, Version=0.0.0.0, Culture=neutral, PublicKeyToken=null => System.Reflection.ReflectionTypeLoadException: Unable to load one or more of the requested types.
Could not load type 'TextureStackBase`1' from assembly 'UnityEngine.VirtualTexturingModule, Version=0.0.0.0, Culture=neutral, PublicKeyToken=null'.
Could not load type 'TextureStackBase`1' from assembly 'UnityEngine.VirtualTexturingModule, Version=0.0.0.0, Culture=neutral, PublicKeyToken=null'.
   at System.Reflection.RuntimeModule.GetTypes(RuntimeModule module)
   at System.Reflection.Assembly.GetTypes()
   at HarmonyLib.AccessTools.GetTypesFromAssembly(Assembly assembly)
System.TypeLoadException: Could not load type 'TextureStackBase`1' from assembly 'UnityEngine.VirtualTexturingModule, Version=0.0.0.0, Culture=neutral, PublicKeyToken=null'.
System.TypeLoadException: Could not load type 'TextureStackBase`1' from assembly 'UnityEngine.VirtualTexturingModule, Version=0.0.0.0, Culture=neutral, PublicKeyToken=null'.
[Warning:  HarmonyX] AccessTools.GetTypesFromAssembly: assembly UnityEngine.UIElementsModule, Version=0.0.0.0, Culture=neutral, PublicKeyToken=null => System.Reflection.ReflectionTypeLoadException: Unable to load one or more of the requested types.
GenericArguments[0], 'UnityEngine.UIElements.PointerStationaryEvent', on 'UnityEngine.UIElements.EventBase`1[T]' violates the constraint of type parameter 'T'.
Could not load type 'LineNumberFullPathEqualityComparer' from assembly 'UnityEngine.UIElementsModule, Version=0.0.0.0, Culture=neutral, PublicKeyToken=null' because the format is invalid.
Could not load type 'PageStatistics' from assembly 'UnityEngine.UIElementsModule, Version=0.0.0.0, Culture=neutral, PublicKeyToken=null' because the format is invalid.
Could not load type 'UxmlSerializedData' from assembly 'UnityEngine.UIElementsModule, Version=0.0.0.0, Culture=neutral, PublicKeyToken=null'.
Could not load type 'UxmlSerializedData' from assembly 'UnityEngine.UIElementsModule, Version=0.0.0.0, Culture=neutral, PublicKeyToken=null'.
Could not load type 'UxmlSerializedData' from assembly 'UnityEngine.UIElementsModule, Version=0.0.0.0, Culture=neutral, PublicKeyToken=null'.
Could not load type 'UxmlSerializedData' from assembly 'UnityEngine.UIElementsModule, Version=0.0.0.0, Culture=neutral, PublicKeyToken=null'.
Could not load type 'UxmlSerializedData' from assembly 'UnityEngine.UIElementsModule, Version=0.0.0.0, Culture=neutral, PublicKeyToken=null'.
Could not load type 'UxmlSerializedData' from assembly 'UnityEngine.UIElementsModule, Version=0.0.0.0, Culture=neutral, PublicKeyToken=null'.
Could not load type 'UxmlSerializedData' from assembly 'UnityEngine.UIElementsModule, Version=0.0.0.0, Culture=neutral, PublicKeyToken=null'.
Could not load type 'UxmlSerializedData' from assembly 'UnityEngine.UIElementsModule, Version=0.0.0.0, Culture=neutral, PublicKeyToken=null'.
Could not load type 'UxmlSerializedData' from assembly 'UnityEngine.UIElementsModule, Version=0.0.0.0, Culture=neutral, PublicKeyToken=null'.
Could not load type 'UxmlSerializedData' from assembly 'UnityEngine.UIElementsModule, Version=0.0.0.0, Culture=neutral, PublicKeyToken=null'.
Could not load type 'UxmlSerializedData' from assembly 'UnityEngine.UIElementsModule, Version=0.0.0.0, Culture=neutral, PublicKeyToken=null'.
Could not load type 'UxmlSerializedData' from assembly 'UnityEngine.UIElementsModule, Version=0.0.0.0, Culture=neutral, PublicKeyToken=null'.
Could not load type 'UxmlSerializedData' from assembly 'UnityEngine.UIElementsModule, Version=0.0.0.0, Culture=neutral, PublicKeyToken=null'.
Could not load type 'UxmlSerializedData' from assembly 'UnityEngine.UIElementsModule, Version=0.0.0.0, Culture=neutral, PublicKeyToken=null'.
Could not load type 'UxmlSerializedData' from assembly 'UnityEngine.UIElementsModule, Version=0.0.0.0, Culture=neutral, PublicKeyToken=null'.
Could not load type 'UxmlSerializedData' from assembly 'UnityEngine.UIElementsModule, Version=0.0.0.0, Culture=neutral, PublicKeyToken=null'.
Could not load type 'UxmlSerializedData' from assembly 'UnityEngine.UIElementsModule, Version=0.0.0.0, Culture=neutral, PublicKeyToken=null'.
Could not load type 'UxmlSerializedData' from assembly 'UnityEngine.UIElementsModule, Version=0.0.0.0, Culture=neutral, PublicKeyToken=null'.
Could not load type 'UxmlSerializedData' from assembly 'UnityEngine.UIElementsModule, Version=0.0.0.0, Culture=neutral, PublicKeyToken=null'.
Could not load type 'UxmlSerializedData' from assembly 'UnityEngine.UIElementsModule, Version=0.0.0.0, Culture=neutral, PublicKeyToken=null'.
Could not load type 'UxmlSerializedData' from assembly 'UnityEngine.UIElementsModule, Version=0.0.0.0, Culture=neutral, PublicKeyToken=null'.
Could not load type 'UxmlSerializedData' from assembly 'UnityEngine.UIElementsModule, Version=0.0.0.0, Culture=neutral, PublicKeyToken=null'.
Could not load type 'UxmlSerializedData' from assembly 'UnityEngine.UIElementsModule, Version=0.0.0.0, Culture=neutral, PublicKeyToken=null'.
Could not load type 'UxmlSerializedData' from assembly 'UnityEngine.UIElementsModule, Version=0.0.0.0, Culture=neutral, PublicKeyToken=null'.
Could not load type 'UxmlSerializedData' from assembly 'UnityEngine.UIElementsModule, Version=0.0.0.0, Culture=neutral, PublicKeyToken=null'.
Could not load type 'UxmlSerializedData' from assembly 'UnityEngine.UIElementsModule, Version=0.0.0.0, Culture=neutral, PublicKeyToken=null'.
Could not load type 'UxmlSerializedData' from assembly 'UnityEngine.UIElementsModule, Version=0.0.0.0, Culture=neutral, PublicKeyToken=null'.
Could not load type 'UxmlSerializedData' from assembly 'UnityEngine.UIElementsModule, Version=0.0.0.0, Culture=neutral, PublicKeyToken=null'.
Could not load type 'UnityEngine.UIElements.FilterFunction' from assembly 'UnityEngine.UIElementsModule, Version=0.0.0.0, Culture=neutral, PublicKeyToken=null' due to value type mismatch.
Could not load type 'UxmlSerializedData' from assembly 'UnityEngine.UIElementsModule, Version=0.0.0.0, Culture=neutral, PublicKeyToken=null'.
Could not load type 'UxmlSerializedData' from assembly 'UnityEngine.UIElementsModule, Version=0.0.0.0, Culture=neutral, PublicKeyToken=null'.
Could not load type 'UxmlSerializedData' from assembly 'UnityEngine.UIElementsModule, Version=0.0.0.0, Culture=neutral, PublicKeyToken=null'.
Could not load type 'UxmlSerializedData' from assembly 'UnityEngine.UIElementsModule, Version=0.0.0.0, Culture=neutral, PublicKeyToken=null'.
Could not load type 'UxmlSerializedData' from assembly 'UnityEngine.UIElementsModule, Version=0.0.0.0, Culture=neutral, PublicKeyToken=null'.
Could not load type 'UxmlSerializedData' from assembly 'UnityEngine.UIElementsModule, Version=0.0.0.0, Culture=neutral, PublicKeyToken=null'.
Could not load type 'UxmlSerializedData' from assembly 'UnityEngine.UIElementsModule, Version=0.0.0.0, Culture=neutral, PublicKeyToken=null'.
Could not load type 'UnityEngine.UIElements.FilterFunction' from assembly 'UnityEngine.UIElementsModule, Version=0.0.0.0, Culture=neutral, PublicKeyToken=null' due to value type mismatch.
Could not load type 'UnityEngine.UIElements.FilterFunction' from assembly 'UnityEngine.UIElementsModule, Version=0.0.0.0, Culture=neutral, PublicKeyToken=null' due to value type mismatch.
   at System.Reflection.RuntimeModule.GetTypes(RuntimeModule module)
   at System.Reflection.Assembly.GetTypes()
   at HarmonyLib.AccessTools.GetTypesFromAssembly(Assembly assembly)
System.TypeLoadException: GenericArguments[0], 'UnityEngine.UIElements.PointerStationaryEvent', on 'UnityEngine.UIElements.EventBase`1[T]' violates the constraint of type parameter 'T'.
System.TypeLoadException: Could not load type 'LineNumberFullPathEqualityComparer' from assembly 'UnityEngine.UIElementsModule, Version=0.0.0.0, Culture=neutral, PublicKeyToken=null' because the format is invalid.
System.TypeLoadException: Could not load type 'PageStatistics' from assembly 'UnityEngine.UIElementsModule, Version=0.0.0.0, Culture=neutral, PublicKeyToken=null' because the format is invalid.
System.TypeLoadException: Could not load type 'UxmlSerializedData' from assembly 'UnityEngine.UIElementsModule, Version=0.0.0.0, Culture=neutral, PublicKeyToken=null'.
System.TypeLoadException: Could not load type 'UxmlSerializedData' from assembly 'UnityEngine.UIElementsModule, Version=0.0.0.0, Culture=neutral, PublicKeyToken=null'.
System.TypeLoadException: Could not load type 'UxmlSerializedData' from assembly 'UnityEngine.UIElementsModule, Version=0.0.0.0, Culture=neutral, PublicKeyToken=null'.
System.TypeLoadException: Could not load type 'UxmlSerializedData' from assembly 'UnityEngine.UIElementsModule, Version=0.0.0.0, Culture=neutral, PublicKeyToken=null'.
System.TypeLoadException: Could not load type 'UxmlSerializedData' from assembly 'UnityEngine.UIElementsModule, Version=0.0.0.0, Culture=neutral, PublicKeyToken=null'.
System.TypeLoadException: Could not load type 'UxmlSerializedData' from assembly 'UnityEngine.UIElementsModule, Version=0.0.0.0, Culture=neutral, PublicKeyToken=null'.
System.TypeLoadException: Could not load type 'UxmlSerializedData' from assembly 'UnityEngine.UIElementsModule, Version=0.0.0.0, Culture=neutral, PublicKeyToken=null'.
System.TypeLoadException: Could not load type 'UxmlSerializedData' from assembly 'UnityEngine.UIElementsModule, Version=0.0.0.0, Culture=neutral, PublicKeyToken=null'.
System.TypeLoadException: Could not load type 'UxmlSerializedData' from assembly 'UnityEngine.UIElementsModule, Version=0.0.0.0, Culture=neutral, PublicKeyToken=null'.
System.TypeLoadException: Could not load type 'UxmlSerializedData' from assembly 'UnityEngine.UIElementsModule, Version=0.0.0.0, Culture=neutral, PublicKeyToken=null'.
System.TypeLoadException: Could not load type 'UxmlSerializedData' from assembly 'UnityEngine.UIElementsModule, Version=0.0.0.0, Culture=neutral, PublicKeyToken=null'.
System.TypeLoadException: Could not load type 'UxmlSerializedData' from assembly 'UnityEngine.UIElementsModule, Version=0.0.0.0, Culture=neutral, PublicKeyToken=null'.
System.TypeLoadException: Could not load type 'UxmlSerializedData' from assembly 'UnityEngine.UIElementsModule, Version=0.0.0.0, Culture=neutral, PublicKeyToken=null'.
System.TypeLoadException: Could not load type 'UxmlSerializedData' from assembly 'UnityEngine.UIElementsModule, Version=0.0.0.0, Culture=neutral, PublicKeyToken=null'.
System.TypeLoadException: Could not load type 'UxmlSerializedData' from assembly 'UnityEngine.UIElementsModule, Version=0.0.0.0, Culture=neutral, PublicKeyToken=null'.
System.TypeLoadException: Could not load type 'UxmlSerializedData' from assembly 'UnityEngine.UIElementsModule, Version=0.0.0.0, Culture=neutral, PublicKeyToken=null'.
System.TypeLoadException: Could not load type 'UxmlSerializedData' from assembly 'UnityEngine.UIElementsModule, Version=0.0.0.0, Culture=neutral, PublicKeyToken=null'.
System.TypeLoadException: Could not load type 'UxmlSerializedData' from assembly 'UnityEngine.UIElementsModule, Version=0.0.0.0, Culture=neutral, PublicKeyToken=null'.
System.TypeLoadException: Could not load type 'UxmlSerializedData' from assembly 'UnityEngine.UIElementsModule, Version=0.0.0.0, Culture=neutral, PublicKeyToken=null'.
System.TypeLoadException: Could not load type 'UxmlSerializedData' from assembly 'UnityEngine.UIElementsModule, Version=0.0.0.0, Culture=neutral, PublicKeyToken=null'.
System.TypeLoadException: Could not load type 'UxmlSerializedData' from assembly 'UnityEngine.UIElementsModule, Version=0.0.0.0, Culture=neutral, PublicKeyToken=null'.
System.TypeLoadException: Could not load type 'UxmlSerializedData' from assembly 'UnityEngine.UIElementsModule, Version=0.0.0.0, Culture=neutral, PublicKeyToken=null'.
System.TypeLoadException: Could not load type 'UxmlSerializedData' from assembly 'UnityEngine.UIElementsModule, Version=0.0.0.0, Culture=neutral, PublicKeyToken=null'.
System.TypeLoadException: Could not load type 'UxmlSerializedData' from assembly 'UnityEngine.UIElementsModule, Version=0.0.0.0, Culture=neutral, PublicKeyToken=null'.
System.TypeLoadException: Could not load type 'UxmlSerializedData' from assembly 'UnityEngine.UIElementsModule, Version=0.0.0.0, Culture=neutral, PublicKeyToken=null'.
System.TypeLoadException: Could not load type 'UxmlSerializedData' from assembly 'UnityEngine.UIElementsModule, Version=0.0.0.0, Culture=neutral, PublicKeyToken=null'.
System.TypeLoadException: Could not load type 'UxmlSerializedData' from assembly 'UnityEngine.UIElementsModule, Version=0.0.0.0, Culture=neutral, PublicKeyToken=null'.
System.TypeLoadException: Could not load type 'UxmlSerializedData' from assembly 'UnityEngine.UIElementsModule, Version=0.0.0.0, Culture=neutral, PublicKeyToken=null'.
System.TypeLoadException: Could not load type 'UnityEngine.UIElements.FilterFunction' from assembly 'UnityEngine.UIElementsModule, Version=0.0.0.0, Culture=neutral, PublicKeyToken=null' due to value type mismatch.
System.TypeLoadException: Could not load type 'UxmlSerializedData' from assembly 'UnityEngine.UIElementsModule, Version=0.0.0.0, Culture=neutral, PublicKeyToken=null'.
System.TypeLoadException: Could not load type 'UxmlSerializedData' from assembly 'UnityEngine.UIElementsModule, Version=0.0.0.0, Culture=neutral, PublicKeyToken=null'.
System.TypeLoadException: Could not load type 'UxmlSerializedData' from assembly 'UnityEngine.UIElementsModule, Version=0.0.0.0, Culture=neutral, PublicKeyToken=null'.
System.TypeLoadException: Could not load type 'UxmlSerializedData' from assembly 'UnityEngine.UIElementsModule, Version=0.0.0.0, Culture=neutral, PublicKeyToken=null'.
System.TypeLoadException: Could not load type 'UxmlSerializedData' from assembly 'UnityEngine.UIElementsModule, Version=0.0.0.0, Culture=neutral, PublicKeyToken=null'.
System.TypeLoadException: Could not load type 'UxmlSerializedData' from assembly 'UnityEngine.UIElementsModule, Version=0.0.0.0, Culture=neutral, PublicKeyToken=null'.
System.TypeLoadException: Could not load type 'UxmlSerializedData' from assembly 'UnityEngine.UIElementsModule, Version=0.0.0.0, Culture=neutral, PublicKeyToken=null'.
System.TypeLoadException: Could not load type 'UnityEngine.UIElements.FilterFunction' from assembly 'UnityEngine.UIElementsModule, Version=0.0.0.0, Culture=neutral, PublicKeyToken=null' due to value type mismatch.
System.TypeLoadException: Could not load type 'UnityEngine.UIElements.FilterFunction' from assembly 'UnityEngine.UIElementsModule, Version=0.0.0.0, Culture=neutral, PublicKeyToken=null' due to value type mismatch.
[Warning:  HarmonyX] AccessTools.GetTypesFromAssembly: assembly __Generated, Version=0.0.0.0, Culture=neutral, PublicKeyToken=null => System.Reflection.ReflectionTypeLoadException: Unable to load one or more of the requested types.
Failure has occurred while loading a type.
   at System.Reflection.RuntimeModule.GetTypes(RuntimeModule module)
   at System.Reflection.Assembly.GetTypes()
   at HarmonyLib.AccessTools.GetTypesFromAssembly(Assembly assembly)
System.TypeLoadException: Failure has occurred while loading a type.
[Warning:  HarmonyX] AccessTools.TypeByName: Could not find type named BepInEx.ThreadingHelper
[Message:   BepInEx] Chainloader startup complete
[Info   :Currency Atlas Mask Visualizer] Todas as mascaras encontradas.
[Info   :Currency Atlas Mask Visualizer] Atlas encontrado: B:\SteamLibrary\steamapps\common\Supermarket Simulator\BepInEx\plugins\CurrencyAssetAnalyzer\AnalyzerV8\Textures\T_Money_AlbedoTransparency_232060.png
[Info   :Currency Atlas Mask Visualizer] Dimensoes do atlas: 2048x2048
[Info   :Currency Atlas Mask Visualizer] Todas as mascaras encontradas.
[Info   :Currency Atlas Mask Visualizer] Atlas encontrado: B:\SteamLibrary\steamapps\common\Supermarket Simulator\BepInEx\plugins\CurrencyAssetAnalyzer\AnalyzerV8\Textures\T_Money_AlbedoTransparency_232060.png
[Info   :Currency Atlas Mask Visualizer] Dimensoes do atlas: 2048x2048
[Info   :Currency Atlas Mask Visualizer] Todas as mascaras encontradas.
[Info   :Currency Atlas Mask Visualizer] Atlas encontrado: B:\SteamLibrary\steamapps\common\Supermarket Simulator\BepInEx\plugins\CurrencyAssetAnalyzer\AnalyzerV8\Textures\T_Money_AlbedoTransparency_232060.png
[Info   :Currency Atlas Mask Visualizer] Dimensoes do atlas: 2048x2048
[Info   :Currency Atlas Mask Visualizer] Visualizacao gerada: SM_Coin_50_Cents
[Info   :Currency Atlas Mask Visualizer] Visualizacao gerada: SM_Coin_50_Cents
[Info   :Currency Atlas Mask Visualizer] Todas as mascaras encontradas.
[Info   :Currency Atlas Mask Visualizer] Atlas encontrado: B:\SteamLibrary\steamapps\common\Supermarket Simulator\BepInEx\plugins\CurrencyAssetAnalyzer\AnalyzerV8\Textures\T_Money_AlbedoTransparency_232060.png
[Info   :Currency Atlas Mask Visualizer] Dimensoes do atlas: 2048x2048
[Info   :Currency Atlas Mask Visualizer] Visualizacao gerada: SM_Coin_25_Cents
[Info   :Currency Atlas Mask Visualizer] Visualizacao gerada: SM_Coin_50_Cents
[Info   :Currency Atlas Mask Visualizer] Todas as mascaras encontradas.
[Info   :Currency Atlas Mask Visualizer] Atlas encontrado: B:\SteamLibrary\steamapps\common\Supermarket Simulator\BepInEx\plugins\CurrencyAssetAnalyzer\AnalyzerV8\Textures\T_Money_AlbedoTransparency_232060.png
[Info   :Currency Atlas Mask Visualizer] Dimensoes do atlas: 2048x2048
[Info   :Currency Atlas Mask Visualizer] Visualizacao gerada: SM_Coin_25_Cents
[Info   :Currency Atlas Mask Visualizer] Todas as mascaras encontradas.
[Info   :Currency Atlas Mask Visualizer] Atlas encontrado: B:\SteamLibrary\steamapps\common\Supermarket Simulator\BepInEx\plugins\CurrencyAssetAnalyzer\AnalyzerV8\Textures\T_Money_AlbedoTransparency_232060.png
[Info   :Currency Atlas Mask Visualizer] Visualizacao gerada: SM_Coin_50_Cents
[Info   :Currency Atlas Mask Visualizer] Dimensoes do atlas: 2048x2048
[Info   :Currency Atlas Mask Visualizer] Visualizacao gerada: SM_Coin_25_Cents
[Info   :Currency Atlas Mask Visualizer] Todas as mascaras encontradas.
[Info   :Currency Atlas Mask Visualizer] Atlas encontrado: B:\SteamLibrary\steamapps\common\Supermarket Simulator\BepInEx\plugins\CurrencyAssetAnalyzer\AnalyzerV8\Textures\T_Money_AlbedoTransparency_232060.png
[Info   :Currency Atlas Mask Visualizer] Visualizacao gerada: SM_Coin_10_Cents
[Info   :Currency Atlas Mask Visualizer] Dimensoes do atlas: 2048x2048
[Info   :Currency Atlas Mask Visualizer] Visualizacao gerada: SM_Coin_50_Cents
[Info   :Currency Atlas Mask Visualizer] Todas as mascaras encontradas.
[Info   :Currency Atlas Mask Visualizer] Atlas encontrado: B:\SteamLibrary\steamapps\common\Supermarket Simulator\BepInEx\plugins\CurrencyAssetAnalyzer\AnalyzerV8\Textures\T_Money_AlbedoTransparency_232060.png
[Info   :Currency Atlas Mask Visualizer] Visualizacao gerada: SM_Coin_10_Cents
[Info   :Currency Atlas Mask Visualizer] Dimensoes do atlas: 2048x2048
[Info   :Currency Atlas Mask Visualizer] Visualizacao gerada: SM_Coin_50_Cents
[Info   :Currency Atlas Mask Visualizer] Visualizacao gerada: SM_Coin_25_Cents
[Info   :Currency Atlas Mask Visualizer] Todas as mascaras encontradas.
[Info   :Currency Atlas Mask Visualizer] Atlas encontrado: B:\SteamLibrary\steamapps\common\Supermarket Simulator\BepInEx\plugins\CurrencyAssetAnalyzer\AnalyzerV8\Textures\T_Money_AlbedoTransparency_232060.png
[Info   :Currency Atlas Mask Visualizer] Visualizacao gerada: SM_Coin_10_Cents
[Info   :Currency Atlas Mask Visualizer] Dimensoes do atlas: 2048x2048
[Info   :Currency Atlas Mask Visualizer] Visualizacao gerada: SM_Coin_25_Cents
[Info   :Currency Atlas Mask Visualizer] Visualizacao gerada: SM_Coin_5_Cents
[Info   :Currency Atlas Mask Visualizer] Visualizacao gerada: SM_Coin_50_Cents
[Info   :Currency Atlas Mask Visualizer] Todas as mascaras encontradas.
[Info   :Currency Atlas Mask Visualizer] Atlas encontrado: B:\SteamLibrary\steamapps\common\Supermarket Simulator\BepInEx\plugins\CurrencyAssetAnalyzer\AnalyzerV8\Textures\T_Money_AlbedoTransparency_232060.png
[Info   :Currency Atlas Mask Visualizer] Dimensoes do atlas: 2048x2048
[Info   :Currency Atlas Mask Visualizer] Visualizacao gerada: SM_Coin_25_Cents
[Info   :Currency Atlas Mask Visualizer] Visualizacao gerada: SM_Coin_5_Cents
[Info   :Currency Atlas Mask Visualizer] Visualizacao gerada: SM_Coin_10_Cents
[Info   :Currency Atlas Mask Visualizer] Visualizacao gerada: SM_Coin_50_Cents
[Info   :Currency Atlas Mask Visualizer] Todas as mascaras encontradas.
[Info   :Currency Atlas Mask Visualizer] Atlas encontrado: B:\SteamLibrary\steamapps\common\Supermarket Simulator\BepInEx\plugins\CurrencyAssetAnalyzer\AnalyzerV8\Textures\T_Money_AlbedoTransparency_232060.png
[Info   :Currency Atlas Mask Visualizer] Dimensoes do atlas: 2048x2048
[Info   :Currency Atlas Mask Visualizer] Visualizacao gerada: SM_Coin_5_Cents
[Info   :Currency Atlas Mask Visualizer] Visualizacao gerada: SM_Coin_50_Cents
[Info   :Currency Atlas Mask Visualizer] Visualizacao gerada: SM_Coin_10_Cents
[Info   :Currency Atlas Mask Visualizer] Todas as mascaras encontradas.
[Info   :Currency Atlas Mask Visualizer] Atlas encontrado: B:\SteamLibrary\steamapps\common\Supermarket Simulator\BepInEx\plugins\CurrencyAssetAnalyzer\AnalyzerV8\Textures\T_Money_AlbedoTransparency_232060.png
[Info   :Currency Atlas Mask Visualizer] Dimensoes do atlas: 2048x2048
[Info   :Currency Atlas Mask Visualizer] Visualizacao gerada: SM_Coin_1_Cent
[Info   :Currency Atlas Mask Visualizer] Visualizacao gerada: SM_Coin_25_Cents
[Info   :Currency Atlas Mask Visualizer] Visualizacao gerada: SM_Coin_50_Cents
[Info   :Currency Atlas Mask Visualizer] Mapa combinado gerado.
[Info   :Currency Atlas Mask Visualizer] Saida: B:\SteamLibrary\steamapps\common\Supermarket Simulator\BepInEx\plugins\CurrencyAssetAnalyzer\AnalyzerV11\AtlasVisualization\CurrencyAtlas_VisualMap.png
[Info   :Currency Atlas Mask Visualizer] Visualizacao gerada: SM_Coin_10_Cents
[Info   :Currency Atlas Mask Visualizer] Visualizacao gerada: SM_Coin_5_Cents
[Info   :Currency Atlas Mask Visualizer] Visualizacao gerada: SM_Coin_25_Cents
[Info   :Currency Atlas Mask Visualizer] Visualizacao gerada: SM_Coin_1_Cent
[Info   :Currency Atlas Mask Visualizer] Visualizacao gerada: SM_Coin_50_Cents
[Info   :Currency Atlas Mask Visualizer] Mapa combinado gerado.
[Info   :Currency Atlas Mask Visualizer] Saida: B:\SteamLibrary\steamapps\common\Supermarket Simulator\BepInEx\plugins\CurrencyAssetAnalyzer\AnalyzerV11\AtlasVisualization\CurrencyAtlas_VisualMap.png
[Info   :Currency Atlas Mask Visualizer] Visualizacao gerada: SM_Coin_1_Cent
[Info   :Currency Atlas Mask Visualizer] Visualizacao gerada: SM_Coin_25_Cents
[Info   :Currency Atlas Mask Visualizer] Visualizacao gerada: SM_Coin_5_Cents
[Info   :Currency Atlas Mask Visualizer] Mapa combinado gerado.
[Info   :Currency Atlas Mask Visualizer] Saida: B:\SteamLibrary\steamapps\common\Supermarket Simulator\BepInEx\plugins\CurrencyAssetAnalyzer\AnalyzerV11\AtlasVisualization\CurrencyAtlas_VisualMap.png
[Info   :Currency Atlas Mask Visualizer] Visualizacao gerada: SM_Coin_10_Cents
[Info   :Currency Atlas Mask Visualizer] Visualizacao gerada: SM_Coin_25_Cents
[Info   :Currency Atlas Mask Visualizer] Visualizacao gerada: SM_Coin_50_Cents
[Info   :Currency Atlas Mask Visualizer] Visualizacao gerada: SM_Coin_1_Cent
[Info   :Currency Atlas Mask Visualizer] Visualizacao gerada: SM_Coin_5_Cents
[Info   :Currency Atlas Mask Visualizer] Visualizacao gerada: SM_Coin_10_Cents
[Info   :Currency Atlas Mask Visualizer] Visualizacao gerada: SM_Coin_25_Cents
[Info   :Currency Atlas Mask Visualizer] Mapa combinado gerado.
[Info   :Currency Atlas Mask Visualizer] Saida: B:\SteamLibrary\steamapps\common\Supermarket Simulator\BepInEx\plugins\CurrencyAssetAnalyzer\AnalyzerV11\AtlasVisualization\CurrencyAtlas_VisualMap.png
[Info   :Currency Atlas Mask Visualizer] Visualizacao gerada: SM_Coin_10_Cents
[Info   :Currency Atlas Mask Visualizer] Visualizacao gerada: SM_Coin_1_Cent
[Info   :Currency Atlas Mask Visualizer] Visualizacao gerada: SM_Coin_25_Cents
[Info   :Currency Atlas Mask Visualizer] Visualizacao gerada: SM_Coin_10_Cents
[Info   :Currency Atlas Mask Visualizer] Visualizacao gerada: SM_Coin_5_Cents
[Info   :Currency Atlas Mask Visualizer] Mapa combinado gerado.
[Info   :Currency Atlas Mask Visualizer] Saida: B:\SteamLibrary\steamapps\common\Supermarket Simulator\BepInEx\plugins\CurrencyAssetAnalyzer\AnalyzerV11\AtlasVisualization\CurrencyAtlas_VisualMap.png
[Info   :Currency Atlas Mask Visualizer] Visualizacao gerada: SM_Coin_1_Cent
[Info   :Currency Atlas Mask Visualizer] Visualizacao gerada: SM_Coin_5_Cents
[Info   :Currency Atlas Mask Visualizer] Visualizacao gerada: SM_Coin_10_Cents
[Info   :Currency Atlas Mask Visualizer] Mapa combinado gerado.
[Info   :Currency Atlas Mask Visualizer] Saida: B:\SteamLibrary\steamapps\common\Supermarket Simulator\BepInEx\plugins\CurrencyAssetAnalyzer\AnalyzerV11\AtlasVisualization\CurrencyAtlas_VisualMap.png
[Info   :Currency Atlas Mask Visualizer] Visualizacao gerada: SM_Coin_5_Cents
[Info   :Currency Atlas Mask Visualizer] Visualizacao gerada: SM_Coin_5_Cents
[Info   :Currency Atlas Mask Visualizer] Visualizacao gerada: SM_Coin_1_Cent
[Info   :Currency Atlas Mask Visualizer] Visualizacao gerada: SM_Coin_10_Cents
[Info   :Currency Atlas Mask Visualizer] Mapa combinado gerado.
[Info   :Currency Atlas Mask Visualizer] Saida: B:\SteamLibrary\steamapps\common\Supermarket Simulator\BepInEx\plugins\CurrencyAssetAnalyzer\AnalyzerV11\AtlasVisualization\CurrencyAtlas_VisualMap.png
[Info   :Currency Atlas Mask Visualizer] Visualizacao gerada: SM_Coin_1_Cent
[Info   :Currency Atlas Mask Visualizer] Visualizacao gerada: SM_Coin_5_Cents
[Info   :Currency Atlas Mask Visualizer] Mapa combinado gerado.
[Info   :Currency Atlas Mask Visualizer] Saida: B:\SteamLibrary\steamapps\common\Supermarket Simulator\BepInEx\plugins\CurrencyAssetAnalyzer\AnalyzerV11\AtlasVisualization\CurrencyAtlas_VisualMap.png
[Info   :Currency Atlas Mask Visualizer] Visualizacao gerada: SM_Coin_1_Cent
[Info   :Currency Atlas Mask Visualizer] Mapa combinado gerado.
[Info   :Currency Atlas Mask Visualizer] Saida: B:\SteamLibrary\steamapps\common\Supermarket Simulator\BepInEx\plugins\CurrencyAssetAnalyzer\AnalyzerV11\AtlasVisualization\CurrencyAtlas_VisualMap.png
[Info   :Currency Atlas Mask Visualizer] Visualizacao gerada: SM_Coin_5_Cents
[Info   :Currency Atlas Mask Visualizer] Visualizacao gerada: SM_Coin_1_Cent
[Info   :Currency Atlas Mask Visualizer] Mapa combinado gerado.
[Info   :Currency Atlas Mask Visualizer] Saida: B:\SteamLibrary\steamapps\common\Supermarket Simulator\BepInEx\plugins\CurrencyAssetAnalyzer\AnalyzerV11\AtlasVisualization\CurrencyAtlas_VisualMap.png
[Info   :Currency Atlas Mask Visualizer] Visualizacao gerada: SM_Coin_1_Cent
[Info   :Currency Atlas Mask Visualizer] Mapa combinado gerado.
[Info   :Currency Atlas Mask Visualizer] Saida: B:\SteamLibrary\steamapps\common\Supermarket Simulator\BepInEx\plugins\CurrencyAssetAnalyzer\AnalyzerV11\AtlasVisualization\CurrencyAtlas_VisualMap.png
[Info   :Currency Atlas Mask Visualizer] Visualizacao gerada: SM_Coin_1_Cent
[Info   :Currency Atlas Mask Visualizer] Mapa combinado gerado.
[Info   :Currency Atlas Mask Visualizer] Saida: B:\SteamLibrary\steamapps\common\Supermarket Simulator\BepInEx\plugins\CurrencyAssetAnalyzer\AnalyzerV11\AtlasVisualization\CurrencyAtlas_VisualMap.png
[Info   :Currency Atlas Triangle Mapper] Moeda adicionada a fila: SM_Coin_50_Cents
[Info   :Currency Atlas Triangle Mapper] ========================================
[Info   :Currency Atlas Triangle Mapper] Analise: SM_Coin_50_Cents
[Info   :Currency Atlas Triangle Mapper] Value: 0.500000
[Info   :Currency Atlas Triangle Mapper] VertexCount: 194
[Info   :Currency Atlas Triangle Mapper] VertexStride: 48
[Info   :Currency Atlas Triangle Mapper] UVOffset: 40
[Info   :Currency Atlas Triangle Mapper] IndexCount: 564
[Info   :Currency Atlas Triangle Mapper] IndexStride: 2
[Info   :Currency Atlas Triangle Mapper] Vertex Readback solicitado.
[Info   :Currency Atlas UV Mapper] Moeda adicionada a fila: SM_Coin_50_Cents | Value=0.500000
[Info   :Currency Atlas UV Mapper] ========================================
[Info   :Currency Atlas UV Mapper] Mapeando moeda: SM_Coin_50_Cents
[Info   :Currency Atlas UV Mapper] Value: 0.500000
[Info   :Currency Atlas UV Mapper] Mesh: SM_Coin_50_Cents
[Info   :Currency Atlas UV Mapper] VertexCount: 194
[Info   :Currency Atlas UV Mapper] UV Stream: 0
[Info   :Currency Atlas UV Mapper] UV Offset: 40
[Info   :Currency Atlas UV Mapper] Vertex Stride: 48
[Info   :Currency Atlas UV Mapper] Buffer Count: 194
[Info   :Currency Atlas UV Mapper] Buffer Stride: 48
[Info   :Currency Atlas UV Mapper] Buffer Target: Vertex, CopySource
[Info   :Supermarket Simulator - Brazilian Money] Dinheiro detectado: Type=COIN | Name=50 Cent Pack | Value=0,5
[Info   :Supermarket Simulator - Brazilian Money] ----- ANÁLISE DO MONEY PACK -----
[Info   :Supermarket Simulator - Brazilian Money] Type: COIN
[Info   :Supermarket Simulator - Brazilian Money] Name: 50 Cent Pack
[Info   :Supermarket Simulator - Brazilian Money] Value: 0,5
[Info   :Supermarket Simulator - Brazilian Money] InstanceID: -6482
[Info   :Supermarket Simulator - Brazilian Money] Hierarchy: ---MANAGERS---/Checkout Manager/Checkout/Cash Register/Checkout Drawer/50 Cent Pack
[Info   :Supermarket Simulator - Brazilian Money] Objetos na hierarquia: 23
[Info   :Supermarket Simulator - Brazilian Money] Object: 50 Cent Pack
[Info   :Supermarket Simulator - Brazilian Money]   Components de 50 Cent Pack: 5
[Info   :Supermarket Simulator - Brazilian Money]   - UnityEngine.Transform
[Info   :Supermarket Simulator - Brazilian Money]   - UnityEngine.Component
[Info   :Supermarket Simulator - Brazilian Money]   - MoneyPack
[Info   :Supermarket Simulator - Brazilian Money]   - UnityEngine.Component
[Info   :Supermarket Simulator - Brazilian Money]   - UnityEngine.Component
[Info   :Supermarket Simulator - Brazilian Money] Object: Visuals
[Info   :Supermarket Simulator - Brazilian Money]   Components de Visuals: 1
[Info   :Supermarket Simulator - Brazilian Money]   - UnityEngine.Transform
[Info   :Supermarket Simulator - Brazilian Money] Object: 50 Cent Pack
[Info   :Supermarket Simulator - Brazilian Money]   Components de 50 Cent Pack: 1
[Info   :Supermarket Simulator - Brazilian Money]   - UnityEngine.Transform
[Info   :Supermarket Simulator - Brazilian Money] Object: Coin_50_Cents
[Info   :Supermarket Simulator - Brazilian Money]   Components de Coin_50_Cents: 2
[Info   :Supermarket Simulator - Brazilian Money]   - UnityEngine.Transform
[Info   :Supermarket Simulator - Brazilian Money]   - UnityEngine.Component
[Info   :Supermarket Simulator - Brazilian Money] Object: SM_Coin_50_Cents
[Info   :Supermarket Simulator - Brazilian Money]   Components de SM_Coin_50_Cents: 4
[Info   :Supermarket Simulator - Brazilian Money]   - UnityEngine.Transform
[Info   :Supermarket Simulator - Brazilian Money]   - UnityEngine.MeshFilter
[Info   :Supermarket Simulator - Brazilian Money]   - UnityEngine.Renderer
[Info   :Supermarket Simulator - Brazilian Money]   - UnityEngine.Component
[Info   :Supermarket Simulator - Brazilian Money] Object: Coin_50_Cents (1)
[Info   :Supermarket Simulator - Brazilian Money]   Components de Coin_50_Cents (1): 2
[Info   :Supermarket Simulator - Brazilian Money]   - UnityEngine.Transform
[Info   :Supermarket Simulator - Brazilian Money]   - UnityEngine.Component
[Info   :Supermarket Simulator - Brazilian Money] Object: SM_Coin_50_Cents
[Info   :Supermarket Simulator - Brazilian Money]   Components de SM_Coin_50_Cents: 4
[Info   :Supermarket Simulator - Brazilian Money]   - UnityEngine.Transform
[Info   :Supermarket Simulator - Brazilian Money]   - UnityEngine.Component
[Info   :Supermarket Simulator - Brazilian Money]   - UnityEngine.Component
[Info   :Supermarket Simulator - Brazilian Money]   - UnityEngine.Component
[Info   :Supermarket Simulator - Brazilian Money] Object: Coin_50_Cents (2)
[Info   :Supermarket Simulator - Brazilian Money]   Components de Coin_50_Cents (2): 2
[Info   :Supermarket Simulator - Brazilian Money]   - UnityEngine.Transform
[Info   :Supermarket Simulator - Brazilian Money]   - UnityEngine.Component
[Info   :Supermarket Simulator - Brazilian Money] Object: SM_Coin_50_Cents
[Info   :Supermarket Simulator - Brazilian Money]   Components de SM_Coin_50_Cents: 4
[Info   :Supermarket Simulator - Brazilian Money]   - UnityEngine.Transform
[Info   :Supermarket Simulator - Brazilian Money]   - UnityEngine.Component
[Info   :Supermarket Simulator - Brazilian Money]   - UnityEngine.Component
[Info   :Supermarket Simulator - Brazilian Money]   - UnityEngine.Component
[Info   :Supermarket Simulator - Brazilian Money] Object: Coin_50_Cents (3)
[Info   :Supermarket Simulator - Brazilian Money]   Components de Coin_50_Cents (3): 2
[Info   :Supermarket Simulator - Brazilian Money]   - UnityEngine.Transform
[Info   :Supermarket Simulator - Brazilian Money]   - UnityEngine.Component
[Info   :Supermarket Simulator - Brazilian Money] Object: SM_Coin_50_Cents
[Info   :Supermarket Simulator - Brazilian Money]   Components de SM_Coin_50_Cents: 4
[Info   :Supermarket Simulator - Brazilian Money]   - UnityEngine.Transform
[Info   :Supermarket Simulator - Brazilian Money]   - UnityEngine.Component
[Info   :Supermarket Simulator - Brazilian Money]   - UnityEngine.Component
[Info   :Supermarket Simulator - Brazilian Money]   - UnityEngine.Component
[Info   :Supermarket Simulator - Brazilian Money] Object: Coin_50_Cents (4)
[Info   :Supermarket Simulator - Brazilian Money]   Components de Coin_50_Cents (4): 2
[Info   :Supermarket Simulator - Brazilian Money]   - UnityEngine.Transform
[Info   :Supermarket Simulator - Brazilian Money]   - UnityEngine.Component
[Info   :Supermarket Simulator - Brazilian Money] Object: SM_Coin_50_Cents
[Info   :Supermarket Simulator - Brazilian Money]   Components de SM_Coin_50_Cents: 4
[Info   :Supermarket Simulator - Brazilian Money]   - UnityEngine.Transform
[Info   :Supermarket Simulator - Brazilian Money]   - UnityEngine.Component
[Info   :Supermarket Simulator - Brazilian Money]   - UnityEngine.Component
[Info   :Supermarket Simulator - Brazilian Money]   - UnityEngine.Component
[Info   :Supermarket Simulator - Brazilian Money] Object: Coin_50_Cents (5)
[Info   :Supermarket Simulator - Brazilian Money]   Components de Coin_50_Cents (5): 2
[Info   :Supermarket Simulator - Brazilian Money]   - UnityEngine.Transform
[Info   :Supermarket Simulator - Brazilian Money]   - UnityEngine.Component
[Info   :Supermarket Simulator - Brazilian Money] Object: SM_Coin_50_Cents
[Info   :Supermarket Simulator - Brazilian Money]   Components de SM_Coin_50_Cents: 4
[Info   :Supermarket Simulator - Brazilian Money]   - UnityEngine.Transform
[Info   :Supermarket Simulator - Brazilian Money]   - UnityEngine.Component
[Info   :Supermarket Simulator - Brazilian Money]   - UnityEngine.Component
[Info   :Supermarket Simulator - Brazilian Money]   - UnityEngine.Component
[Info   :Supermarket Simulator - Brazilian Money] Object: Coin_50_Cents (6)
[Info   :Supermarket Simulator - Brazilian Money]   Components de Coin_50_Cents (6): 2
[Info   :Supermarket Simulator - Brazilian Money]   - UnityEngine.Transform
[Info   :Supermarket Simulator - Brazilian Money]   - UnityEngine.Component
[Info   :Supermarket Simulator - Brazilian Money] Object: SM_Coin_50_Cents
[Info   :Supermarket Simulator - Brazilian Money]   Components de SM_Coin_50_Cents: 4
[Info   :Supermarket Simulator - Brazilian Money]   - UnityEngine.Transform
[Info   :Supermarket Simulator - Brazilian Money]   - UnityEngine.Component
[Info   :Supermarket Simulator - Brazilian Money]   - UnityEngine.Component
[Info   :Supermarket Simulator - Brazilian Money]   - UnityEngine.Component
[Info   :Supermarket Simulator - Brazilian Money] Object: Coin_50_Cents (7)
[Info   :Supermarket Simulator - Brazilian Money]   Components de Coin_50_Cents (7): 2
[Info   :Supermarket Simulator - Brazilian Money]   - UnityEngine.Transform
[Info   :Supermarket Simulator - Brazilian Money]   - UnityEngine.Component
[Info   :Supermarket Simulator - Brazilian Money] Object: SM_Coin_50_Cents
[Info   :Supermarket Simulator - Brazilian Money]   Components de SM_Coin_50_Cents: 4
[Info   :Supermarket Simulator - Brazilian Money]   - UnityEngine.Transform
[Info   :Supermarket Simulator - Brazilian Money]   - UnityEngine.Component
[Info   :Supermarket Simulator - Brazilian Money]   - UnityEngine.Component
[Info   :Supermarket Simulator - Brazilian Money]   - UnityEngine.Component
[Info   :Supermarket Simulator - Brazilian Money] Object: Coin_50_Cents (8)
[Info   :Supermarket Simulator - Brazilian Money]   Components de Coin_50_Cents (8): 2
[Info   :Supermarket Simulator - Brazilian Money]   - UnityEngine.Transform
[Info   :Supermarket Simulator - Brazilian Money]   - UnityEngine.Component
[Info   :Supermarket Simulator - Brazilian Money] Object: SM_Coin_50_Cents
[Info   :Supermarket Simulator - Brazilian Money]   Components de SM_Coin_50_Cents: 4
[Info   :Supermarket Simulator - Brazilian Money]   - UnityEngine.Transform
[Info   :Supermarket Simulator - Brazilian Money]   - UnityEngine.Component
[Info   :Supermarket Simulator - Brazilian Money]   - UnityEngine.Component
[Info   :Supermarket Simulator - Brazilian Money]   - UnityEngine.Component
[Info   :Supermarket Simulator - Brazilian Money] Object: Coin_50_Cents (9)
[Info   :Supermarket Simulator - Brazilian Money]   Components de Coin_50_Cents (9): 2
[Info   :Supermarket Simulator - Brazilian Money]   - UnityEngine.Transform
[Info   :Supermarket Simulator - Brazilian Money]   - UnityEngine.Component
[Info   :Supermarket Simulator - Brazilian Money] Object: SM_Coin_50_Cents
[Info   :Supermarket Simulator - Brazilian Money]   Components de SM_Coin_50_Cents: 4
[Info   :Supermarket Simulator - Brazilian Money]   - UnityEngine.Transform
[Info   :Supermarket Simulator - Brazilian Money]   - UnityEngine.Component
[Info   :Supermarket Simulator - Brazilian Money]   - UnityEngine.Component
[Info   :Supermarket Simulator - Brazilian Money]   - UnityEngine.Component
[Info   :Supermarket Simulator - Brazilian Money] ----- FIM DA ANÁLISE -----
[Info   :Brazilian Money Texture Replacer] POSTFIX SpawnMoney EXECUTADO | isCoin=True | moneyPack=MoneyPack
[Info   :Brazilian Money Texture Replacer] MoneyPack GameObject resolvido: 50 Cent Pack
[Info   :Brazilian Money Texture Replacer] Carregando BrazilianCoinAtlas_FINAL.png
[Info   :Brazilian Money Texture Replacer] Bytes: 3452617
[Info   :Brazilian Money Texture Replacer] Atlas carregado com sucesso.
[Info   :Brazilian Money Texture Replacer] Dimensions: 2048x2048
[Info   :Brazilian Money Texture Replacer] Renderers encontrados em 50 Cent Pack: 10
[Info   :Brazilian Money Texture Replacer] Renderer de moeda encontrado: SM_Coin_50_Cents
[Info   :Brazilian Money Texture Replacer] Material encontrado: M_Money (Instance) | InstanceID=-81186
[Info   :Brazilian Money Texture Replacer] Property: _BaseMap | Texture atual: T_Money_AlbedoTransparency
[Info   :Brazilian Money Texture Replacer] ########################################
[Info   :Brazilian Money Texture Replacer] TEXTURA SUBSTITUIDA
[Info   :Brazilian Money Texture Replacer] Coin Root: 50 Cent Pack
[Info   :Brazilian Money Texture Replacer] Renderer: SM_Coin_50_Cents
[Info   :Brazilian Money Texture Replacer] Material: M_Money (Instance)
[Info   :Brazilian Money Texture Replacer] Material InstanceID: -81186
[Info   :Brazilian Money Texture Replacer] Property: _BaseMap
[Info   :Brazilian Money Texture Replacer] Texture anterior: T_Money_AlbedoTransparency
[Info   :Brazilian Money Texture Replacer] Texture nova: BrazilianCoinAtlas_RUNTIME
[Info   :Brazilian Money Texture Replacer] ########################################
[Info   :Brazilian Money Texture Replacer] Property: _MainTex | Texture atual: T_Money_AlbedoTransparency
[Info   :Brazilian Money Texture Replacer] ########################################
[Info   :Brazilian Money Texture Replacer] TEXTURA SUBSTITUIDA
[Info   :Brazilian Money Texture Replacer] Coin Root: 50 Cent Pack
[Info   :Brazilian Money Texture Replacer] Renderer: SM_Coin_50_Cents
[Info   :Brazilian Money Texture Replacer] Material: M_Money (Instance)
[Info   :Brazilian Money Texture Replacer] Material InstanceID: -81186
[Info   :Brazilian Money Texture Replacer] Property: _MainTex
[Info   :Brazilian Money Texture Replacer] Texture anterior: T_Money_AlbedoTransparency
[Info   :Brazilian Money Texture Replacer] Texture nova: BrazilianCoinAtlas_RUNTIME
[Info   :Brazilian Money Texture Replacer] ########################################
[Info   :Brazilian Money Texture Replacer] Renderer de moeda encontrado: SM_Coin_50_Cents
[Info   :Brazilian Money Texture Replacer] Material encontrado: M_Money (Instance) | InstanceID=-81188
[Info   :Brazilian Money Texture Replacer] Property: _BaseMap | Texture atual: T_Money_AlbedoTransparency
[Info   :Brazilian Money Texture Replacer] ########################################
[Info   :Brazilian Money Texture Replacer] TEXTURA SUBSTITUIDA
[Info   :Brazilian Money Texture Replacer] Coin Root: 50 Cent Pack
[Info   :Brazilian Money Texture Replacer] Renderer: SM_Coin_50_Cents
[Info   :Brazilian Money Texture Replacer] Material: M_Money (Instance)
[Info   :Brazilian Money Texture Replacer] Material InstanceID: -81188
[Info   :Brazilian Money Texture Replacer] Property: _BaseMap
[Info   :Brazilian Money Texture Replacer] Texture anterior: T_Money_AlbedoTransparency
[Info   :Brazilian Money Texture Replacer] Texture nova: BrazilianCoinAtlas_RUNTIME
[Info   :Brazilian Money Texture Replacer] ########################################
[Info   :Brazilian Money Texture Replacer] Property: _MainTex | Texture atual: T_Money_AlbedoTransparency
[Info   :Brazilian Money Texture Replacer] ########################################
[Info   :Brazilian Money Texture Replacer] TEXTURA SUBSTITUIDA
[Info   :Brazilian Money Texture Replacer] Coin Root: 50 Cent Pack
[Info   :Brazilian Money Texture Replacer] Renderer: SM_Coin_50_Cents
[Info   :Brazilian Money Texture Replacer] Material: M_Money (Instance)
[Info   :Brazilian Money Texture Replacer] Material InstanceID: -81188
[Info   :Brazilian Money Texture Replacer] Property: _MainTex
[Info   :Brazilian Money Texture Replacer] Texture anterior: T_Money_AlbedoTransparency
[Info   :Brazilian Money Texture Replacer] Texture nova: BrazilianCoinAtlas_RUNTIME
[Info   :Brazilian Money Texture Replacer] ########################################
[Info   :Brazilian Money Texture Replacer] Renderer de moeda encontrado: SM_Coin_50_Cents
[Info   :Brazilian Money Texture Replacer] Material encontrado: M_Money (Instance) | InstanceID=-81190
[Info   :Brazilian Money Texture Replacer] Property: _BaseMap | Texture atual: T_Money_AlbedoTransparency
[Info   :Brazilian Money Texture Replacer] ########################################
[Info   :Brazilian Money Texture Replacer] TEXTURA SUBSTITUIDA
[Info   :Brazilian Money Texture Replacer] Coin Root: 50 Cent Pack
[Info   :Brazilian Money Texture Replacer] Renderer: SM_Coin_50_Cents
[Info   :Brazilian Money Texture Replacer] Material: M_Money (Instance)
[Info   :Brazilian Money Texture Replacer] Material InstanceID: -81190
[Info   :Brazilian Money Texture Replacer] Property: _BaseMap
[Info   :Brazilian Money Texture Replacer] Texture anterior: T_Money_AlbedoTransparency
[Info   :Brazilian Money Texture Replacer] Texture nova: BrazilianCoinAtlas_RUNTIME
[Info   :Brazilian Money Texture Replacer] ########################################
[Info   :Brazilian Money Texture Replacer] Property: _MainTex | Texture atual: T_Money_AlbedoTransparency
[Info   :Brazilian Money Texture Replacer] ########################################
[Info   :Brazilian Money Texture Replacer] TEXTURA SUBSTITUIDA
[Info   :Brazilian Money Texture Replacer] Coin Root: 50 Cent Pack
[Info   :Brazilian Money Texture Replacer] Renderer: SM_Coin_50_Cents
[Info   :Brazilian Money Texture Replacer] Material: M_Money (Instance)
[Info   :Brazilian Money Texture Replacer] Material InstanceID: -81190
[Info   :Brazilian Money Texture Replacer] Property: _MainTex
[Info   :Brazilian Money Texture Replacer] Texture anterior: T_Money_AlbedoTransparency
[Info   :Brazilian Money Texture Replacer] Texture nova: BrazilianCoinAtlas_RUNTIME
[Info   :Brazilian Money Texture Replacer] ########################################
[Info   :Brazilian Money Texture Replacer] Renderer de moeda encontrado: SM_Coin_50_Cents
[Info   :Brazilian Money Texture Replacer] Material encontrado: M_Money (Instance) | InstanceID=-81192
[Info   :Brazilian Money Texture Replacer] Property: _BaseMap | Texture atual: T_Money_AlbedoTransparency
[Info   :Brazilian Money Texture Replacer] ########################################
[Info   :Brazilian Money Texture Replacer] TEXTURA SUBSTITUIDA
[Info   :Brazilian Money Texture Replacer] Coin Root: 50 Cent Pack
[Info   :Brazilian Money Texture Replacer] Renderer: SM_Coin_50_Cents
[Info   :Brazilian Money Texture Replacer] Material: M_Money (Instance)
[Info   :Brazilian Money Texture Replacer] Material InstanceID: -81192
[Info   :Brazilian Money Texture Replacer] Property: _BaseMap
[Info   :Brazilian Money Texture Replacer] Texture anterior: T_Money_AlbedoTransparency
[Info   :Brazilian Money Texture Replacer] Texture nova: BrazilianCoinAtlas_RUNTIME
[Info   :Brazilian Money Texture Replacer] ########################################
[Info   :Brazilian Money Texture Replacer] Property: _MainTex | Texture atual: T_Money_AlbedoTransparency
[Info   :Brazilian Money Texture Replacer] ########################################
[Info   :Brazilian Money Texture Replacer] TEXTURA SUBSTITUIDA
[Info   :Brazilian Money Texture Replacer] Coin Root: 50 Cent Pack
[Info   :Brazilian Money Texture Replacer] Renderer: SM_Coin_50_Cents
[Info   :Brazilian Money Texture Replacer] Material: M_Money (Instance)
[Info   :Brazilian Money Texture Replacer] Material InstanceID: -81192
[Info   :Brazilian Money Texture Replacer] Property: _MainTex
[Info   :Brazilian Money Texture Replacer] Texture anterior: T_Money_AlbedoTransparency
[Info   :Brazilian Money Texture Replacer] Texture nova: BrazilianCoinAtlas_RUNTIME
[Info   :Brazilian Money Texture Replacer] ########################################
[Info   :Brazilian Money Texture Replacer] Renderer de moeda encontrado: SM_Coin_50_Cents
[Info   :Brazilian Money Texture Replacer] Material encontrado: M_Money (Instance) | InstanceID=-81194
[Info   :Brazilian Money Texture Replacer] Property: _BaseMap | Texture atual: T_Money_AlbedoTransparency
[Info   :Brazilian Money Texture Replacer] ########################################
[Info   :Brazilian Money Texture Replacer] TEXTURA SUBSTITUIDA
[Info   :Brazilian Money Texture Replacer] Coin Root: 50 Cent Pack
[Info   :Brazilian Money Texture Replacer] Renderer: SM_Coin_50_Cents
[Info   :Brazilian Money Texture Replacer] Material: M_Money (Instance)
[Info   :Brazilian Money Texture Replacer] Material InstanceID: -81194
[Info   :Brazilian Money Texture Replacer] Property: _BaseMap
[Info   :Brazilian Money Texture Replacer] Texture anterior: T_Money_AlbedoTransparency
[Info   :Brazilian Money Texture Replacer] Texture nova: BrazilianCoinAtlas_RUNTIME
[Info   :Brazilian Money Texture Replacer] ########################################
[Info   :Brazilian Money Texture Replacer] Property: _MainTex | Texture atual: T_Money_AlbedoTransparency
[Info   :Brazilian Money Texture Replacer] ########################################
[Info   :Brazilian Money Texture Replacer] TEXTURA SUBSTITUIDA
[Info   :Brazilian Money Texture Replacer] Coin Root: 50 Cent Pack
[Info   :Brazilian Money Texture Replacer] Renderer: SM_Coin_50_Cents
[Info   :Brazilian Money Texture Replacer] Material: M_Money (Instance)
[Info   :Brazilian Money Texture Replacer] Material InstanceID: -81194
[Info   :Brazilian Money Texture Replacer] Property: _MainTex
[Info   :Brazilian Money Texture Replacer] Texture anterior: T_Money_AlbedoTransparency
[Info   :Brazilian Money Texture Replacer] Texture nova: BrazilianCoinAtlas_RUNTIME
[Info   :Brazilian Money Texture Replacer] ########################################
[Info   :Brazilian Money Texture Replacer] Renderer de moeda encontrado: SM_Coin_50_Cents
[Info   :Brazilian Money Texture Replacer] Material encontrado: M_Money (Instance) | InstanceID=-81196
[Info   :Brazilian Money Texture Replacer] Property: _BaseMap | Texture atual: T_Money_AlbedoTransparency
[Info   :Brazilian Money Texture Replacer] ########################################
[Info   :Brazilian Money Texture Replacer] TEXTURA SUBSTITUIDA
[Info   :Brazilian Money Texture Replacer] Coin Root: 50 Cent Pack
[Info   :Brazilian Money Texture Replacer] Renderer: SM_Coin_50_Cents
[Info   :Brazilian Money Texture Replacer] Material: M_Money (Instance)
[Info   :Brazilian Money Texture Replacer] Material InstanceID: -81196
[Info   :Brazilian Money Texture Replacer] Property: _BaseMap
[Info   :Brazilian Money Texture Replacer] Texture anterior: T_Money_AlbedoTransparency
[Info   :Brazilian Money Texture Replacer] Texture nova: BrazilianCoinAtlas_RUNTIME
[Info   :Brazilian Money Texture Replacer] ########################################
[Info   :Brazilian Money Texture Replacer] Property: _MainTex | Texture atual: T_Money_AlbedoTransparency
[Info   :Brazilian Money Texture Replacer] ########################################
[Info   :Brazilian Money Texture Replacer] TEXTURA SUBSTITUIDA
[Info   :Brazilian Money Texture Replacer] Coin Root: 50 Cent Pack
[Info   :Brazilian Money Texture Replacer] Renderer: SM_Coin_50_Cents
[Info   :Brazilian Money Texture Replacer] Material: M_Money (Instance)
[Info   :Brazilian Money Texture Replacer] Material InstanceID: -81196
[Info   :Brazilian Money Texture Replacer] Property: _MainTex
[Info   :Brazilian Money Texture Replacer] Texture anterior: T_Money_AlbedoTransparency
[Info   :Brazilian Money Texture Replacer] Texture nova: BrazilianCoinAtlas_RUNTIME
[Info   :Brazilian Money Texture Replacer] ########################################
[Info   :Brazilian Money Texture Replacer] Renderer de moeda encontrado: SM_Coin_50_Cents
[Info   :Brazilian Money Texture Replacer] Material encontrado: M_Money (Instance) | InstanceID=-81198
[Info   :Brazilian Money Texture Replacer] Property: _BaseMap | Texture atual: T_Money_AlbedoTransparency
[Info   :Brazilian Money Texture Replacer] ########################################
[Info   :Brazilian Money Texture Replacer] TEXTURA SUBSTITUIDA
[Info   :Brazilian Money Texture Replacer] Coin Root: 50 Cent Pack
[Info   :Brazilian Money Texture Replacer] Renderer: SM_Coin_50_Cents
[Info   :Brazilian Money Texture Replacer] Material: M_Money (Instance)
[Info   :Brazilian Money Texture Replacer] Material InstanceID: -81198
[Info   :Brazilian Money Texture Replacer] Property: _BaseMap
[Info   :Brazilian Money Texture Replacer] Texture anterior: T_Money_AlbedoTransparency
[Info   :Brazilian Money Texture Replacer] Texture nova: BrazilianCoinAtlas_RUNTIME
[Info   :Brazilian Money Texture Replacer] ########################################
[Info   :Brazilian Money Texture Replacer] Property: _MainTex | Texture atual: T_Money_AlbedoTransparency
[Info   :Brazilian Money Texture Replacer] ########################################
[Info   :Brazilian Money Texture Replacer] TEXTURA SUBSTITUIDA
[Info   :Brazilian Money Texture Replacer] Coin Root: 50 Cent Pack
[Info   :Brazilian Money Texture Replacer] Renderer: SM_Coin_50_Cents
[Info   :Brazilian Money Texture Replacer] Material: M_Money (Instance)
[Info   :Brazilian Money Texture Replacer] Material InstanceID: -81198
[Info   :Brazilian Money Texture Replacer] Property: _MainTex
[Info   :Brazilian Money Texture Replacer] Texture anterior: T_Money_AlbedoTransparency
[Info   :Brazilian Money Texture Replacer] Texture nova: BrazilianCoinAtlas_RUNTIME
[Info   :Brazilian Money Texture Replacer] ########################################
[Info   :Brazilian Money Texture Replacer] Renderer de moeda encontrado: SM_Coin_50_Cents
[Info   :Brazilian Money Texture Replacer] Material encontrado: M_Money (Instance) | InstanceID=-81200
[Info   :Brazilian Money Texture Replacer] Property: _BaseMap | Texture atual: T_Money_AlbedoTransparency
[Info   :Brazilian Money Texture Replacer] ########################################
[Info   :Brazilian Money Texture Replacer] TEXTURA SUBSTITUIDA
[Info   :Brazilian Money Texture Replacer] Coin Root: 50 Cent Pack
[Info   :Brazilian Money Texture Replacer] Renderer: SM_Coin_50_Cents
[Info   :Brazilian Money Texture Replacer] Material: M_Money (Instance)
[Info   :Brazilian Money Texture Replacer] Material InstanceID: -81200
[Info   :Brazilian Money Texture Replacer] Property: _BaseMap
[Info   :Brazilian Money Texture Replacer] Texture anterior: T_Money_AlbedoTransparency
[Info   :Brazilian Money Texture Replacer] Texture nova: BrazilianCoinAtlas_RUNTIME
[Info   :Brazilian Money Texture Replacer] ########################################
[Info   :Brazilian Money Texture Replacer] Property: _MainTex | Texture atual: T_Money_AlbedoTransparency
[Info   :Brazilian Money Texture Replacer] ########################################
[Info   :Brazilian Money Texture Replacer] TEXTURA SUBSTITUIDA
[Info   :Brazilian Money Texture Replacer] Coin Root: 50 Cent Pack
[Info   :Brazilian Money Texture Replacer] Renderer: SM_Coin_50_Cents
[Info   :Brazilian Money Texture Replacer] Material: M_Money (Instance)
[Info   :Brazilian Money Texture Replacer] Material InstanceID: -81200
[Info   :Brazilian Money Texture Replacer] Property: _MainTex
[Info   :Brazilian Money Texture Replacer] Texture anterior: T_Money_AlbedoTransparency
[Info   :Brazilian Money Texture Replacer] Texture nova: BrazilianCoinAtlas_RUNTIME
[Info   :Brazilian Money Texture Replacer] ########################################
[Info   :Brazilian Money Texture Replacer] Renderer de moeda encontrado: SM_Coin_50_Cents
[Info   :Brazilian Money Texture Replacer] Material encontrado: M_Money (Instance) | InstanceID=-81202
[Info   :Brazilian Money Texture Replacer] Property: _BaseMap | Texture atual: T_Money_AlbedoTransparency
[Info   :Brazilian Money Texture Replacer] ########################################
[Info   :Brazilian Money Texture Replacer] TEXTURA SUBSTITUIDA
[Info   :Brazilian Money Texture Replacer] Coin Root: 50 Cent Pack
[Info   :Brazilian Money Texture Replacer] Renderer: SM_Coin_50_Cents
[Info   :Brazilian Money Texture Replacer] Material: M_Money (Instance)
[Info   :Brazilian Money Texture Replacer] Material InstanceID: -81202
[Info   :Brazilian Money Texture Replacer] Property: _BaseMap
[Info   :Brazilian Money Texture Replacer] Texture anterior: T_Money_AlbedoTransparency
[Info   :Brazilian Money Texture Replacer] Texture nova: BrazilianCoinAtlas_RUNTIME
[Info   :Brazilian Money Texture Replacer] ########################################
[Info   :Brazilian Money Texture Replacer] Property: _MainTex | Texture atual: T_Money_AlbedoTransparency
[Info   :Brazilian Money Texture Replacer] ########################################
[Info   :Brazilian Money Texture Replacer] TEXTURA SUBSTITUIDA
[Info   :Brazilian Money Texture Replacer] Coin Root: 50 Cent Pack
[Info   :Brazilian Money Texture Replacer] Renderer: SM_Coin_50_Cents
[Info   :Brazilian Money Texture Replacer] Material: M_Money (Instance)
[Info   :Brazilian Money Texture Replacer] Material InstanceID: -81202
[Info   :Brazilian Money Texture Replacer] Property: _MainTex
[Info   :Brazilian Money Texture Replacer] Texture anterior: T_Money_AlbedoTransparency
[Info   :Brazilian Money Texture Replacer] Texture nova: BrazilianCoinAtlas_RUNTIME
[Info   :Brazilian Money Texture Replacer] ########################################
[Info   :Brazilian Money Texture Replacer] Renderer de moeda encontrado: SM_Coin_50_Cents
[Info   :Brazilian Money Texture Replacer] Material encontrado: M_Money (Instance) | InstanceID=-81204
[Info   :Brazilian Money Texture Replacer] Property: _BaseMap | Texture atual: T_Money_AlbedoTransparency
[Info   :Brazilian Money Texture Replacer] ########################################
[Info   :Brazilian Money Texture Replacer] TEXTURA SUBSTITUIDA
[Info   :Brazilian Money Texture Replacer] Coin Root: 50 Cent Pack
[Info   :Brazilian Money Texture Replacer] Renderer: SM_Coin_50_Cents
[Info   :Brazilian Money Texture Replacer] Material: M_Money (Instance)
[Info   :Brazilian Money Texture Replacer] Material InstanceID: -81204
[Info   :Brazilian Money Texture Replacer] Property: _BaseMap
[Info   :Brazilian Money Texture Replacer] Texture anterior: T_Money_AlbedoTransparency
[Info   :Brazilian Money Texture Replacer] Texture nova: BrazilianCoinAtlas_RUNTIME
[Info   :Brazilian Money Texture Replacer] ########################################
[Info   :Brazilian Money Texture Replacer] Property: _MainTex | Texture atual: T_Money_AlbedoTransparency
[Info   :Brazilian Money Texture Replacer] ########################################
[Info   :Brazilian Money Texture Replacer] TEXTURA SUBSTITUIDA
[Info   :Brazilian Money Texture Replacer] Coin Root: 50 Cent Pack
[Info   :Brazilian Money Texture Replacer] Renderer: SM_Coin_50_Cents
[Info   :Brazilian Money Texture Replacer] Material: M_Money (Instance)
[Info   :Brazilian Money Texture Replacer] Material InstanceID: -81204
[Info   :Brazilian Money Texture Replacer] Property: _MainTex
[Info   :Brazilian Money Texture Replacer] Texture anterior: T_Money_AlbedoTransparency
[Info   :Brazilian Money Texture Replacer] Texture nova: BrazilianCoinAtlas_RUNTIME
[Info   :Brazilian Money Texture Replacer] ########################################
[Info   :Brazilian Money Texture Replacer] COIN REPLACED: 50 Cent Pack
[Info   :Currency Asset Analyzer] Novo MoneyPack descoberto: COIN | Name=50 Cent Pack | Value=0,5
[Info   :Currency Asset Analyzer] TEXTURA ALVO ENCONTRADA: T_Money_Normal | Type=UnityEngine.Texture | InstanceID=232062 | Material=M_Money (Instance) | Property=_BumpMap | GameObject=SM_Coin_50_Cents
[Info   :Currency Asset Analyzer] INICIANDO EXTRACAO: T_Money_Normal | Type=UnityEngine.Texture | InstanceID=232062
[Info   :Currency Asset Analyzer] Criando RenderTexture: 2048x2048
[Info   :Currency Asset Analyzer] Pixels capturados: 4194304
[Info   :Currency Asset Analyzer] PNG gravado: B:\SteamLibrary\steamapps\common\Supermarket Simulator\BepInEx\plugins\CurrencyAssetAnalyzer\AnalyzerV8\Textures\T_Money_Normal_232062.png | Bytes=1277872
[Info   :Currency Asset Analyzer] TEXTURA EXTRAIDA COM SUCESSO: B:\SteamLibrary\steamapps\common\Supermarket Simulator\BepInEx\plugins\CurrencyAssetAnalyzer\AnalyzerV8\Textures\T_Money_Normal_232062.png
[Info   :Currency Asset Analyzer] Arquivo sincronizado: C:\Users\natan\Documents\Mods\SupermarketSimulator\CurrencyAssetAnalyzer\Reports\Textures\T_Money_Normal_232062.png
[Info   :Currency Asset Analyzer] Arquivo sincronizado: C:\Users\natan\Documents\Mods\SupermarketSimulator\CurrencyAssetAnalyzer\Reports\Textures\TextureExtraction.txt
[Info   :Currency Asset Analyzer] TEXTURA ALVO ENCONTRADA: T_Money_SpecularSmoothness | Type=UnityEngine.Texture | InstanceID=232064 | Material=M_Money (Instance) | Property=_MetallicGlossMap | GameObject=SM_Coin_50_Cents
[Info   :Currency Asset Analyzer] INICIANDO EXTRACAO: T_Money_SpecularSmoothness | Type=UnityEngine.Texture | InstanceID=232064
[Info   :Currency Asset Analyzer] Criando RenderTexture: 2048x2048
[Info   :Currency Asset Analyzer] Pixels capturados: 4194304
[Info   :Currency Asset Analyzer] PNG gravado: B:\SteamLibrary\steamapps\common\Supermarket Simulator\BepInEx\plugins\CurrencyAssetAnalyzer\AnalyzerV8\Textures\T_Money_SpecularSmoothness_232064.png | Bytes=2657210
[Info   :Currency Asset Analyzer] TEXTURA EXTRAIDA COM SUCESSO: B:\SteamLibrary\steamapps\common\Supermarket Simulator\BepInEx\plugins\CurrencyAssetAnalyzer\AnalyzerV8\Textures\T_Money_SpecularSmoothness_232064.png
[Info   :Currency Asset Analyzer] Arquivo sincronizado: C:\Users\natan\Documents\Mods\SupermarketSimulator\CurrencyAssetAnalyzer\Reports\Textures\T_Money_SpecularSmoothness_232064.png
[Info   :Currency Asset Analyzer] Arquivo sincronizado: C:\Users\natan\Documents\Mods\SupermarketSimulator\CurrencyAssetAnalyzer\Reports\Textures\TextureExtraction.txt
[Info   :Currency Asset Analyzer] TEXTURA ALVO ENCONTRADA: T_Money_SpecularSmoothness | Type=UnityEngine.Texture | InstanceID=232064 | Material=M_Money (Instance) | Property=_SpecGlossMap | GameObject=SM_Coin_50_Cents
[Info   :Currency Asset Analyzer] TEXTURA ALVO ENCONTRADA: T_Money_Normal | Type=UnityEngine.Texture | InstanceID=232062 | Material=M_Money (Instance) | Property=_BumpMap | GameObject=SM_Coin_50_Cents
[Info   :Currency Asset Analyzer] TEXTURA ALVO ENCONTRADA: T_Money_SpecularSmoothness | Type=UnityEngine.Texture | InstanceID=232064 | Material=M_Money (Instance) | Property=_MetallicGlossMap | GameObject=SM_Coin_50_Cents
[Info   :Currency Asset Analyzer] TEXTURA ALVO ENCONTRADA: T_Money_SpecularSmoothness | Type=UnityEngine.Texture | InstanceID=232064 | Material=M_Money (Instance) | Property=_SpecGlossMap | GameObject=SM_Coin_50_Cents
[Info   :Currency Asset Analyzer] TEXTURA ALVO ENCONTRADA: T_Money_Normal | Type=UnityEngine.Texture | InstanceID=232062 | Material=M_Money (Instance) | Property=_BumpMap | GameObject=SM_Coin_50_Cents
[Info   :Currency Asset Analyzer] TEXTURA ALVO ENCONTRADA: T_Money_SpecularSmoothness | Type=UnityEngine.Texture | InstanceID=232064 | Material=M_Money (Instance) | Property=_MetallicGlossMap | GameObject=SM_Coin_50_Cents
[Info   :Currency Asset Analyzer] TEXTURA ALVO ENCONTRADA: T_Money_SpecularSmoothness | Type=UnityEngine.Texture | InstanceID=232064 | Material=M_Money (Instance) | Property=_SpecGlossMap | GameObject=SM_Coin_50_Cents
[Info   :Currency Asset Analyzer] TEXTURA ALVO ENCONTRADA: T_Money_Normal | Type=UnityEngine.Texture | InstanceID=232062 | Material=M_Money (Instance) | Property=_BumpMap | GameObject=SM_Coin_50_Cents
[Info   :Currency Asset Analyzer] TEXTURA ALVO ENCONTRADA: T_Money_SpecularSmoothness | Type=UnityEngine.Texture | InstanceID=232064 | Material=M_Money (Instance) | Property=_MetallicGlossMap | GameObject=SM_Coin_50_Cents
[Info   :Currency Asset Analyzer] TEXTURA ALVO ENCONTRADA: T_Money_SpecularSmoothness | Type=UnityEngine.Texture | InstanceID=232064 | Material=M_Money (Instance) | Property=_SpecGlossMap | GameObject=SM_Coin_50_Cents
[Info   :Currency Asset Analyzer] TEXTURA ALVO ENCONTRADA: T_Money_Normal | Type=UnityEngine.Texture | InstanceID=232062 | Material=M_Money (Instance) | Property=_BumpMap | GameObject=SM_Coin_50_Cents
[Info   :Currency Asset Analyzer] TEXTURA ALVO ENCONTRADA: T_Money_SpecularSmoothness | Type=UnityEngine.Texture | InstanceID=232064 | Material=M_Money (Instance) | Property=_MetallicGlossMap | GameObject=SM_Coin_50_Cents
[Info   :Currency Asset Analyzer] TEXTURA ALVO ENCONTRADA: T_Money_SpecularSmoothness | Type=UnityEngine.Texture | InstanceID=232064 | Material=M_Money (Instance) | Property=_SpecGlossMap | GameObject=SM_Coin_50_Cents
[Info   :Currency Asset Analyzer] TEXTURA ALVO ENCONTRADA: T_Money_Normal | Type=UnityEngine.Texture | InstanceID=232062 | Material=M_Money (Instance) | Property=_BumpMap | GameObject=SM_Coin_50_Cents
[Info   :Currency Asset Analyzer] TEXTURA ALVO ENCONTRADA: T_Money_SpecularSmoothness | Type=UnityEngine.Texture | InstanceID=232064 | Material=M_Money (Instance) | Property=_MetallicGlossMap | GameObject=SM_Coin_50_Cents
[Info   :Currency Asset Analyzer] TEXTURA ALVO ENCONTRADA: T_Money_SpecularSmoothness | Type=UnityEngine.Texture | InstanceID=232064 | Material=M_Money (Instance) | Property=_SpecGlossMap | GameObject=SM_Coin_50_Cents
[Info   :Currency Asset Analyzer] TEXTURA ALVO ENCONTRADA: T_Money_Normal | Type=UnityEngine.Texture | InstanceID=232062 | Material=M_Money (Instance) | Property=_BumpMap | GameObject=SM_Coin_50_Cents
[Info   :Currency Asset Analyzer] TEXTURA ALVO ENCONTRADA: T_Money_SpecularSmoothness | Type=UnityEngine.Texture | InstanceID=232064 | Material=M_Money (Instance) | Property=_MetallicGlossMap | GameObject=SM_Coin_50_Cents
[Info   :Currency Asset Analyzer] TEXTURA ALVO ENCONTRADA: T_Money_SpecularSmoothness | Type=UnityEngine.Texture | InstanceID=232064 | Material=M_Money (Instance) | Property=_SpecGlossMap | GameObject=SM_Coin_50_Cents
[Info   :Currency Asset Analyzer] TEXTURA ALVO ENCONTRADA: T_Money_Normal | Type=UnityEngine.Texture | InstanceID=232062 | Material=M_Money (Instance) | Property=_BumpMap | GameObject=SM_Coin_50_Cents
[Info   :Currency Asset Analyzer] TEXTURA ALVO ENCONTRADA: T_Money_SpecularSmoothness | Type=UnityEngine.Texture | InstanceID=232064 | Material=M_Money (Instance) | Property=_MetallicGlossMap | GameObject=SM_Coin_50_Cents
[Info   :Currency Asset Analyzer] TEXTURA ALVO ENCONTRADA: T_Money_SpecularSmoothness | Type=UnityEngine.Texture | InstanceID=232064 | Material=M_Money (Instance) | Property=_SpecGlossMap | GameObject=SM_Coin_50_Cents
[Info   :Currency Asset Analyzer] TEXTURA ALVO ENCONTRADA: T_Money_Normal | Type=UnityEngine.Texture | InstanceID=232062 | Material=M_Money (Instance) | Property=_BumpMap | GameObject=SM_Coin_50_Cents
[Info   :Currency Asset Analyzer] TEXTURA ALVO ENCONTRADA: T_Money_SpecularSmoothness | Type=UnityEngine.Texture | InstanceID=232064 | Material=M_Money (Instance) | Property=_MetallicGlossMap | GameObject=SM_Coin_50_Cents
[Info   :Currency Asset Analyzer] TEXTURA ALVO ENCONTRADA: T_Money_SpecularSmoothness | Type=UnityEngine.Texture | InstanceID=232064 | Material=M_Money (Instance) | Property=_SpecGlossMap | GameObject=SM_Coin_50_Cents
[Info   :Currency Asset Analyzer] TEXTURA ALVO ENCONTRADA: T_Money_Normal | Type=UnityEngine.Texture | InstanceID=232062 | Material=M_Money (Instance) | Property=_BumpMap | GameObject=SM_Coin_50_Cents
[Info   :Currency Asset Analyzer] TEXTURA ALVO ENCONTRADA: T_Money_SpecularSmoothness | Type=UnityEngine.Texture | InstanceID=232064 | Material=M_Money (Instance) | Property=_MetallicGlossMap | GameObject=SM_Coin_50_Cents
[Info   :Currency Asset Analyzer] TEXTURA ALVO ENCONTRADA: T_Money_SpecularSmoothness | Type=UnityEngine.Texture | InstanceID=232064 | Material=M_Money (Instance) | Property=_SpecGlossMap | GameObject=SM_Coin_50_Cents
[Info   :Currency Asset Analyzer] Relatorio MoneyPack salvo: B:\SteamLibrary\steamapps\common\Supermarket Simulator\BepInEx\plugins\CurrencyAssetAnalyzer\AnalyzerV8\MoneyPack\COIN_50 Cent Pack_0.50.txt
[Info   :Currency Asset Analyzer] Arquivo sincronizado: C:\Users\natan\Documents\Mods\SupermarketSimulator\CurrencyAssetAnalyzer\Reports\MoneyPack\COIN_50 Cent Pack_0.50.txt
[Info   :Currency Atlas Mapper] ========================================
[Info   :Currency Atlas Mapper] Mapeando: SM_Coin_50_Cents
[Info   :Currency Atlas Mapper] Mesh vertices: 194
[Info   :Currency Atlas Mapper] Renderer: UnityEngine.Renderer
[Info   :Currency Atlas Mapper] Camera: Main Camera
[Info   :Currency Atlas Mapper] Sincronizado: C:\Users\natan\Documents\Mods\SupermarketSimulator\CurrencyAssetAnalyzer\Reports\AtlasMapping\SM_Coin_50_Cents_REAL_CAMERA.png
[Info   :Currency Atlas Mapper] Captura real concluida: SM_Coin_50_Cents | Pixels=0 | U=1.000000..0.000000 | V=1.000000..0.000000
[Info   :Currency Atlas Mapper] Sincronizado: C:\Users\natan\Documents\Mods\SupermarketSimulator\CurrencyAssetAnalyzer\Reports\AtlasMapping\AtlasMapReport.txt
[Info   :Mesh API Probe] ========================================
[Info   :Mesh API Probe] Mesh encontrado: SM_Coin_50_Cents
[Info   :Mesh API Probe] Runtime Type: UnityEngine.Mesh
[Info   :Mesh API Probe] Relatorio sincronizado: C:\Users\natan\Documents\Mods\SupermarketSimulator\CurrencyAssetAnalyzer\Reports\MeshApiProbe\MeshApiReport.txt
[Info   :Mesh API Probe] Relatorio Mesh API gerado.
[Info   :Currency Mesh Fingerprint] ========================================
[Info   :Currency Mesh Fingerprint] Analisando mesh: SM_Coin_50_Cents
[Info   :Currency Mesh Fingerprint] VertexCount informado pelo Unity: 194
[Info   :Currency Mesh Fingerprint] Vertices lidos: 0
[Info   :Currency Mesh Fingerprint] Normais lidas: 0
[Info   :Currency Mesh Fingerprint] Tangentes lidas: 0
[Info   :Currency Mesh Fingerprint] UV0 lidos: 0
[Info   :Mesh GPU Probe] ========================================
[Info   :Mesh GPU Probe] Mesh: SM_Coin_50_Cents
[Info   :Mesh GPU Probe] Mesh Name: SM_Coin_50_Cents
[Info   :Mesh GPU Probe] InstanceID: 63726
[Info   :Mesh GPU Probe] VertexCount: 194
[Info   :Mesh GPU Probe] SubMeshCount: 1
[Info   :Mesh GPU Probe] isReadable: False
[Info   :Mesh GPU Probe] canAccess: False
[Info   :Mesh GPU Probe] VertexBufferCount: 1
[Info   :Mesh GPU Probe] VertexAttributeCount: 4
[Info   :Mesh GPU Probe] 
[Info   :Mesh GPU Probe] VERTEX ATTRIBUTES
[Info   :Mesh GPU Probe] --------------------------------
[Info   :Mesh GPU Probe] Position: True
[Info   :Mesh GPU Probe]   Stream: 0
[Info   :Mesh GPU Probe]   Offset: 0
[Info   :Mesh GPU Probe]   Dimension: 3
[Info   :Mesh GPU Probe]   Format: Float32
[Info   :Mesh GPU Probe] Normal: True
[Info   :Mesh GPU Probe]   Stream: 0
[Info   :Mesh GPU Probe]   Offset: 12
[Info   :Mesh GPU Probe]   Dimension: 3
[Info   :Mesh GPU Probe]   Format: Float32
[Info   :Mesh GPU Probe] Tangent: True
[Info   :Mesh GPU Probe]   Stream: 0
[Info   :Mesh GPU Probe]   Offset: 24
[Info   :Mesh GPU Probe]   Dimension: 4
[Info   :Mesh GPU Probe]   Format: Float32
[Info   :Mesh GPU Probe] Color: False
[Info   :Mesh GPU Probe] TexCoord0: True
[Info   :Mesh GPU Probe]   Stream: 0
[Info   :Mesh GPU Probe]   Offset: 40
[Info   :Mesh GPU Probe]   Dimension: 2
[Info   :Mesh GPU Probe]   Format: Float32
[Info   :Mesh GPU Probe] TexCoord1: False
[Info   :Mesh GPU Probe] TexCoord2: False
[Info   :Mesh GPU Probe] TexCoord3: False
[Info   :Mesh GPU Probe] 
[Info   :Mesh GPU Probe] VERTEX BUFFER #0
[Info   :Mesh GPU Probe] --------------------------------
[Info   :Mesh GPU Probe] Stride: 48
[Info   :Mesh GPU Probe] Buffer: OK
[Info   :Mesh GPU Probe] Buffer Count: 194
[Info   :Mesh GPU Probe] Buffer Stride: 48
[Info   :Mesh GPU Probe] Buffer Target: Vertex, CopySource
[Info   :Mesh GPU Probe] Buffer IsValid: True
[Info   :Mesh GPU Probe] NativeBufferPtr: 1974030763808
[Info   :Mesh GPU Probe] 
[Info   :Mesh GPU Probe] INDEX BUFFER
[Info   :Mesh GPU Probe] --------------------------------
[Info   :Mesh GPU Probe] Index Buffer: OK
[Info   :Mesh GPU Probe] Count: 564
[Info   :Mesh GPU Probe] Stride: 2
[Info   :Mesh GPU Probe] Target: Index
[Info   :Mesh GPU Probe] IsValid: True
[Info   :Mesh GPU Probe] END
[Info   :Mesh GPU Probe] Relatorio GPU gerado.
[Info   :Mesh GPU Readback Probe] ========================================
[Info   :Mesh GPU Readback Probe] Solicitando GPU Readback: SM_Coin_50_Cents
[Info   :Mesh GPU Readback Probe] Mesh: SM_Coin_50_Cents
[Info   :Mesh GPU Readback Probe] VertexCount: 194
[Info   :Mesh GPU Readback Probe] UV Stream: 0
[Info   :Mesh GPU Readback Probe] UV Offset: 40
[Info   :Mesh GPU Readback Probe] Vertex Stride: 48
[Info   :Mesh GPU Readback Probe] GraphicsBuffer obtido.
[Info   :Mesh GPU Readback Probe] Buffer Count: 194
[Info   :Mesh GPU Readback Probe] Buffer Stride: 48
[Info   :Mesh GPU Readback Probe] Buffer Target: Vertex, CopySource
[Info   :Mesh GPU Readback Probe] Buffer IsValid: True
[Info   :Mesh GPU Readback Probe] Total Bytes solicitados: 9312
[Info   :Mesh GPU Readback Probe] AsyncGPUReadback solicitado com sucesso.
[Info   :Money Material Probe] ========================================
[Info   :Money Material Probe] MONEY MATERIAL PROBE
[Info   :Money Material Probe] MoneyPack Type: MoneyPack
[Info   :Money Material Probe] Tipo informado pelo SpawnMoney: COIN
[Info   :Money Material Probe] GameObject resolvido: 50 Cent Pack
[Info   :Money Material Probe] Value: 0.50
[Info   :Money Material Probe] GameObject InstanceID: -6482
[Info   :Money Material Probe] Analise concluida: 50 Cent Pack
[Info   :Money Material Probe] ========================================
[Info   :Currency Atlas Triangle Mapper] Index Readback solicitado.
[Info   :Currency Atlas UV Mapper] Mapeamento concluido: SM_Coin_50_Cents | U=0.015159..0.189718 | V=0.606658..0.988918
[Info   :Currency Atlas UV Mapper] Finalizado: SM_Coin_50_Cents
[Info   :Mesh GPU Readback Probe] ========================================
[Info   :Mesh GPU Readback Probe] Processando GPU Readback.
[Info   :Mesh GPU Readback Probe] GPU Readback: SUCCESS.
[Info   :Mesh GPU Readback Probe] Bytes recebidos: 9312
[Info   :Mesh GPU Readback Probe] READBACK RESULT: SUCCESS
[Info   :Mesh GPU Readback Probe] Bytes recebidos: 9312
[Info   :Mesh GPU Readback Probe] 
[Info   :Mesh GPU Readback Probe] VERTEX BUFFER ANALYSIS
[Info   :Mesh GPU Readback Probe] --------------------------------
[Info   :Mesh GPU Readback Probe] Stride: 48
[Info   :Mesh GPU Readback Probe] UV Offset: 40
[Info   :Mesh GPU Readback Probe] Vertex Count Calculated: 194
[Info   :Mesh GPU Readback Probe] 
[Info   :Mesh GPU Readback Probe] UV SAMPLE
[Info   :Mesh GPU Readback Probe] --------------------------------
[Info   :Mesh GPU Readback Probe] [0] U=0.024291 V=0.606658
[Info   :Mesh GPU Readback Probe] [1] U=0.015159 V=0.606658
[Info   :Mesh GPU Readback Probe] [2] U=0.015159 V=0.614622
[Info   :Mesh GPU Readback Probe] [3] U=0.024291 V=0.614622
[Info   :Mesh GPU Readback Probe] [4] U=0.015159 V=0.622586
[Info   :Mesh GPU Readback Probe] [5] U=0.024291 V=0.622586
[Info   :Mesh GPU Readback Probe] [6] U=0.015159 V=0.630549
[Info   :Mesh GPU Readback Probe] [7] U=0.024291 V=0.630549
[Info   :Mesh GPU Readback Probe] [8] U=0.015159 V=0.638513
[Info   :Mesh GPU Readback Probe] [9] U=0.024291 V=0.638513
[Info   :Mesh GPU Readback Probe] [10] U=0.015159 V=0.646477
[Info   :Mesh GPU Readback Probe] [11] U=0.024291 V=0.646477
[Info   :Mesh GPU Readback Probe] [12] U=0.015159 V=0.654441
[Info   :Mesh GPU Readback Probe] [13] U=0.024291 V=0.654441
[Info   :Mesh GPU Readback Probe] [14] U=0.015159 V=0.662405
[Info   :Mesh GPU Readback Probe] [15] U=0.024291 V=0.662405
[Info   :Mesh GPU Readback Probe] [16] U=0.015159 V=0.670368
[Info   :Mesh GPU Readback Probe] [17] U=0.024291 V=0.670368
[Info   :Mesh GPU Readback Probe] [18] U=0.015159 V=0.678332
[Info   :Mesh GPU Readback Probe] [19] U=0.024291 V=0.678332
[Info   :Mesh GPU Readback Probe] [20] U=0.015159 V=0.686296
[Info   :Mesh GPU Readback Probe] [21] U=0.024291 V=0.686296
[Info   :Mesh GPU Readback Probe] [22] U=0.015159 V=0.694260
[Info   :Mesh GPU Readback Probe] [23] U=0.024291 V=0.694260
[Info   :Mesh GPU Readback Probe] [24] U=0.015159 V=0.702223
[Info   :Mesh GPU Readback Probe] [25] U=0.024291 V=0.702223
[Info   :Mesh GPU Readback Probe] [26] U=0.015159 V=0.710187
[Info   :Mesh GPU Readback Probe] [27] U=0.024291 V=0.710187
[Info   :Mesh GPU Readback Probe] [28] U=0.015159 V=0.718151
[Info   :Mesh GPU Readback Probe] [29] U=0.024291 V=0.718151
[Info   :Mesh GPU Readback Probe] 
[Info   :Mesh GPU Readback Probe] UV STATISTICS
[Info   :Mesh GPU Readback Probe] --------------------------------
[Info   :Mesh GPU Readback Probe] Valid UV Count: 194
[Info   :Mesh GPU Readback Probe] UV Min: (0.015159, 0.606658)
[Info   :Mesh GPU Readback Probe] UV Max: (0.189718, 0.988918)
[Info   :Mesh GPU Readback Probe] UV Width: 0.174559
[Info   :Mesh GPU Readback Probe] UV Height: 0.382259
[Info   :Mesh GPU Readback Probe] MappingFound: TRUE
[Info   :Mesh GPU Readback Probe] 
[Info   :Mesh GPU Readback Probe] POSITION + UV SAMPLE
[Info   :Mesh GPU Readback Probe] --------------------------------
[Info   :Mesh GPU Readback Probe] [0] P=(0.000000, 0.001099, 0.015263) UV=(0.024291, 0.606658)
[Info   :Mesh GPU Readback Probe] [1] P=(0.000000, -0.001099, 0.015263) UV=(0.015159, 0.606658)
[Info   :Mesh GPU Readback Probe] [2] P=(0.001992, -0.001099, 0.015132) UV=(0.015159, 0.614622)
[Info   :Mesh GPU Readback Probe] [3] P=(0.001992, 0.001099, 0.015132) UV=(0.024291, 0.614622)
[Info   :Mesh GPU Readback Probe] [4] P=(0.003950, -0.001099, 0.014743) UV=(0.015159, 0.622586)
[Info   :Mesh GPU Readback Probe] [5] P=(0.003950, 0.001099, 0.014743) UV=(0.024291, 0.622586)
[Info   :Mesh GPU Readback Probe] [6] P=(0.005841, -0.001099, 0.014101) UV=(0.015159, 0.630549)
[Info   :Mesh GPU Readback Probe] [7] P=(0.005841, 0.001099, 0.014101) UV=(0.024291, 0.630549)
[Info   :Mesh GPU Readback Probe] [8] P=(0.007631, -0.001099, 0.013218) UV=(0.015159, 0.638513)
[Info   :Mesh GPU Readback Probe] [9] P=(0.007631, 0.001099, 0.013218) UV=(0.024291, 0.638513)
[Info   :Currency Atlas Triangle Mapper] Triangulos reconstruidos: SM_Coin_50_Cents | 188/188
[Info   :Supermarket Simulator - Brazilian Money] Dinheiro detectado: Type=COIN | Name=50 Cent Pack | Value=0,5
[Info   :Supermarket Simulator - Brazilian Money] ----- ANÁLISE DO MONEY PACK -----
[Info   :Supermarket Simulator - Brazilian Money] Type: COIN
[Info   :Supermarket Simulator - Brazilian Money] Name: 50 Cent Pack
[Info   :Supermarket Simulator - Brazilian Money] Value: 0,5
[Info   :Supermarket Simulator - Brazilian Money] InstanceID: -6482
[Info   :Supermarket Simulator - Brazilian Money] Hierarchy: ---MANAGERS---/Checkout Manager/Checkout/Cash Register/Checkout Drawer/50 Cent Pack
[Info   :Supermarket Simulator - Brazilian Money] Objetos na hierarquia: 23
[Info   :Supermarket Simulator - Brazilian Money] Object: 50 Cent Pack
[Info   :Supermarket Simulator - Brazilian Money]   Components de 50 Cent Pack: 5
[Info   :Supermarket Simulator - Brazilian Money]   - UnityEngine.Transform
[Info   :Supermarket Simulator - Brazilian Money]   - UnityEngine.Component
[Info   :Supermarket Simulator - Brazilian Money]   - MoneyPack
[Info   :Supermarket Simulator - Brazilian Money]   - UnityEngine.Component
[Info   :Supermarket Simulator - Brazilian Money]   - UnityEngine.Component
[Info   :Supermarket Simulator - Brazilian Money] Object: Visuals
[Info   :Supermarket Simulator - Brazilian Money]   Components de Visuals: 1
[Info   :Supermarket Simulator - Brazilian Money]   - UnityEngine.Transform
[Info   :Supermarket Simulator - Brazilian Money] Object: 50 Cent Pack
[Info   :Supermarket Simulator - Brazilian Money]   Components de 50 Cent Pack: 1
[Info   :Supermarket Simulator - Brazilian Money]   - UnityEngine.Transform
[Info   :Supermarket Simulator - Brazilian Money] Object: Coin_50_Cents
[Info   :Supermarket Simulator - Brazilian Money]   Components de Coin_50_Cents: 2
[Info   :Supermarket Simulator - Brazilian Money]   - UnityEngine.Transform
[Info   :Supermarket Simulator - Brazilian Money]   - UnityEngine.Component
[Info   :Supermarket Simulator - Brazilian Money] Object: SM_Coin_50_Cents
[Info   :Supermarket Simulator - Brazilian Money]   Components de SM_Coin_50_Cents: 4
[Info   :Supermarket Simulator - Brazilian Money]   - UnityEngine.Transform
[Info   :Supermarket Simulator - Brazilian Money]   - UnityEngine.MeshFilter
[Info   :Supermarket Simulator - Brazilian Money]   - UnityEngine.Renderer
[Info   :Supermarket Simulator - Brazilian Money]   - UnityEngine.Component
[Info   :Supermarket Simulator - Brazilian Money] Object: Coin_50_Cents (1)
[Info   :Supermarket Simulator - Brazilian Money]   Components de Coin_50_Cents (1): 2
[Info   :Supermarket Simulator - Brazilian Money]   - UnityEngine.Transform
[Info   :Supermarket Simulator - Brazilian Money]   - UnityEngine.Component
[Info   :Supermarket Simulator - Brazilian Money] Object: SM_Coin_50_Cents
[Info   :Supermarket Simulator - Brazilian Money]   Components de SM_Coin_50_Cents: 4
[Info   :Supermarket Simulator - Brazilian Money]   - UnityEngine.Transform
[Info   :Supermarket Simulator - Brazilian Money]   - UnityEngine.MeshFilter
[Info   :Supermarket Simulator - Brazilian Money]   - UnityEngine.Renderer
[Info   :Supermarket Simulator - Brazilian Money]   - UnityEngine.Component
[Info   :Supermarket Simulator - Brazilian Money] Object: Coin_50_Cents (2)
[Info   :Supermarket Simulator - Brazilian Money]   Components de Coin_50_Cents (2): 2
[Info   :Supermarket Simulator - Brazilian Money]   - UnityEngine.Transform
[Info   :Supermarket Simulator - Brazilian Money]   - UnityEngine.Component
[Info   :Supermarket Simulator - Brazilian Money] Object: SM_Coin_50_Cents
[Info   :Supermarket Simulator - Brazilian Money]   Components de SM_Coin_50_Cents: 4
[Info   :Supermarket Simulator - Brazilian Money]   - UnityEngine.Transform
[Info   :Supermarket Simulator - Brazilian Money]   - UnityEngine.MeshFilter
[Info   :Supermarket Simulator - Brazilian Money]   - UnityEngine.Renderer
[Info   :Supermarket Simulator - Brazilian Money]   - UnityEngine.Component
[Info   :Supermarket Simulator - Brazilian Money] Object: Coin_50_Cents (3)
[Info   :Supermarket Simulator - Brazilian Money]   Components de Coin_50_Cents (3): 2
[Info   :Supermarket Simulator - Brazilian Money]   - UnityEngine.Transform
[Info   :Supermarket Simulator - Brazilian Money]   - UnityEngine.Component
[Info   :Supermarket Simulator - Brazilian Money] Object: SM_Coin_50_Cents
[Info   :Supermarket Simulator - Brazilian Money]   Components de SM_Coin_50_Cents: 4
[Info   :Supermarket Simulator - Brazilian Money]   - UnityEngine.Transform
[Info   :Supermarket Simulator - Brazilian Money]   - UnityEngine.MeshFilter
[Info   :Supermarket Simulator - Brazilian Money]   - UnityEngine.Renderer
[Info   :Supermarket Simulator - Brazilian Money]   - UnityEngine.Component
[Info   :Supermarket Simulator - Brazilian Money] Object: Coin_50_Cents (4)
[Info   :Supermarket Simulator - Brazilian Money]   Components de Coin_50_Cents (4): 2
[Info   :Supermarket Simulator - Brazilian Money]   - UnityEngine.Transform
[Info   :Supermarket Simulator - Brazilian Money]   - UnityEngine.Component
[Info   :Supermarket Simulator - Brazilian Money] Object: SM_Coin_50_Cents
[Info   :Supermarket Simulator - Brazilian Money]   Components de SM_Coin_50_Cents: 4
[Info   :Supermarket Simulator - Brazilian Money]   - UnityEngine.Transform
[Info   :Supermarket Simulator - Brazilian Money]   - UnityEngine.MeshFilter
[Info   :Supermarket Simulator - Brazilian Money]   - UnityEngine.Renderer
[Info   :Supermarket Simulator - Brazilian Money]   - UnityEngine.Component
[Info   :Supermarket Simulator - Brazilian Money] Object: Coin_50_Cents (5)
[Info   :Supermarket Simulator - Brazilian Money]   Components de Coin_50_Cents (5): 2
[Info   :Supermarket Simulator - Brazilian Money]   - UnityEngine.Transform
[Info   :Supermarket Simulator - Brazilian Money]   - UnityEngine.Component
[Info   :Supermarket Simulator - Brazilian Money] Object: SM_Coin_50_Cents
[Info   :Supermarket Simulator - Brazilian Money]   Components de SM_Coin_50_Cents: 4
[Info   :Supermarket Simulator - Brazilian Money]   - UnityEngine.Transform
[Info   :Supermarket Simulator - Brazilian Money]   - UnityEngine.MeshFilter
[Info   :Supermarket Simulator - Brazilian Money]   - UnityEngine.Renderer
[Info   :Supermarket Simulator - Brazilian Money]   - UnityEngine.Component
[Info   :Supermarket Simulator - Brazilian Money] Object: Coin_50_Cents (6)
[Info   :Supermarket Simulator - Brazilian Money]   Components de Coin_50_Cents (6): 2
[Info   :Supermarket Simulator - Brazilian Money]   - UnityEngine.Transform
[Info   :Supermarket Simulator - Brazilian Money]   - UnityEngine.Component
[Info   :Supermarket Simulator - Brazilian Money] Object: SM_Coin_50_Cents
[Info   :Supermarket Simulator - Brazilian Money]   Components de SM_Coin_50_Cents: 4
[Info   :Supermarket Simulator - Brazilian Money]   - UnityEngine.Transform
[Info   :Supermarket Simulator - Brazilian Money]   - UnityEngine.MeshFilter
[Info   :Supermarket Simulator - Brazilian Money]   - UnityEngine.Renderer
[Info   :Supermarket Simulator - Brazilian Money]   - UnityEngine.Component
[Info   :Supermarket Simulator - Brazilian Money] Object: Coin_50_Cents (7)
[Info   :Supermarket Simulator - Brazilian Money]   Components de Coin_50_Cents (7): 2
[Info   :Supermarket Simulator - Brazilian Money]   - UnityEngine.Transform
[Info   :Supermarket Simulator - Brazilian Money]   - UnityEngine.Component
[Info   :Supermarket Simulator - Brazilian Money] Object: SM_Coin_50_Cents
[Info   :Supermarket Simulator - Brazilian Money]   Components de SM_Coin_50_Cents: 4
[Info   :Supermarket Simulator - Brazilian Money]   - UnityEngine.Transform
[Info   :Supermarket Simulator - Brazilian Money]   - UnityEngine.MeshFilter
[Info   :Supermarket Simulator - Brazilian Money]   - UnityEngine.Renderer
[Info   :Supermarket Simulator - Brazilian Money]   - UnityEngine.Component
[Info   :Supermarket Simulator - Brazilian Money] Object: Coin_50_Cents (8)
[Info   :Supermarket Simulator - Brazilian Money]   Components de Coin_50_Cents (8): 2
[Info   :Supermarket Simulator - Brazilian Money]   - UnityEngine.Transform
[Info   :Supermarket Simulator - Brazilian Money]   - UnityEngine.Component
[Info   :Supermarket Simulator - Brazilian Money] Object: SM_Coin_50_Cents
[Info   :Supermarket Simulator - Brazilian Money]   Components de SM_Coin_50_Cents: 4
[Info   :Supermarket Simulator - Brazilian Money]   - UnityEngine.Transform
[Info   :Supermarket Simulator - Brazilian Money]   - UnityEngine.MeshFilter
[Info   :Supermarket Simulator - Brazilian Money]   - UnityEngine.Renderer
[Info   :Supermarket Simulator - Brazilian Money]   - UnityEngine.Component
[Info   :Supermarket Simulator - Brazilian Money] Object: Coin_50_Cents (9)
[Info   :Supermarket Simulator - Brazilian Money]   Components de Coin_50_Cents (9): 2
[Info   :Supermarket Simulator - Brazilian Money]   - UnityEngine.Transform
[Info   :Supermarket Simulator - Brazilian Money]   - UnityEngine.Component
[Info   :Supermarket Simulator - Brazilian Money] Object: SM_Coin_50_Cents
[Info   :Supermarket Simulator - Brazilian Money]   Components de SM_Coin_50_Cents: 4
[Info   :Supermarket Simulator - Brazilian Money]   - UnityEngine.Transform
[Info   :Supermarket Simulator - Brazilian Money]   - UnityEngine.MeshFilter
[Info   :Supermarket Simulator - Brazilian Money]   - UnityEngine.Renderer
[Info   :Supermarket Simulator - Brazilian Money]   - UnityEngine.Component
[Info   :Supermarket Simulator - Brazilian Money] ----- FIM DA ANÁLISE -----
[Info   :Brazilian Money Texture Replacer] POSTFIX SpawnMoney EXECUTADO | isCoin=True | moneyPack=MoneyPack
[Info   :Brazilian Money Texture Replacer] MoneyPack GameObject resolvido: 50 Cent Pack
[Info   :Money Material Probe] ========================================
[Info   :Money Material Probe] MONEY MATERIAL PROBE
[Info   :Money Material Probe] MoneyPack Type: MoneyPack
[Info   :Money Material Probe] Tipo informado pelo SpawnMoney: COIN
[Info   :Money Material Probe] GameObject resolvido: 50 Cent Pack
[Info   :Supermarket Simulator - Brazilian Money] Dinheiro detectado: Type=COIN | Name=50 Cent Pack | Value=0,5
[Info   :Supermarket Simulator - Brazilian Money] ----- ANÁLISE DO MONEY PACK -----
[Info   :Supermarket Simulator - Brazilian Money] Type: COIN
[Info   :Supermarket Simulator - Brazilian Money] Name: 50 Cent Pack
[Info   :Supermarket Simulator - Brazilian Money] Value: 0,5
[Info   :Supermarket Simulator - Brazilian Money] InstanceID: -6482
[Info   :Supermarket Simulator - Brazilian Money] Hierarchy: ---MANAGERS---/Checkout Manager/Checkout/Cash Register/Checkout Drawer/50 Cent Pack
[Info   :Supermarket Simulator - Brazilian Money] Objetos na hierarquia: 23
[Info   :Supermarket Simulator - Brazilian Money] Object: 50 Cent Pack
[Info   :Supermarket Simulator - Brazilian Money]   Components de 50 Cent Pack: 5
[Info   :Supermarket Simulator - Brazilian Money]   - UnityEngine.Transform
[Info   :Supermarket Simulator - Brazilian Money]   - UnityEngine.Component
[Info   :Supermarket Simulator - Brazilian Money]   - MoneyPack
[Info   :Supermarket Simulator - Brazilian Money]   - UnityEngine.Component
[Info   :Supermarket Simulator - Brazilian Money]   - UnityEngine.Component
[Info   :Supermarket Simulator - Brazilian Money] Object: Visuals
[Info   :Supermarket Simulator - Brazilian Money]   Components de Visuals: 1
[Info   :Supermarket Simulator - Brazilian Money]   - UnityEngine.Transform
[Info   :Supermarket Simulator - Brazilian Money] Object: 50 Cent Pack
[Info   :Supermarket Simulator - Brazilian Money]   Components de 50 Cent Pack: 1
[Info   :Supermarket Simulator - Brazilian Money]   - UnityEngine.Transform
[Info   :Supermarket Simulator - Brazilian Money] Object: Coin_50_Cents
[Info   :Supermarket Simulator - Brazilian Money]   Components de Coin_50_Cents: 2
[Info   :Supermarket Simulator - Brazilian Money]   - UnityEngine.Transform
[Info   :Supermarket Simulator - Brazilian Money]   - UnityEngine.Component
[Info   :Supermarket Simulator - Brazilian Money] Object: SM_Coin_50_Cents
[Info   :Supermarket Simulator - Brazilian Money]   Components de SM_Coin_50_Cents: 4
[Info   :Supermarket Simulator - Brazilian Money]   - UnityEngine.Transform
[Info   :Supermarket Simulator - Brazilian Money]   - UnityEngine.MeshFilter
[Info   :Supermarket Simulator - Brazilian Money]   - UnityEngine.Renderer
[Info   :Supermarket Simulator - Brazilian Money]   - UnityEngine.Component
[Info   :Supermarket Simulator - Brazilian Money] Object: Coin_50_Cents (1)
[Info   :Supermarket Simulator - Brazilian Money]   Components de Coin_50_Cents (1): 2
[Info   :Supermarket Simulator - Brazilian Money]   - UnityEngine.Transform
[Info   :Supermarket Simulator - Brazilian Money]   - UnityEngine.Component
[Info   :Supermarket Simulator - Brazilian Money] Object: SM_Coin_50_Cents
[Info   :Supermarket Simulator - Brazilian Money]   Components de SM_Coin_50_Cents: 4
[Info   :Supermarket Simulator - Brazilian Money]   - UnityEngine.Transform
[Info   :Supermarket Simulator - Brazilian Money]   - UnityEngine.MeshFilter
[Info   :Supermarket Simulator - Brazilian Money]   - UnityEngine.Renderer
[Info   :Supermarket Simulator - Brazilian Money]   - UnityEngine.Component
[Info   :Supermarket Simulator - Brazilian Money] Object: Coin_50_Cents (2)
[Info   :Supermarket Simulator - Brazilian Money]   Components de Coin_50_Cents (2): 2
[Info   :Supermarket Simulator - Brazilian Money]   - UnityEngine.Transform
[Info   :Supermarket Simulator - Brazilian Money]   - UnityEngine.Component
[Info   :Supermarket Simulator - Brazilian Money] Object: SM_Coin_50_Cents
[Info   :Supermarket Simulator - Brazilian Money]   Components de SM_Coin_50_Cents: 4
[Info   :Supermarket Simulator - Brazilian Money]   - UnityEngine.Transform
[Info   :Supermarket Simulator - Brazilian Money]   - UnityEngine.MeshFilter
[Info   :Supermarket Simulator - Brazilian Money]   - UnityEngine.Renderer
[Info   :Supermarket Simulator - Brazilian Money]   - UnityEngine.Component
[Info   :Supermarket Simulator - Brazilian Money] Object: Coin_50_Cents (3)
[Info   :Supermarket Simulator - Brazilian Money]   Components de Coin_50_Cents (3): 2
[Info   :Supermarket Simulator - Brazilian Money]   - UnityEngine.Transform
[Info   :Supermarket Simulator - Brazilian Money]   - UnityEngine.Component
[Info   :Supermarket Simulator - Brazilian Money] Object: SM_Coin_50_Cents
[Info   :Supermarket Simulator - Brazilian Money]   Components de SM_Coin_50_Cents: 4
[Info   :Supermarket Simulator - Brazilian Money]   - UnityEngine.Transform
[Info   :Supermarket Simulator - Brazilian Money]   - UnityEngine.MeshFilter
[Info   :Supermarket Simulator - Brazilian Money]   - UnityEngine.Renderer
[Info   :Supermarket Simulator - Brazilian Money]   - UnityEngine.Component
[Info   :Supermarket Simulator - Brazilian Money] Object: Coin_50_Cents (4)
[Info   :Supermarket Simulator - Brazilian Money]   Components de Coin_50_Cents (4): 2
[Info   :Supermarket Simulator - Brazilian Money]   - UnityEngine.Transform
[Info   :Supermarket Simulator - Brazilian Money]   - UnityEngine.Component
[Info   :Supermarket Simulator - Brazilian Money] Object: SM_Coin_50_Cents
[Info   :Supermarket Simulator - Brazilian Money]   Components de SM_Coin_50_Cents: 4
[Info   :Supermarket Simulator - Brazilian Money]   - UnityEngine.Transform
[Info   :Supermarket Simulator - Brazilian Money]   - UnityEngine.MeshFilter
[Info   :Supermarket Simulator - Brazilian Money]   - UnityEngine.Renderer
[Info   :Supermarket Simulator - Brazilian Money]   - UnityEngine.Component
[Info   :Supermarket Simulator - Brazilian Money] Object: Coin_50_Cents (5)
[Info   :Supermarket Simulator - Brazilian Money]   Components de Coin_50_Cents (5): 2
[Info   :Supermarket Simulator - Brazilian Money]   - UnityEngine.Transform
[Info   :Supermarket Simulator - Brazilian Money]   - UnityEngine.Component
[Info   :Supermarket Simulator - Brazilian Money] Object: SM_Coin_50_Cents
[Info   :Supermarket Simulator - Brazilian Money]   Components de SM_Coin_50_Cents: 4
[Info   :Supermarket Simulator - Brazilian Money]   - UnityEngine.Transform
[Info   :Supermarket Simulator - Brazilian Money]   - UnityEngine.MeshFilter
[Info   :Supermarket Simulator - Brazilian Money]   - UnityEngine.Renderer
[Info   :Supermarket Simulator - Brazilian Money]   - UnityEngine.Component
[Info   :Supermarket Simulator - Brazilian Money] Object: Coin_50_Cents (6)
[Info   :Supermarket Simulator - Brazilian Money]   Components de Coin_50_Cents (6): 2
[Info   :Supermarket Simulator - Brazilian Money]   - UnityEngine.Transform
[Info   :Supermarket Simulator - Brazilian Money]   - UnityEngine.Component
[Info   :Supermarket Simulator - Brazilian Money] Object: SM_Coin_50_Cents
[Info   :Supermarket Simulator - Brazilian Money]   Components de SM_Coin_50_Cents: 4
[Info   :Supermarket Simulator - Brazilian Money]   - UnityEngine.Transform
[Info   :Supermarket Simulator - Brazilian Money]   - UnityEngine.MeshFilter
[Info   :Supermarket Simulator - Brazilian Money]   - UnityEngine.Renderer
[Info   :Supermarket Simulator - Brazilian Money]   - UnityEngine.Component
[Info   :Supermarket Simulator - Brazilian Money] Object: Coin_50_Cents (7)
[Info   :Supermarket Simulator - Brazilian Money]   Components de Coin_50_Cents (7): 2
[Info   :Supermarket Simulator - Brazilian Money]   - UnityEngine.Transform
[Info   :Supermarket Simulator - Brazilian Money]   - UnityEngine.Component
[Info   :Supermarket Simulator - Brazilian Money] Object: SM_Coin_50_Cents
[Info   :Supermarket Simulator - Brazilian Money]   Components de SM_Coin_50_Cents: 4
[Info   :Supermarket Simulator - Brazilian Money]   - UnityEngine.Transform
[Info   :Supermarket Simulator - Brazilian Money]   - UnityEngine.MeshFilter
[Info   :Supermarket Simulator - Brazilian Money]   - UnityEngine.Renderer
[Info   :Supermarket Simulator - Brazilian Money]   - UnityEngine.Component
[Info   :Supermarket Simulator - Brazilian Money] Object: Coin_50_Cents (8)
[Info   :Supermarket Simulator - Brazilian Money]   Components de Coin_50_Cents (8): 2
[Info   :Supermarket Simulator - Brazilian Money]   - UnityEngine.Transform
[Info   :Supermarket Simulator - Brazilian Money]   - UnityEngine.Component
[Info   :Supermarket Simulator - Brazilian Money] Object: SM_Coin_50_Cents
[Info   :Supermarket Simulator - Brazilian Money]   Components de SM_Coin_50_Cents: 4
[Info   :Supermarket Simulator - Brazilian Money]   - UnityEngine.Transform
[Info   :Supermarket Simulator - Brazilian Money]   - UnityEngine.MeshFilter
[Info   :Supermarket Simulator - Brazilian Money]   - UnityEngine.Renderer
[Info   :Supermarket Simulator - Brazilian Money]   - UnityEngine.Component
[Info   :Supermarket Simulator - Brazilian Money] Object: Coin_50_Cents (9)
[Info   :Supermarket Simulator - Brazilian Money]   Components de Coin_50_Cents (9): 2
[Info   :Supermarket Simulator - Brazilian Money]   - UnityEngine.Transform
[Info   :Supermarket Simulator - Brazilian Money]   - UnityEngine.Component
[Info   :Supermarket Simulator - Brazilian Money] Object: SM_Coin_50_Cents
[Info   :Supermarket Simulator - Brazilian Money]   Components de SM_Coin_50_Cents: 4
[Info   :Supermarket Simulator - Brazilian Money]   - UnityEngine.Transform
[Info   :Supermarket Simulator - Brazilian Money]   - UnityEngine.MeshFilter
[Info   :Supermarket Simulator - Brazilian Money]   - UnityEngine.Renderer
[Info   :Supermarket Simulator - Brazilian Money]   - UnityEngine.Component
[Info   :Supermarket Simulator - Brazilian Money] ----- FIM DA ANÁLISE -----
[Info   :Brazilian Money Texture Replacer] POSTFIX SpawnMoney EXECUTADO | isCoin=True | moneyPack=MoneyPack
[Info   :Brazilian Money Texture Replacer] MoneyPack GameObject resolvido: 50 Cent Pack
[Info   :Money Material Probe] ========================================
[Info   :Money Material Probe] MONEY MATERIAL PROBE
[Info   :Money Material Probe] MoneyPack Type: MoneyPack
[Info   :Money Material Probe] Tipo informado pelo SpawnMoney: COIN
[Info   :Money Material Probe] GameObject resolvido: 50 Cent Pack
[Info   :Supermarket Simulator - Brazilian Money] Dinheiro detectado: Type=COIN | Name=50 Cent Pack | Value=0,5
[Info   :Supermarket Simulator - Brazilian Money] ----- ANÁLISE DO MONEY PACK -----
[Info   :Supermarket Simulator - Brazilian Money] Type: COIN
[Info   :Supermarket Simulator - Brazilian Money] Name: 50 Cent Pack
[Info   :Supermarket Simulator - Brazilian Money] Value: 0,5
[Info   :Supermarket Simulator - Brazilian Money] InstanceID: -6482
[Info   :Supermarket Simulator - Brazilian Money] Hierarchy: ---MANAGERS---/Checkout Manager/Checkout/Cash Register/Checkout Drawer/50 Cent Pack
[Info   :Supermarket Simulator - Brazilian Money] Objetos na hierarquia: 23
[Info   :Supermarket Simulator - Brazilian Money] Object: 50 Cent Pack
[Info   :Supermarket Simulator - Brazilian Money]   Components de 50 Cent Pack: 5
[Info   :Supermarket Simulator - Brazilian Money]   - UnityEngine.Transform
[Info   :Supermarket Simulator - Brazilian Money]   - UnityEngine.Component
[Info   :Supermarket Simulator - Brazilian Money]   - MoneyPack
[Info   :Supermarket Simulator - Brazilian Money]   - UnityEngine.Component
[Info   :Supermarket Simulator - Brazilian Money]   - UnityEngine.Component
[Info   :Supermarket Simulator - Brazilian Money] Object: Visuals
[Info   :Supermarket Simulator - Brazilian Money]   Components de Visuals: 1
[Info   :Supermarket Simulator - Brazilian Money]   - UnityEngine.Transform
[Info   :Supermarket Simulator - Brazilian Money] Object: 50 Cent Pack
[Info   :Supermarket Simulator - Brazilian Money]   Components de 50 Cent Pack: 1
[Info   :Supermarket Simulator - Brazilian Money]   - UnityEngine.Transform
[Info   :Supermarket Simulator - Brazilian Money] Object: Coin_50_Cents
[Info   :Supermarket Simulator - Brazilian Money]   Components de Coin_50_Cents: 2
[Info   :Supermarket Simulator - Brazilian Money]   - UnityEngine.Transform
[Info   :Supermarket Simulator - Brazilian Money]   - UnityEngine.Component
[Info   :Supermarket Simulator - Brazilian Money] Object: SM_Coin_50_Cents
[Info   :Supermarket Simulator - Brazilian Money]   Components de SM_Coin_50_Cents: 4
[Info   :Supermarket Simulator - Brazilian Money]   - UnityEngine.Transform
[Info   :Supermarket Simulator - Brazilian Money]   - UnityEngine.MeshFilter
[Info   :Supermarket Simulator - Brazilian Money]   - UnityEngine.Renderer
[Info   :Supermarket Simulator - Brazilian Money]   - UnityEngine.Component
[Info   :Supermarket Simulator - Brazilian Money] Object: Coin_50_Cents (1)
[Info   :Supermarket Simulator - Brazilian Money]   Components de Coin_50_Cents (1): 2
[Info   :Supermarket Simulator - Brazilian Money]   - UnityEngine.Transform
[Info   :Supermarket Simulator - Brazilian Money]   - UnityEngine.Component
[Info   :Supermarket Simulator - Brazilian Money] Object: SM_Coin_50_Cents
[Info   :Supermarket Simulator - Brazilian Money]   Components de SM_Coin_50_Cents: 4
[Info   :Supermarket Simulator - Brazilian Money]   - UnityEngine.Transform
[Info   :Supermarket Simulator - Brazilian Money]   - UnityEngine.MeshFilter
[Info   :Supermarket Simulator - Brazilian Money]   - UnityEngine.Renderer
[Info   :Supermarket Simulator - Brazilian Money]   - UnityEngine.Component
[Info   :Supermarket Simulator - Brazilian Money] Object: Coin_50_Cents (2)
[Info   :Supermarket Simulator - Brazilian Money]   Components de Coin_50_Cents (2): 2
[Info   :Supermarket Simulator - Brazilian Money]   - UnityEngine.Transform
[Info   :Supermarket Simulator - Brazilian Money]   - UnityEngine.Component
[Info   :Supermarket Simulator - Brazilian Money] Object: SM_Coin_50_Cents
[Info   :Supermarket Simulator - Brazilian Money]   Components de SM_Coin_50_Cents: 4
[Info   :Supermarket Simulator - Brazilian Money]   - UnityEngine.Transform
[Info   :Supermarket Simulator - Brazilian Money]   - UnityEngine.MeshFilter
[Info   :Supermarket Simulator - Brazilian Money]   - UnityEngine.Renderer
[Info   :Supermarket Simulator - Brazilian Money]   - UnityEngine.Component
[Info   :Supermarket Simulator - Brazilian Money] Object: Coin_50_Cents (3)
[Info   :Supermarket Simulator - Brazilian Money]   Components de Coin_50_Cents (3): 2
[Info   :Supermarket Simulator - Brazilian Money]   - UnityEngine.Transform
[Info   :Supermarket Simulator - Brazilian Money]   - UnityEngine.Component
[Info   :Supermarket Simulator - Brazilian Money] Object: SM_Coin_50_Cents
[Info   :Supermarket Simulator - Brazilian Money]   Components de SM_Coin_50_Cents: 4
[Info   :Supermarket Simulator - Brazilian Money]   - UnityEngine.Transform
[Info   :Supermarket Simulator - Brazilian Money]   - UnityEngine.MeshFilter
[Info   :Supermarket Simulator - Brazilian Money]   - UnityEngine.Renderer
[Info   :Supermarket Simulator - Brazilian Money]   - UnityEngine.Component
[Info   :Supermarket Simulator - Brazilian Money] Object: Coin_50_Cents (4)
[Info   :Supermarket Simulator - Brazilian Money]   Components de Coin_50_Cents (4): 2
[Info   :Supermarket Simulator - Brazilian Money]   - UnityEngine.Transform
[Info   :Supermarket Simulator - Brazilian Money]   - UnityEngine.Component
[Info   :Supermarket Simulator - Brazilian Money] Object: SM_Coin_50_Cents
[Info   :Supermarket Simulator - Brazilian Money]   Components de SM_Coin_50_Cents: 4
[Info   :Supermarket Simulator - Brazilian Money]   - UnityEngine.Transform
[Info   :Supermarket Simulator - Brazilian Money]   - UnityEngine.MeshFilter
[Info   :Supermarket Simulator - Brazilian Money]   - UnityEngine.Renderer
[Info   :Supermarket Simulator - Brazilian Money]   - UnityEngine.Component
[Info   :Supermarket Simulator - Brazilian Money] Object: Coin_50_Cents (5)
[Info   :Supermarket Simulator - Brazilian Money]   Components de Coin_50_Cents (5): 2
[Info   :Supermarket Simulator - Brazilian Money]   - UnityEngine.Transform
[Info   :Supermarket Simulator - Brazilian Money]   - UnityEngine.Component
[Info   :Supermarket Simulator - Brazilian Money] Object: SM_Coin_50_Cents
[Info   :Supermarket Simulator - Brazilian Money]   Components de SM_Coin_50_Cents: 4
[Info   :Supermarket Simulator - Brazilian Money]   - UnityEngine.Transform
[Info   :Supermarket Simulator - Brazilian Money]   - UnityEngine.MeshFilter
[Info   :Supermarket Simulator - Brazilian Money]   - UnityEngine.Renderer
[Info   :Supermarket Simulator - Brazilian Money]   - UnityEngine.Component
[Info   :Supermarket Simulator - Brazilian Money] Object: Coin_50_Cents (6)
[Info   :Supermarket Simulator - Brazilian Money]   Components de Coin_50_Cents (6): 2
[Info   :Supermarket Simulator - Brazilian Money]   - UnityEngine.Transform
[Info   :Supermarket Simulator - Brazilian Money]   - UnityEngine.Component
[Info   :Supermarket Simulator - Brazilian Money] Object: SM_Coin_50_Cents
[Info   :Supermarket Simulator - Brazilian Money]   Components de SM_Coin_50_Cents: 4
[Info   :Supermarket Simulator - Brazilian Money]   - UnityEngine.Transform
[Info   :Supermarket Simulator - Brazilian Money]   - UnityEngine.MeshFilter
[Info   :Supermarket Simulator - Brazilian Money]   - UnityEngine.Renderer
[Info   :Supermarket Simulator - Brazilian Money]   - UnityEngine.Component
[Info   :Supermarket Simulator - Brazilian Money] Object: Coin_50_Cents (7)
[Info   :Supermarket Simulator - Brazilian Money]   Components de Coin_50_Cents (7): 2
[Info   :Supermarket Simulator - Brazilian Money]   - UnityEngine.Transform
[Info   :Supermarket Simulator - Brazilian Money]   - UnityEngine.Component
[Info   :Supermarket Simulator - Brazilian Money] Object: SM_Coin_50_Cents
[Info   :Supermarket Simulator - Brazilian Money]   Components de SM_Coin_50_Cents: 4
[Info   :Supermarket Simulator - Brazilian Money]   - UnityEngine.Transform
[Info   :Supermarket Simulator - Brazilian Money]   - UnityEngine.MeshFilter
[Info   :Supermarket Simulator - Brazilian Money]   - UnityEngine.Renderer
[Info   :Supermarket Simulator - Brazilian Money]   - UnityEngine.Component
[Info   :Supermarket Simulator - Brazilian Money] Object: Coin_50_Cents (8)
[Info   :Supermarket Simulator - Brazilian Money]   Components de Coin_50_Cents (8): 2
[Info   :Supermarket Simulator - Brazilian Money]   - UnityEngine.Transform
[Info   :Supermarket Simulator - Brazilian Money]   - UnityEngine.Component
[Info   :Supermarket Simulator - Brazilian Money] Object: SM_Coin_50_Cents
[Info   :Supermarket Simulator - Brazilian Money]   Components de SM_Coin_50_Cents: 4
[Info   :Supermarket Simulator - Brazilian Money]   - UnityEngine.Transform
[Info   :Supermarket Simulator - Brazilian Money]   - UnityEngine.MeshFilter
[Info   :Supermarket Simulator - Brazilian Money]   - UnityEngine.Renderer
[Info   :Supermarket Simulator - Brazilian Money]   - UnityEngine.Component
[Info   :Supermarket Simulator - Brazilian Money] Object: Coin_50_Cents (9)
[Info   :Supermarket Simulator - Brazilian Money]   Components de Coin_50_Cents (9): 2
[Info   :Supermarket Simulator - Brazilian Money]   - UnityEngine.Transform
[Info   :Supermarket Simulator - Brazilian Money]   - UnityEngine.Component
[Info   :Supermarket Simulator - Brazilian Money] Object: SM_Coin_50_Cents
[Info   :Supermarket Simulator - Brazilian Money]   Components de SM_Coin_50_Cents: 4
[Info   :Supermarket Simulator - Brazilian Money]   - UnityEngine.Transform
[Info   :Supermarket Simulator - Brazilian Money]   - UnityEngine.MeshFilter
[Info   :Supermarket Simulator - Brazilian Money]   - UnityEngine.Renderer
[Info   :Supermarket Simulator - Brazilian Money]   - UnityEngine.Component
[Info   :Supermarket Simulator - Brazilian Money] ----- FIM DA ANÁLISE -----
[Info   :Brazilian Money Texture Replacer] POSTFIX SpawnMoney EXECUTADO | isCoin=True | moneyPack=MoneyPack
[Info   :Brazilian Money Texture Replacer] MoneyPack GameObject resolvido: 50 Cent Pack
[Info   :Money Material Probe] ========================================
[Info   :Money Material Probe] MONEY MATERIAL PROBE
[Info   :Money Material Probe] MoneyPack Type: MoneyPack
[Info   :Money Material Probe] Tipo informado pelo SpawnMoney: COIN
[Info   :Money Material Probe] GameObject resolvido: 50 Cent Pack
[Info   :Currency Atlas Triangle Mapper] Moeda adicionada a fila: SM_Coin_25_Cents
[Info   :Currency Atlas Triangle Mapper] ========================================
[Info   :Currency Atlas Triangle Mapper] Analise: SM_Coin_25_Cents
[Info   :Currency Atlas Triangle Mapper] Value: 0.250000
[Info   :Currency Atlas Triangle Mapper] VertexCount: 194
[Info   :Currency Atlas Triangle Mapper] VertexStride: 48
[Info   :Currency Atlas Triangle Mapper] UVOffset: 40
[Info   :Currency Atlas Triangle Mapper] IndexCount: 564
[Info   :Currency Atlas Triangle Mapper] IndexStride: 2
[Info   :Currency Atlas Triangle Mapper] Vertex Readback solicitado.
[Info   :Currency Atlas UV Mapper] Moeda adicionada a fila: SM_Coin_25_Cents | Value=0.250000
[Info   :Currency Atlas UV Mapper] ========================================
[Info   :Currency Atlas UV Mapper] Mapeando moeda: SM_Coin_25_Cents
[Info   :Currency Atlas UV Mapper] Value: 0.250000
[Info   :Currency Atlas UV Mapper] Mesh: SM_Coin_25_Cents
[Info   :Currency Atlas UV Mapper] VertexCount: 194
[Info   :Currency Atlas UV Mapper] UV Stream: 0
[Info   :Currency Atlas UV Mapper] UV Offset: 40
[Info   :Currency Atlas UV Mapper] Vertex Stride: 48
[Info   :Currency Atlas UV Mapper] Buffer Count: 194
[Info   :Currency Atlas UV Mapper] Buffer Stride: 48
[Info   :Currency Atlas UV Mapper] Buffer Target: Vertex, CopySource
[Info   :Supermarket Simulator - Brazilian Money] Dinheiro detectado: Type=COIN | Name=25 Cent Pack | Value=0,25
[Info   :Supermarket Simulator - Brazilian Money] ----- ANÁLISE DO MONEY PACK -----
[Info   :Supermarket Simulator - Brazilian Money] Type: COIN
[Info   :Supermarket Simulator - Brazilian Money] Name: 25 Cent Pack
[Info   :Supermarket Simulator - Brazilian Money] Value: 0,25
[Info   :Supermarket Simulator - Brazilian Money] InstanceID: -6310
[Info   :Supermarket Simulator - Brazilian Money] Hierarchy: ---MANAGERS---/Checkout Manager/Checkout/Cash Register/Checkout Drawer/25 Cent Pack
[Info   :Supermarket Simulator - Brazilian Money] Objetos na hierarquia: 25
[Info   :Supermarket Simulator - Brazilian Money] Object: 25 Cent Pack
[Info   :Supermarket Simulator - Brazilian Money]   Components de 25 Cent Pack: 5
[Info   :Supermarket Simulator - Brazilian Money]   - UnityEngine.Transform
[Info   :Supermarket Simulator - Brazilian Money]   - UnityEngine.Component
[Info   :Supermarket Simulator - Brazilian Money]   - MoneyPack
[Info   :Supermarket Simulator - Brazilian Money]   - UnityEngine.Component
[Info   :Supermarket Simulator - Brazilian Money]   - UnityEngine.Component
[Info   :Supermarket Simulator - Brazilian Money] Object: Visuals
[Info   :Supermarket Simulator - Brazilian Money]   Components de Visuals: 1
[Info   :Supermarket Simulator - Brazilian Money]   - UnityEngine.Transform
[Info   :Supermarket Simulator - Brazilian Money] Object: 25 Cent Pack
[Info   :Supermarket Simulator - Brazilian Money]   Components de 25 Cent Pack: 1
[Info   :Supermarket Simulator - Brazilian Money]   - UnityEngine.Transform
[Info   :Supermarket Simulator - Brazilian Money] Object: Coin_25_Cents
[Info   :Supermarket Simulator - Brazilian Money]   Components de Coin_25_Cents: 2
[Info   :Supermarket Simulator - Brazilian Money]   - UnityEngine.Transform
[Info   :Supermarket Simulator - Brazilian Money]   - UnityEngine.Component
[Info   :Supermarket Simulator - Brazilian Money] Object: SM_Coin_25_Cents
[Info   :Supermarket Simulator - Brazilian Money]   Components de SM_Coin_25_Cents: 4
[Info   :Supermarket Simulator - Brazilian Money]   - UnityEngine.Transform
[Info   :Supermarket Simulator - Brazilian Money]   - UnityEngine.MeshFilter
[Info   :Supermarket Simulator - Brazilian Money]   - UnityEngine.Renderer
[Info   :Supermarket Simulator - Brazilian Money]   - UnityEngine.Component
[Info   :Supermarket Simulator - Brazilian Money] Object: Coin_25_Cents (1)
[Info   :Supermarket Simulator - Brazilian Money]   Components de Coin_25_Cents (1): 2
[Info   :Supermarket Simulator - Brazilian Money]   - UnityEngine.Transform
[Info   :Supermarket Simulator - Brazilian Money]   - UnityEngine.Component
[Info   :Supermarket Simulator - Brazilian Money] Object: SM_Coin_25_Cents
[Info   :Supermarket Simulator - Brazilian Money]   Components de SM_Coin_25_Cents: 4
[Info   :Supermarket Simulator - Brazilian Money]   - UnityEngine.Transform
[Info   :Supermarket Simulator - Brazilian Money]   - UnityEngine.Component
[Info   :Supermarket Simulator - Brazilian Money]   - UnityEngine.Component
[Info   :Supermarket Simulator - Brazilian Money]   - UnityEngine.Component
[Info   :Supermarket Simulator - Brazilian Money] Object: Coin_25_Cents (2)
[Info   :Supermarket Simulator - Brazilian Money]   Components de Coin_25_Cents (2): 2
[Info   :Supermarket Simulator - Brazilian Money]   - UnityEngine.Transform
[Info   :Supermarket Simulator - Brazilian Money]   - UnityEngine.Component
[Info   :Supermarket Simulator - Brazilian Money] Object: SM_Coin_25_Cents
[Info   :Supermarket Simulator - Brazilian Money]   Components de SM_Coin_25_Cents: 4
[Info   :Supermarket Simulator - Brazilian Money]   - UnityEngine.Transform
[Info   :Supermarket Simulator - Brazilian Money]   - UnityEngine.Component
[Info   :Supermarket Simulator - Brazilian Money]   - UnityEngine.Component
[Info   :Supermarket Simulator - Brazilian Money]   - UnityEngine.Component
[Info   :Supermarket Simulator - Brazilian Money] Object: Coin_25_Cents (3)
[Info   :Supermarket Simulator - Brazilian Money]   Components de Coin_25_Cents (3): 2
[Info   :Supermarket Simulator - Brazilian Money]   - UnityEngine.Transform
[Info   :Supermarket Simulator - Brazilian Money]   - UnityEngine.Component
[Info   :Supermarket Simulator - Brazilian Money] Object: SM_Coin_25_Cents
[Info   :Supermarket Simulator - Brazilian Money]   Components de SM_Coin_25_Cents: 4
[Info   :Supermarket Simulator - Brazilian Money]   - UnityEngine.Transform
[Info   :Supermarket Simulator - Brazilian Money]   - UnityEngine.Component
[Info   :Supermarket Simulator - Brazilian Money]   - UnityEngine.Component
[Info   :Supermarket Simulator - Brazilian Money]   - UnityEngine.Component
[Info   :Supermarket Simulator - Brazilian Money] Object: Coin_25_Cents (4)
[Info   :Supermarket Simulator - Brazilian Money]   Components de Coin_25_Cents (4): 2
[Info   :Supermarket Simulator - Brazilian Money]   - UnityEngine.Transform
[Info   :Supermarket Simulator - Brazilian Money]   - UnityEngine.Component
[Info   :Supermarket Simulator - Brazilian Money] Object: SM_Coin_25_Cents
[Info   :Supermarket Simulator - Brazilian Money]   Components de SM_Coin_25_Cents: 4
[Info   :Supermarket Simulator - Brazilian Money]   - UnityEngine.Transform
[Info   :Supermarket Simulator - Brazilian Money]   - UnityEngine.Component
[Info   :Supermarket Simulator - Brazilian Money]   - UnityEngine.Component
[Info   :Supermarket Simulator - Brazilian Money]   - UnityEngine.Component
[Info   :Supermarket Simulator - Brazilian Money] Object: Coin_25_Cents (5)
[Info   :Supermarket Simulator - Brazilian Money]   Components de Coin_25_Cents (5): 2
[Info   :Supermarket Simulator - Brazilian Money]   - UnityEngine.Transform
[Info   :Supermarket Simulator - Brazilian Money]   - UnityEngine.Component
[Info   :Supermarket Simulator - Brazilian Money] Object: SM_Coin_25_Cents
[Info   :Supermarket Simulator - Brazilian Money]   Components de SM_Coin_25_Cents: 4
[Info   :Supermarket Simulator - Brazilian Money]   - UnityEngine.Transform
[Info   :Supermarket Simulator - Brazilian Money]   - UnityEngine.Component
[Info   :Supermarket Simulator - Brazilian Money]   - UnityEngine.Component
[Info   :Supermarket Simulator - Brazilian Money]   - UnityEngine.Component
[Info   :Supermarket Simulator - Brazilian Money] Object: Coin_25_Cents (6)
[Info   :Supermarket Simulator - Brazilian Money]   Components de Coin_25_Cents (6): 2
[Info   :Supermarket Simulator - Brazilian Money]   - UnityEngine.Transform
[Info   :Supermarket Simulator - Brazilian Money]   - UnityEngine.Component
[Info   :Supermarket Simulator - Brazilian Money] Object: SM_Coin_25_Cents
[Info   :Supermarket Simulator - Brazilian Money]   Components de SM_Coin_25_Cents: 4
[Info   :Supermarket Simulator - Brazilian Money]   - UnityEngine.Transform
[Info   :Supermarket Simulator - Brazilian Money]   - UnityEngine.Component
[Info   :Supermarket Simulator - Brazilian Money]   - UnityEngine.Component
[Info   :Supermarket Simulator - Brazilian Money]   - UnityEngine.Component
[Info   :Supermarket Simulator - Brazilian Money] Object: Coin_25_Cents (7)
[Info   :Supermarket Simulator - Brazilian Money]   Components de Coin_25_Cents (7): 2
[Info   :Supermarket Simulator - Brazilian Money]   - UnityEngine.Transform
[Info   :Supermarket Simulator - Brazilian Money]   - UnityEngine.Component
[Info   :Supermarket Simulator - Brazilian Money] Object: SM_Coin_25_Cents
[Info   :Supermarket Simulator - Brazilian Money]   Components de SM_Coin_25_Cents: 4
[Info   :Supermarket Simulator - Brazilian Money]   - UnityEngine.Transform
[Info   :Supermarket Simulator - Brazilian Money]   - UnityEngine.Component
[Info   :Supermarket Simulator - Brazilian Money]   - UnityEngine.Component
[Info   :Supermarket Simulator - Brazilian Money]   - UnityEngine.Component
[Info   :Supermarket Simulator - Brazilian Money] Object: Coin_25_Cents (8)
[Info   :Supermarket Simulator - Brazilian Money]   Components de Coin_25_Cents (8): 2
[Info   :Supermarket Simulator - Brazilian Money]   - UnityEngine.Transform
[Info   :Supermarket Simulator - Brazilian Money]   - UnityEngine.Component
[Info   :Supermarket Simulator - Brazilian Money] Object: SM_Coin_25_Cents
[Info   :Supermarket Simulator - Brazilian Money]   Components de SM_Coin_25_Cents: 4
[Info   :Supermarket Simulator - Brazilian Money]   - UnityEngine.Transform
[Info   :Supermarket Simulator - Brazilian Money]   - UnityEngine.Component
[Info   :Supermarket Simulator - Brazilian Money]   - UnityEngine.Component
[Info   :Supermarket Simulator - Brazilian Money]   - UnityEngine.Component
[Info   :Supermarket Simulator - Brazilian Money] Object: Coin_25_Cents (9)
[Info   :Supermarket Simulator - Brazilian Money]   Components de Coin_25_Cents (9): 2
[Info   :Supermarket Simulator - Brazilian Money]   - UnityEngine.Transform
[Info   :Supermarket Simulator - Brazilian Money]   - UnityEngine.Component
[Info   :Supermarket Simulator - Brazilian Money] Object: SM_Coin_25_Cents
[Info   :Supermarket Simulator - Brazilian Money]   Components de SM_Coin_25_Cents: 4
[Info   :Supermarket Simulator - Brazilian Money]   - UnityEngine.Transform
[Info   :Supermarket Simulator - Brazilian Money]   - UnityEngine.Component
[Info   :Supermarket Simulator - Brazilian Money]   - UnityEngine.Component
[Info   :Supermarket Simulator - Brazilian Money]   - UnityEngine.Component
[Info   :Supermarket Simulator - Brazilian Money] Object: Coin_25_Cents (10)
[Info   :Supermarket Simulator - Brazilian Money]   Components de Coin_25_Cents (10): 2
[Info   :Supermarket Simulator - Brazilian Money]   - UnityEngine.Transform
[Info   :Supermarket Simulator - Brazilian Money]   - UnityEngine.Component
[Info   :Supermarket Simulator - Brazilian Money] Object: SM_Coin_25_Cents
[Info   :Supermarket Simulator - Brazilian Money]   Components de SM_Coin_25_Cents: 4
[Info   :Supermarket Simulator - Brazilian Money]   - UnityEngine.Transform
[Info   :Supermarket Simulator - Brazilian Money]   - UnityEngine.Component
[Info   :Supermarket Simulator - Brazilian Money]   - UnityEngine.Component
[Info   :Supermarket Simulator - Brazilian Money]   - UnityEngine.Component
[Info   :Supermarket Simulator - Brazilian Money] ----- FIM DA ANÁLISE -----
[Info   :Brazilian Money Texture Replacer] POSTFIX SpawnMoney EXECUTADO | isCoin=True | moneyPack=MoneyPack
[Info   :Brazilian Money Texture Replacer] MoneyPack GameObject resolvido: 25 Cent Pack
[Info   :Brazilian Money Texture Replacer] Renderers encontrados em 25 Cent Pack: 11
[Info   :Brazilian Money Texture Replacer] Renderer de moeda encontrado: SM_Coin_25_Cents
[Info   :Brazilian Money Texture Replacer] Material encontrado: M_Money (Instance) | InstanceID=-85824
[Info   :Brazilian Money Texture Replacer] Property: _BaseMap | Texture atual: T_Money_AlbedoTransparency
[Info   :Brazilian Money Texture Replacer] ########################################
[Info   :Brazilian Money Texture Replacer] TEXTURA SUBSTITUIDA
[Info   :Brazilian Money Texture Replacer] Coin Root: 25 Cent Pack
[Info   :Brazilian Money Texture Replacer] Renderer: SM_Coin_25_Cents
[Info   :Brazilian Money Texture Replacer] Material: M_Money (Instance)
[Info   :Brazilian Money Texture Replacer] Material InstanceID: -85824
[Info   :Brazilian Money Texture Replacer] Property: _BaseMap
[Info   :Brazilian Money Texture Replacer] Texture anterior: T_Money_AlbedoTransparency
[Info   :Brazilian Money Texture Replacer] Texture nova: BrazilianCoinAtlas_RUNTIME
[Info   :Brazilian Money Texture Replacer] ########################################
[Info   :Brazilian Money Texture Replacer] Property: _MainTex | Texture atual: T_Money_AlbedoTransparency
[Info   :Brazilian Money Texture Replacer] ########################################
[Info   :Brazilian Money Texture Replacer] TEXTURA SUBSTITUIDA
[Info   :Brazilian Money Texture Replacer] Coin Root: 25 Cent Pack
[Info   :Brazilian Money Texture Replacer] Renderer: SM_Coin_25_Cents
[Info   :Brazilian Money Texture Replacer] Material: M_Money (Instance)
[Info   :Brazilian Money Texture Replacer] Material InstanceID: -85824
[Info   :Brazilian Money Texture Replacer] Property: _MainTex
[Info   :Brazilian Money Texture Replacer] Texture anterior: T_Money_AlbedoTransparency
[Info   :Brazilian Money Texture Replacer] Texture nova: BrazilianCoinAtlas_RUNTIME
[Info   :Brazilian Money Texture Replacer] ########################################
[Info   :Brazilian Money Texture Replacer] Renderer de moeda encontrado: SM_Coin_25_Cents
[Info   :Brazilian Money Texture Replacer] Material encontrado: M_Money (Instance) | InstanceID=-85826
[Info   :Brazilian Money Texture Replacer] Property: _BaseMap | Texture atual: T_Money_AlbedoTransparency
[Info   :Brazilian Money Texture Replacer] ########################################
[Info   :Brazilian Money Texture Replacer] TEXTURA SUBSTITUIDA
[Info   :Brazilian Money Texture Replacer] Coin Root: 25 Cent Pack
[Info   :Brazilian Money Texture Replacer] Renderer: SM_Coin_25_Cents
[Info   :Brazilian Money Texture Replacer] Material: M_Money (Instance)
[Info   :Brazilian Money Texture Replacer] Material InstanceID: -85826
[Info   :Brazilian Money Texture Replacer] Property: _BaseMap
[Info   :Brazilian Money Texture Replacer] Texture anterior: T_Money_AlbedoTransparency
[Info   :Brazilian Money Texture Replacer] Texture nova: BrazilianCoinAtlas_RUNTIME
[Info   :Brazilian Money Texture Replacer] ########################################
[Info   :Brazilian Money Texture Replacer] Property: _MainTex | Texture atual: T_Money_AlbedoTransparency
[Info   :Brazilian Money Texture Replacer] ########################################
[Info   :Brazilian Money Texture Replacer] TEXTURA SUBSTITUIDA
[Info   :Brazilian Money Texture Replacer] Coin Root: 25 Cent Pack
[Info   :Brazilian Money Texture Replacer] Renderer: SM_Coin_25_Cents
[Info   :Brazilian Money Texture Replacer] Material: M_Money (Instance)
[Info   :Brazilian Money Texture Replacer] Material InstanceID: -85826
[Info   :Brazilian Money Texture Replacer] Property: _MainTex
[Info   :Brazilian Money Texture Replacer] Texture anterior: T_Money_AlbedoTransparency
[Info   :Brazilian Money Texture Replacer] Texture nova: BrazilianCoinAtlas_RUNTIME
[Info   :Brazilian Money Texture Replacer] ########################################
[Info   :Brazilian Money Texture Replacer] Renderer de moeda encontrado: SM_Coin_25_Cents
[Info   :Brazilian Money Texture Replacer] Material encontrado: M_Money (Instance) | InstanceID=-85828
[Info   :Brazilian Money Texture Replacer] Property: _BaseMap | Texture atual: T_Money_AlbedoTransparency
[Info   :Brazilian Money Texture Replacer] ########################################
[Info   :Brazilian Money Texture Replacer] TEXTURA SUBSTITUIDA
[Info   :Brazilian Money Texture Replacer] Coin Root: 25 Cent Pack
[Info   :Brazilian Money Texture Replacer] Renderer: SM_Coin_25_Cents
[Info   :Brazilian Money Texture Replacer] Material: M_Money (Instance)
[Info   :Brazilian Money Texture Replacer] Material InstanceID: -85828
[Info   :Brazilian Money Texture Replacer] Property: _BaseMap
[Info   :Brazilian Money Texture Replacer] Texture anterior: T_Money_AlbedoTransparency
[Info   :Brazilian Money Texture Replacer] Texture nova: BrazilianCoinAtlas_RUNTIME
[Info   :Brazilian Money Texture Replacer] ########################################
[Info   :Brazilian Money Texture Replacer] Property: _MainTex | Texture atual: T_Money_AlbedoTransparency
[Info   :Brazilian Money Texture Replacer] ########################################
[Info   :Brazilian Money Texture Replacer] TEXTURA SUBSTITUIDA
[Info   :Brazilian Money Texture Replacer] Coin Root: 25 Cent Pack
[Info   :Brazilian Money Texture Replacer] Renderer: SM_Coin_25_Cents
[Info   :Brazilian Money Texture Replacer] Material: M_Money (Instance)
[Info   :Brazilian Money Texture Replacer] Material InstanceID: -85828
[Info   :Brazilian Money Texture Replacer] Property: _MainTex
[Info   :Brazilian Money Texture Replacer] Texture anterior: T_Money_AlbedoTransparency
[Info   :Brazilian Money Texture Replacer] Texture nova: BrazilianCoinAtlas_RUNTIME
[Info   :Brazilian Money Texture Replacer] ########################################
[Info   :Brazilian Money Texture Replacer] Renderer de moeda encontrado: SM_Coin_25_Cents
[Info   :Brazilian Money Texture Replacer] Material encontrado: M_Money (Instance) | InstanceID=-85830
[Info   :Brazilian Money Texture Replacer] Property: _BaseMap | Texture atual: T_Money_AlbedoTransparency
[Info   :Brazilian Money Texture Replacer] ########################################
[Info   :Brazilian Money Texture Replacer] TEXTURA SUBSTITUIDA
[Info   :Brazilian Money Texture Replacer] Coin Root: 25 Cent Pack
[Info   :Brazilian Money Texture Replacer] Renderer: SM_Coin_25_Cents
[Info   :Brazilian Money Texture Replacer] Material: M_Money (Instance)
[Info   :Brazilian Money Texture Replacer] Material InstanceID: -85830
[Info   :Brazilian Money Texture Replacer] Property: _BaseMap
[Info   :Brazilian Money Texture Replacer] Texture anterior: T_Money_AlbedoTransparency
[Info   :Brazilian Money Texture Replacer] Texture nova: BrazilianCoinAtlas_RUNTIME
[Info   :Brazilian Money Texture Replacer] ########################################
[Info   :Brazilian Money Texture Replacer] Property: _MainTex | Texture atual: T_Money_AlbedoTransparency
[Info   :Brazilian Money Texture Replacer] ########################################
[Info   :Brazilian Money Texture Replacer] TEXTURA SUBSTITUIDA
[Info   :Brazilian Money Texture Replacer] Coin Root: 25 Cent Pack
[Info   :Brazilian Money Texture Replacer] Renderer: SM_Coin_25_Cents
[Info   :Brazilian Money Texture Replacer] Material: M_Money (Instance)
[Info   :Brazilian Money Texture Replacer] Material InstanceID: -85830
[Info   :Brazilian Money Texture Replacer] Property: _MainTex
[Info   :Brazilian Money Texture Replacer] Texture anterior: T_Money_AlbedoTransparency
[Info   :Brazilian Money Texture Replacer] Texture nova: BrazilianCoinAtlas_RUNTIME
[Info   :Brazilian Money Texture Replacer] ########################################
[Info   :Brazilian Money Texture Replacer] Renderer de moeda encontrado: SM_Coin_25_Cents
[Info   :Brazilian Money Texture Replacer] Material encontrado: M_Money (Instance) | InstanceID=-85832
[Info   :Brazilian Money Texture Replacer] Property: _BaseMap | Texture atual: T_Money_AlbedoTransparency
[Info   :Brazilian Money Texture Replacer] ########################################
[Info   :Brazilian Money Texture Replacer] TEXTURA SUBSTITUIDA
[Info   :Brazilian Money Texture Replacer] Coin Root: 25 Cent Pack
[Info   :Brazilian Money Texture Replacer] Renderer: SM_Coin_25_Cents
[Info   :Brazilian Money Texture Replacer] Material: M_Money (Instance)
[Info   :Brazilian Money Texture Replacer] Material InstanceID: -85832
[Info   :Brazilian Money Texture Replacer] Property: _BaseMap
[Info   :Brazilian Money Texture Replacer] Texture anterior: T_Money_AlbedoTransparency
[Info   :Brazilian Money Texture Replacer] Texture nova: BrazilianCoinAtlas_RUNTIME
[Info   :Brazilian Money Texture Replacer] ########################################
[Info   :Brazilian Money Texture Replacer] Property: _MainTex | Texture atual: T_Money_AlbedoTransparency
[Info   :Brazilian Money Texture Replacer] ########################################
[Info   :Brazilian Money Texture Replacer] TEXTURA SUBSTITUIDA
[Info   :Brazilian Money Texture Replacer] Coin Root: 25 Cent Pack
[Info   :Brazilian Money Texture Replacer] Renderer: SM_Coin_25_Cents
[Info   :Brazilian Money Texture Replacer] Material: M_Money (Instance)
[Info   :Brazilian Money Texture Replacer] Material InstanceID: -85832
[Info   :Brazilian Money Texture Replacer] Property: _MainTex
[Info   :Brazilian Money Texture Replacer] Texture anterior: T_Money_AlbedoTransparency
[Info   :Brazilian Money Texture Replacer] Texture nova: BrazilianCoinAtlas_RUNTIME
[Info   :Brazilian Money Texture Replacer] ########################################
[Info   :Brazilian Money Texture Replacer] Renderer de moeda encontrado: SM_Coin_25_Cents
[Info   :Brazilian Money Texture Replacer] Material encontrado: M_Money (Instance) | InstanceID=-85834
[Info   :Brazilian Money Texture Replacer] Property: _BaseMap | Texture atual: T_Money_AlbedoTransparency
[Info   :Brazilian Money Texture Replacer] ########################################
[Info   :Brazilian Money Texture Replacer] TEXTURA SUBSTITUIDA
[Info   :Brazilian Money Texture Replacer] Coin Root: 25 Cent Pack
[Info   :Brazilian Money Texture Replacer] Renderer: SM_Coin_25_Cents
[Info   :Brazilian Money Texture Replacer] Material: M_Money (Instance)
[Info   :Brazilian Money Texture Replacer] Material InstanceID: -85834
[Info   :Brazilian Money Texture Replacer] Property: _BaseMap
[Info   :Brazilian Money Texture Replacer] Texture anterior: T_Money_AlbedoTransparency
[Info   :Brazilian Money Texture Replacer] Texture nova: BrazilianCoinAtlas_RUNTIME
[Info   :Brazilian Money Texture Replacer] ########################################
[Info   :Brazilian Money Texture Replacer] Property: _MainTex | Texture atual: T_Money_AlbedoTransparency
[Info   :Brazilian Money Texture Replacer] ########################################
[Info   :Brazilian Money Texture Replacer] TEXTURA SUBSTITUIDA
[Info   :Brazilian Money Texture Replacer] Coin Root: 25 Cent Pack
[Info   :Brazilian Money Texture Replacer] Renderer: SM_Coin_25_Cents
[Info   :Brazilian Money Texture Replacer] Material: M_Money (Instance)
[Info   :Brazilian Money Texture Replacer] Material InstanceID: -85834
[Info   :Brazilian Money Texture Replacer] Property: _MainTex
[Info   :Brazilian Money Texture Replacer] Texture anterior: T_Money_AlbedoTransparency
[Info   :Brazilian Money Texture Replacer] Texture nova: BrazilianCoinAtlas_RUNTIME
[Info   :Brazilian Money Texture Replacer] ########################################
[Info   :Brazilian Money Texture Replacer] Renderer de moeda encontrado: SM_Coin_25_Cents
[Info   :Brazilian Money Texture Replacer] Material encontrado: M_Money (Instance) | InstanceID=-85836
[Info   :Brazilian Money Texture Replacer] Property: _BaseMap | Texture atual: T_Money_AlbedoTransparency
[Info   :Brazilian Money Texture Replacer] ########################################
[Info   :Brazilian Money Texture Replacer] TEXTURA SUBSTITUIDA
[Info   :Brazilian Money Texture Replacer] Coin Root: 25 Cent Pack
[Info   :Brazilian Money Texture Replacer] Renderer: SM_Coin_25_Cents
[Info   :Brazilian Money Texture Replacer] Material: M_Money (Instance)
[Info   :Brazilian Money Texture Replacer] Material InstanceID: -85836
[Info   :Brazilian Money Texture Replacer] Property: _BaseMap
[Info   :Brazilian Money Texture Replacer] Texture anterior: T_Money_AlbedoTransparency
[Info   :Brazilian Money Texture Replacer] Texture nova: BrazilianCoinAtlas_RUNTIME
[Info   :Brazilian Money Texture Replacer] ########################################
[Info   :Brazilian Money Texture Replacer] Property: _MainTex | Texture atual: T_Money_AlbedoTransparency
[Info   :Brazilian Money Texture Replacer] ########################################
[Info   :Brazilian Money Texture Replacer] TEXTURA SUBSTITUIDA
[Info   :Brazilian Money Texture Replacer] Coin Root: 25 Cent Pack
[Info   :Brazilian Money Texture Replacer] Renderer: SM_Coin_25_Cents
[Info   :Brazilian Money Texture Replacer] Material: M_Money (Instance)
[Info   :Brazilian Money Texture Replacer] Material InstanceID: -85836
[Info   :Brazilian Money Texture Replacer] Property: _MainTex
[Info   :Brazilian Money Texture Replacer] Texture anterior: T_Money_AlbedoTransparency
[Info   :Brazilian Money Texture Replacer] Texture nova: BrazilianCoinAtlas_RUNTIME
[Info   :Brazilian Money Texture Replacer] ########################################
[Info   :Brazilian Money Texture Replacer] Renderer de moeda encontrado: SM_Coin_25_Cents
[Info   :Brazilian Money Texture Replacer] Material encontrado: M_Money (Instance) | InstanceID=-85838
[Info   :Brazilian Money Texture Replacer] Property: _BaseMap | Texture atual: T_Money_AlbedoTransparency
[Info   :Brazilian Money Texture Replacer] ########################################
[Info   :Brazilian Money Texture Replacer] TEXTURA SUBSTITUIDA
[Info   :Brazilian Money Texture Replacer] Coin Root: 25 Cent Pack
[Info   :Brazilian Money Texture Replacer] Renderer: SM_Coin_25_Cents
[Info   :Brazilian Money Texture Replacer] Material: M_Money (Instance)
[Info   :Brazilian Money Texture Replacer] Material InstanceID: -85838
[Info   :Brazilian Money Texture Replacer] Property: _BaseMap
[Info   :Brazilian Money Texture Replacer] Texture anterior: T_Money_AlbedoTransparency
[Info   :Brazilian Money Texture Replacer] Texture nova: BrazilianCoinAtlas_RUNTIME
[Info   :Brazilian Money Texture Replacer] ########################################
[Info   :Brazilian Money Texture Replacer] Property: _MainTex | Texture atual: T_Money_AlbedoTransparency
[Info   :Brazilian Money Texture Replacer] ########################################
[Info   :Brazilian Money Texture Replacer] TEXTURA SUBSTITUIDA
[Info   :Brazilian Money Texture Replacer] Coin Root: 25 Cent Pack
[Info   :Brazilian Money Texture Replacer] Renderer: SM_Coin_25_Cents
[Info   :Brazilian Money Texture Replacer] Material: M_Money (Instance)
[Info   :Brazilian Money Texture Replacer] Material InstanceID: -85838
[Info   :Brazilian Money Texture Replacer] Property: _MainTex
[Info   :Brazilian Money Texture Replacer] Texture anterior: T_Money_AlbedoTransparency
[Info   :Brazilian Money Texture Replacer] Texture nova: BrazilianCoinAtlas_RUNTIME
[Info   :Brazilian Money Texture Replacer] ########################################
[Info   :Brazilian Money Texture Replacer] Renderer de moeda encontrado: SM_Coin_25_Cents
[Info   :Brazilian Money Texture Replacer] Material encontrado: M_Money (Instance) | InstanceID=-85840
[Info   :Brazilian Money Texture Replacer] Property: _BaseMap | Texture atual: T_Money_AlbedoTransparency
[Info   :Brazilian Money Texture Replacer] ########################################
[Info   :Brazilian Money Texture Replacer] TEXTURA SUBSTITUIDA
[Info   :Brazilian Money Texture Replacer] Coin Root: 25 Cent Pack
[Info   :Brazilian Money Texture Replacer] Renderer: SM_Coin_25_Cents
[Info   :Brazilian Money Texture Replacer] Material: M_Money (Instance)
[Info   :Brazilian Money Texture Replacer] Material InstanceID: -85840
[Info   :Brazilian Money Texture Replacer] Property: _BaseMap
[Info   :Brazilian Money Texture Replacer] Texture anterior: T_Money_AlbedoTransparency
[Info   :Brazilian Money Texture Replacer] Texture nova: BrazilianCoinAtlas_RUNTIME
[Info   :Brazilian Money Texture Replacer] ########################################
[Info   :Brazilian Money Texture Replacer] Property: _MainTex | Texture atual: T_Money_AlbedoTransparency
[Info   :Brazilian Money Texture Replacer] ########################################
[Info   :Brazilian Money Texture Replacer] TEXTURA SUBSTITUIDA
[Info   :Brazilian Money Texture Replacer] Coin Root: 25 Cent Pack
[Info   :Brazilian Money Texture Replacer] Renderer: SM_Coin_25_Cents
[Info   :Brazilian Money Texture Replacer] Material: M_Money (Instance)
[Info   :Brazilian Money Texture Replacer] Material InstanceID: -85840
[Info   :Brazilian Money Texture Replacer] Property: _MainTex
[Info   :Brazilian Money Texture Replacer] Texture anterior: T_Money_AlbedoTransparency
[Info   :Brazilian Money Texture Replacer] Texture nova: BrazilianCoinAtlas_RUNTIME
[Info   :Brazilian Money Texture Replacer] ########################################
[Info   :Brazilian Money Texture Replacer] Renderer de moeda encontrado: SM_Coin_25_Cents
[Info   :Brazilian Money Texture Replacer] Material encontrado: M_Money (Instance) | InstanceID=-85842
[Info   :Brazilian Money Texture Replacer] Property: _BaseMap | Texture atual: T_Money_AlbedoTransparency
[Info   :Brazilian Money Texture Replacer] ########################################
[Info   :Brazilian Money Texture Replacer] TEXTURA SUBSTITUIDA
[Info   :Brazilian Money Texture Replacer] Coin Root: 25 Cent Pack
[Info   :Brazilian Money Texture Replacer] Renderer: SM_Coin_25_Cents
[Info   :Brazilian Money Texture Replacer] Material: M_Money (Instance)
[Info   :Brazilian Money Texture Replacer] Material InstanceID: -85842
[Info   :Brazilian Money Texture Replacer] Property: _BaseMap
[Info   :Brazilian Money Texture Replacer] Texture anterior: T_Money_AlbedoTransparency
[Info   :Brazilian Money Texture Replacer] Texture nova: BrazilianCoinAtlas_RUNTIME
[Info   :Brazilian Money Texture Replacer] ########################################
[Info   :Brazilian Money Texture Replacer] Property: _MainTex | Texture atual: T_Money_AlbedoTransparency
[Info   :Brazilian Money Texture Replacer] ########################################
[Info   :Brazilian Money Texture Replacer] TEXTURA SUBSTITUIDA
[Info   :Brazilian Money Texture Replacer] Coin Root: 25 Cent Pack
[Info   :Brazilian Money Texture Replacer] Renderer: SM_Coin_25_Cents
[Info   :Brazilian Money Texture Replacer] Material: M_Money (Instance)
[Info   :Brazilian Money Texture Replacer] Material InstanceID: -85842
[Info   :Brazilian Money Texture Replacer] Property: _MainTex
[Info   :Brazilian Money Texture Replacer] Texture anterior: T_Money_AlbedoTransparency
[Info   :Brazilian Money Texture Replacer] Texture nova: BrazilianCoinAtlas_RUNTIME
[Info   :Brazilian Money Texture Replacer] ########################################
[Info   :Brazilian Money Texture Replacer] Renderer de moeda encontrado: SM_Coin_25_Cents
[Info   :Brazilian Money Texture Replacer] Material encontrado: M_Money (Instance) | InstanceID=-85844
[Info   :Brazilian Money Texture Replacer] Property: _BaseMap | Texture atual: T_Money_AlbedoTransparency
[Info   :Brazilian Money Texture Replacer] ########################################
[Info   :Brazilian Money Texture Replacer] TEXTURA SUBSTITUIDA
[Info   :Brazilian Money Texture Replacer] Coin Root: 25 Cent Pack
[Info   :Brazilian Money Texture Replacer] Renderer: SM_Coin_25_Cents
[Info   :Brazilian Money Texture Replacer] Material: M_Money (Instance)
[Info   :Brazilian Money Texture Replacer] Material InstanceID: -85844
[Info   :Brazilian Money Texture Replacer] Property: _BaseMap
[Info   :Brazilian Money Texture Replacer] Texture anterior: T_Money_AlbedoTransparency
[Info   :Brazilian Money Texture Replacer] Texture nova: BrazilianCoinAtlas_RUNTIME
[Info   :Brazilian Money Texture Replacer] ########################################
[Info   :Brazilian Money Texture Replacer] Property: _MainTex | Texture atual: T_Money_AlbedoTransparency
[Info   :Brazilian Money Texture Replacer] ########################################
[Info   :Brazilian Money Texture Replacer] TEXTURA SUBSTITUIDA
[Info   :Brazilian Money Texture Replacer] Coin Root: 25 Cent Pack
[Info   :Brazilian Money Texture Replacer] Renderer: SM_Coin_25_Cents
[Info   :Brazilian Money Texture Replacer] Material: M_Money (Instance)
[Info   :Brazilian Money Texture Replacer] Material InstanceID: -85844
[Info   :Brazilian Money Texture Replacer] Property: _MainTex
[Info   :Brazilian Money Texture Replacer] Texture anterior: T_Money_AlbedoTransparency
[Info   :Brazilian Money Texture Replacer] Texture nova: BrazilianCoinAtlas_RUNTIME
[Info   :Brazilian Money Texture Replacer] ########################################
[Info   :Brazilian Money Texture Replacer] COIN REPLACED: 25 Cent Pack
[Info   :Currency Asset Analyzer] Novo MoneyPack descoberto: COIN | Name=25 Cent Pack | Value=0,25
[Info   :Currency Asset Analyzer] TEXTURA ALVO ENCONTRADA: T_Money_Normal | Type=UnityEngine.Texture | InstanceID=232062 | Material=M_Money (Instance) | Property=_BumpMap | GameObject=SM_Coin_25_Cents
[Info   :Currency Asset Analyzer] TEXTURA ALVO ENCONTRADA: T_Money_SpecularSmoothness | Type=UnityEngine.Texture | InstanceID=232064 | Material=M_Money (Instance) | Property=_MetallicGlossMap | GameObject=SM_Coin_25_Cents
[Info   :Currency Asset Analyzer] TEXTURA ALVO ENCONTRADA: T_Money_SpecularSmoothness | Type=UnityEngine.Texture | InstanceID=232064 | Material=M_Money (Instance) | Property=_SpecGlossMap | GameObject=SM_Coin_25_Cents
[Info   :Currency Asset Analyzer] TEXTURA ALVO ENCONTRADA: T_Money_Normal | Type=UnityEngine.Texture | InstanceID=232062 | Material=M_Money (Instance) | Property=_BumpMap | GameObject=SM_Coin_25_Cents
[Info   :Currency Asset Analyzer] TEXTURA ALVO ENCONTRADA: T_Money_SpecularSmoothness | Type=UnityEngine.Texture | InstanceID=232064 | Material=M_Money (Instance) | Property=_MetallicGlossMap | GameObject=SM_Coin_25_Cents
[Info   :Currency Asset Analyzer] TEXTURA ALVO ENCONTRADA: T_Money_SpecularSmoothness | Type=UnityEngine.Texture | InstanceID=232064 | Material=M_Money (Instance) | Property=_SpecGlossMap | GameObject=SM_Coin_25_Cents
[Info   :Currency Asset Analyzer] TEXTURA ALVO ENCONTRADA: T_Money_Normal | Type=UnityEngine.Texture | InstanceID=232062 | Material=M_Money (Instance) | Property=_BumpMap | GameObject=SM_Coin_25_Cents
[Info   :Currency Asset Analyzer] TEXTURA ALVO ENCONTRADA: T_Money_SpecularSmoothness | Type=UnityEngine.Texture | InstanceID=232064 | Material=M_Money (Instance) | Property=_MetallicGlossMap | GameObject=SM_Coin_25_Cents
[Info   :Currency Asset Analyzer] TEXTURA ALVO ENCONTRADA: T_Money_SpecularSmoothness | Type=UnityEngine.Texture | InstanceID=232064 | Material=M_Money (Instance) | Property=_SpecGlossMap | GameObject=SM_Coin_25_Cents
[Info   :Currency Asset Analyzer] TEXTURA ALVO ENCONTRADA: T_Money_Normal | Type=UnityEngine.Texture | InstanceID=232062 | Material=M_Money (Instance) | Property=_BumpMap | GameObject=SM_Coin_25_Cents
[Info   :Currency Asset Analyzer] TEXTURA ALVO ENCONTRADA: T_Money_SpecularSmoothness | Type=UnityEngine.Texture | InstanceID=232064 | Material=M_Money (Instance) | Property=_MetallicGlossMap | GameObject=SM_Coin_25_Cents
[Info   :Currency Asset Analyzer] TEXTURA ALVO ENCONTRADA: T_Money_SpecularSmoothness | Type=UnityEngine.Texture | InstanceID=232064 | Material=M_Money (Instance) | Property=_SpecGlossMap | GameObject=SM_Coin_25_Cents
[Info   :Currency Asset Analyzer] TEXTURA ALVO ENCONTRADA: T_Money_Normal | Type=UnityEngine.Texture | InstanceID=232062 | Material=M_Money (Instance) | Property=_BumpMap | GameObject=SM_Coin_25_Cents
[Info   :Currency Asset Analyzer] TEXTURA ALVO ENCONTRADA: T_Money_SpecularSmoothness | Type=UnityEngine.Texture | InstanceID=232064 | Material=M_Money (Instance) | Property=_MetallicGlossMap | GameObject=SM_Coin_25_Cents
[Info   :Currency Asset Analyzer] TEXTURA ALVO ENCONTRADA: T_Money_SpecularSmoothness | Type=UnityEngine.Texture | InstanceID=232064 | Material=M_Money (Instance) | Property=_SpecGlossMap | GameObject=SM_Coin_25_Cents
[Info   :Currency Asset Analyzer] TEXTURA ALVO ENCONTRADA: T_Money_Normal | Type=UnityEngine.Texture | InstanceID=232062 | Material=M_Money (Instance) | Property=_BumpMap | GameObject=SM_Coin_25_Cents
[Info   :Currency Asset Analyzer] TEXTURA ALVO ENCONTRADA: T_Money_SpecularSmoothness | Type=UnityEngine.Texture | InstanceID=232064 | Material=M_Money (Instance) | Property=_MetallicGlossMap | GameObject=SM_Coin_25_Cents
[Info   :Currency Asset Analyzer] TEXTURA ALVO ENCONTRADA: T_Money_SpecularSmoothness | Type=UnityEngine.Texture | InstanceID=232064 | Material=M_Money (Instance) | Property=_SpecGlossMap | GameObject=SM_Coin_25_Cents
[Info   :Currency Asset Analyzer] TEXTURA ALVO ENCONTRADA: T_Money_Normal | Type=UnityEngine.Texture | InstanceID=232062 | Material=M_Money (Instance) | Property=_BumpMap | GameObject=SM_Coin_25_Cents
[Info   :Currency Asset Analyzer] TEXTURA ALVO ENCONTRADA: T_Money_SpecularSmoothness | Type=UnityEngine.Texture | InstanceID=232064 | Material=M_Money (Instance) | Property=_MetallicGlossMap | GameObject=SM_Coin_25_Cents
[Info   :Currency Asset Analyzer] TEXTURA ALVO ENCONTRADA: T_Money_SpecularSmoothness | Type=UnityEngine.Texture | InstanceID=232064 | Material=M_Money (Instance) | Property=_SpecGlossMap | GameObject=SM_Coin_25_Cents
[Info   :Currency Asset Analyzer] TEXTURA ALVO ENCONTRADA: T_Money_Normal | Type=UnityEngine.Texture | InstanceID=232062 | Material=M_Money (Instance) | Property=_BumpMap | GameObject=SM_Coin_25_Cents
[Info   :Currency Asset Analyzer] TEXTURA ALVO ENCONTRADA: T_Money_SpecularSmoothness | Type=UnityEngine.Texture | InstanceID=232064 | Material=M_Money (Instance) | Property=_MetallicGlossMap | GameObject=SM_Coin_25_Cents
[Info   :Currency Asset Analyzer] TEXTURA ALVO ENCONTRADA: T_Money_SpecularSmoothness | Type=UnityEngine.Texture | InstanceID=232064 | Material=M_Money (Instance) | Property=_SpecGlossMap | GameObject=SM_Coin_25_Cents
[Info   :Currency Asset Analyzer] TEXTURA ALVO ENCONTRADA: T_Money_Normal | Type=UnityEngine.Texture | InstanceID=232062 | Material=M_Money (Instance) | Property=_BumpMap | GameObject=SM_Coin_25_Cents
[Info   :Currency Asset Analyzer] TEXTURA ALVO ENCONTRADA: T_Money_SpecularSmoothness | Type=UnityEngine.Texture | InstanceID=232064 | Material=M_Money (Instance) | Property=_MetallicGlossMap | GameObject=SM_Coin_25_Cents
[Info   :Currency Asset Analyzer] TEXTURA ALVO ENCONTRADA: T_Money_SpecularSmoothness | Type=UnityEngine.Texture | InstanceID=232064 | Material=M_Money (Instance) | Property=_SpecGlossMap | GameObject=SM_Coin_25_Cents
[Info   :Currency Asset Analyzer] TEXTURA ALVO ENCONTRADA: T_Money_Normal | Type=UnityEngine.Texture | InstanceID=232062 | Material=M_Money (Instance) | Property=_BumpMap | GameObject=SM_Coin_25_Cents
[Info   :Currency Asset Analyzer] TEXTURA ALVO ENCONTRADA: T_Money_SpecularSmoothness | Type=UnityEngine.Texture | InstanceID=232064 | Material=M_Money (Instance) | Property=_MetallicGlossMap | GameObject=SM_Coin_25_Cents
[Info   :Currency Asset Analyzer] TEXTURA ALVO ENCONTRADA: T_Money_SpecularSmoothness | Type=UnityEngine.Texture | InstanceID=232064 | Material=M_Money (Instance) | Property=_SpecGlossMap | GameObject=SM_Coin_25_Cents
[Info   :Currency Asset Analyzer] TEXTURA ALVO ENCONTRADA: T_Money_Normal | Type=UnityEngine.Texture | InstanceID=232062 | Material=M_Money (Instance) | Property=_BumpMap | GameObject=SM_Coin_25_Cents
[Info   :Currency Asset Analyzer] TEXTURA ALVO ENCONTRADA: T_Money_SpecularSmoothness | Type=UnityEngine.Texture | InstanceID=232064 | Material=M_Money (Instance) | Property=_MetallicGlossMap | GameObject=SM_Coin_25_Cents
[Info   :Currency Asset Analyzer] TEXTURA ALVO ENCONTRADA: T_Money_SpecularSmoothness | Type=UnityEngine.Texture | InstanceID=232064 | Material=M_Money (Instance) | Property=_SpecGlossMap | GameObject=SM_Coin_25_Cents
[Info   :Currency Asset Analyzer] Relatorio MoneyPack salvo: B:\SteamLibrary\steamapps\common\Supermarket Simulator\BepInEx\plugins\CurrencyAssetAnalyzer\AnalyzerV8\MoneyPack\COIN_25 Cent Pack_0.25.txt
[Info   :Currency Asset Analyzer] Arquivo sincronizado: C:\Users\natan\Documents\Mods\SupermarketSimulator\CurrencyAssetAnalyzer\Reports\MoneyPack\COIN_25 Cent Pack_0.25.txt
[Info   :Currency Atlas Mapper] ========================================
[Info   :Currency Atlas Mapper] Mapeando: SM_Coin_25_Cents
[Info   :Currency Atlas Mapper] Mesh vertices: 194
[Info   :Currency Atlas Mapper] Renderer: UnityEngine.Renderer
[Info   :Currency Atlas Mapper] Camera: Main Camera
[Info   :Currency Atlas Mapper] Sincronizado: C:\Users\natan\Documents\Mods\SupermarketSimulator\CurrencyAssetAnalyzer\Reports\AtlasMapping\SM_Coin_25_Cents_REAL_CAMERA.png
[Info   :Currency Atlas Mapper] Captura real concluida: SM_Coin_25_Cents | Pixels=0 | U=1.000000..0.000000 | V=1.000000..0.000000
[Info   :Currency Atlas Mapper] Sincronizado: C:\Users\natan\Documents\Mods\SupermarketSimulator\CurrencyAssetAnalyzer\Reports\AtlasMapping\AtlasMapReport.txt
[Info   :Currency Mesh Fingerprint] ========================================
[Info   :Currency Mesh Fingerprint] Analisando mesh: SM_Coin_25_Cents
[Info   :Currency Mesh Fingerprint] VertexCount informado pelo Unity: 194
[Info   :Currency Mesh Fingerprint] Vertices lidos: 0
[Info   :Currency Mesh Fingerprint] Normais lidas: 0
[Info   :Currency Mesh Fingerprint] Tangentes lidas: 0
[Info   :Currency Mesh Fingerprint] UV0 lidos: 0
[Info   :Money Material Probe] ========================================
[Info   :Money Material Probe] MONEY MATERIAL PROBE
[Info   :Money Material Probe] MoneyPack Type: MoneyPack
[Info   :Money Material Probe] Tipo informado pelo SpawnMoney: COIN
[Info   :Money Material Probe] GameObject resolvido: 25 Cent Pack
[Info   :Money Material Probe] Value: 0.25
[Info   :Money Material Probe] GameObject InstanceID: -6310
[Info   :Money Material Probe] Analise concluida: 25 Cent Pack
[Info   :Money Material Probe] ========================================
[Info   :Currency Atlas Triangle Mapper] Index Readback solicitado.
[Info   :Currency Atlas UV Mapper] Mapeamento concluido: SM_Coin_25_Cents | U=0.025958..0.297107 | V=0.679649..0.988918
[Info   :Currency Atlas UV Mapper] Finalizado: SM_Coin_25_Cents
[Info   :Currency Atlas Triangle Mapper] Triangulos reconstruidos: SM_Coin_25_Cents | 188/188
[Info   :Currency Atlas Triangle Mapper] Moeda adicionada a fila: SM_Coin_10_Cents
[Info   :Currency Atlas Triangle Mapper] ========================================
[Info   :Currency Atlas Triangle Mapper] Analise: SM_Coin_10_Cents
[Info   :Currency Atlas Triangle Mapper] Value: 0.100000
[Info   :Currency Atlas Triangle Mapper] VertexCount: 194
[Info   :Currency Atlas Triangle Mapper] VertexStride: 48
[Info   :Currency Atlas Triangle Mapper] UVOffset: 40
[Info   :Currency Atlas Triangle Mapper] IndexCount: 564
[Info   :Currency Atlas Triangle Mapper] IndexStride: 2
[Info   :Currency Atlas Triangle Mapper] Vertex Readback solicitado.
[Info   :Currency Atlas UV Mapper] Moeda adicionada a fila: SM_Coin_10_Cents | Value=0.100000
[Info   :Currency Atlas UV Mapper] ========================================
[Info   :Currency Atlas UV Mapper] Mapeando moeda: SM_Coin_10_Cents
[Info   :Currency Atlas UV Mapper] Value: 0.100000
[Info   :Currency Atlas UV Mapper] Mesh: SM_Coin_10_Cents
[Info   :Currency Atlas UV Mapper] VertexCount: 194
[Info   :Currency Atlas UV Mapper] UV Stream: 0
[Info   :Currency Atlas UV Mapper] UV Offset: 40
[Info   :Currency Atlas UV Mapper] Vertex Stride: 48
[Info   :Currency Atlas UV Mapper] Buffer Count: 194
[Info   :Currency Atlas UV Mapper] Buffer Stride: 48
[Info   :Currency Atlas UV Mapper] Buffer Target: Vertex, CopySource
[Info   :Supermarket Simulator - Brazilian Money] Dinheiro detectado: Type=COIN | Name=10 Cent Pack | Value=0,1
[Info   :Supermarket Simulator - Brazilian Money] ----- ANÁLISE DO MONEY PACK -----
[Info   :Supermarket Simulator - Brazilian Money] Type: COIN
[Info   :Supermarket Simulator - Brazilian Money] Name: 10 Cent Pack
[Info   :Supermarket Simulator - Brazilian Money] Value: 0,1
[Info   :Supermarket Simulator - Brazilian Money] InstanceID: -5984
[Info   :Supermarket Simulator - Brazilian Money] Hierarchy: ---MANAGERS---/Checkout Manager/Checkout/Cash Register/Checkout Drawer/10 Cent Pack
[Info   :Supermarket Simulator - Brazilian Money] Objetos na hierarquia: 47
[Info   :Supermarket Simulator - Brazilian Money] Object: 10 Cent Pack
[Info   :Supermarket Simulator - Brazilian Money]   Components de 10 Cent Pack: 5
[Info   :Supermarket Simulator - Brazilian Money]   - UnityEngine.Transform
[Info   :Supermarket Simulator - Brazilian Money]   - UnityEngine.Component
[Info   :Supermarket Simulator - Brazilian Money]   - MoneyPack
[Info   :Supermarket Simulator - Brazilian Money]   - UnityEngine.Component
[Info   :Supermarket Simulator - Brazilian Money]   - UnityEngine.Component
[Info   :Supermarket Simulator - Brazilian Money] Object: Visuals
[Info   :Supermarket Simulator - Brazilian Money]   Components de Visuals: 1
[Info   :Supermarket Simulator - Brazilian Money]   - UnityEngine.Transform
[Info   :Supermarket Simulator - Brazilian Money] Object: 10 Cent Pack
[Info   :Supermarket Simulator - Brazilian Money]   Components de 10 Cent Pack: 1
[Info   :Supermarket Simulator - Brazilian Money]   - UnityEngine.Transform
[Info   :Supermarket Simulator - Brazilian Money] Object: Coin_10_Cents
[Info   :Supermarket Simulator - Brazilian Money]   Components de Coin_10_Cents: 2
[Info   :Supermarket Simulator - Brazilian Money]   - UnityEngine.Transform
[Info   :Supermarket Simulator - Brazilian Money]   - UnityEngine.Component
[Info   :Supermarket Simulator - Brazilian Money] Object: SM_Coin_10_Cents
[Info   :Supermarket Simulator - Brazilian Money]   Components de SM_Coin_10_Cents: 4
[Info   :Supermarket Simulator - Brazilian Money]   - UnityEngine.Transform
[Info   :Supermarket Simulator - Brazilian Money]   - UnityEngine.MeshFilter
[Info   :Supermarket Simulator - Brazilian Money]   - UnityEngine.Renderer
[Info   :Supermarket Simulator - Brazilian Money]   - UnityEngine.Component
[Info   :Supermarket Simulator - Brazilian Money] Object: Coin_10_Cents (1)
[Info   :Supermarket Simulator - Brazilian Money]   Components de Coin_10_Cents (1): 2
[Info   :Supermarket Simulator - Brazilian Money]   - UnityEngine.Transform
[Info   :Supermarket Simulator - Brazilian Money]   - UnityEngine.Component
[Info   :Supermarket Simulator - Brazilian Money] Object: SM_Coin_10_Cents
[Info   :Supermarket Simulator - Brazilian Money]   Components de SM_Coin_10_Cents: 4
[Info   :Supermarket Simulator - Brazilian Money]   - UnityEngine.Transform
[Info   :Supermarket Simulator - Brazilian Money]   - UnityEngine.Component
[Info   :Supermarket Simulator - Brazilian Money]   - UnityEngine.Component
[Info   :Supermarket Simulator - Brazilian Money]   - UnityEngine.Component
[Info   :Supermarket Simulator - Brazilian Money] Object: Coin_10_Cents (2)
[Info   :Supermarket Simulator - Brazilian Money]   Components de Coin_10_Cents (2): 2
[Info   :Supermarket Simulator - Brazilian Money]   - UnityEngine.Transform
[Info   :Supermarket Simulator - Brazilian Money]   - UnityEngine.Component
[Info   :Supermarket Simulator - Brazilian Money] Object: SM_Coin_10_Cents
[Info   :Supermarket Simulator - Brazilian Money]   Components de SM_Coin_10_Cents: 4
[Info   :Supermarket Simulator - Brazilian Money]   - UnityEngine.Transform
[Info   :Supermarket Simulator - Brazilian Money]   - UnityEngine.Component
[Info   :Supermarket Simulator - Brazilian Money]   - UnityEngine.Component
[Info   :Supermarket Simulator - Brazilian Money]   - UnityEngine.Component
[Info   :Supermarket Simulator - Brazilian Money] Object: Coin_10_Cents (3)
[Info   :Supermarket Simulator - Brazilian Money]   Components de Coin_10_Cents (3): 2
[Info   :Supermarket Simulator - Brazilian Money]   - UnityEngine.Transform
[Info   :Supermarket Simulator - Brazilian Money]   - UnityEngine.Component
[Info   :Supermarket Simulator - Brazilian Money] Object: SM_Coin_10_Cents
[Info   :Supermarket Simulator - Brazilian Money]   Components de SM_Coin_10_Cents: 4
[Info   :Supermarket Simulator - Brazilian Money]   - UnityEngine.Transform
[Info   :Supermarket Simulator - Brazilian Money]   - UnityEngine.Component
[Info   :Supermarket Simulator - Brazilian Money]   - UnityEngine.Component
[Info   :Supermarket Simulator - Brazilian Money]   - UnityEngine.Component
[Info   :Supermarket Simulator - Brazilian Money] Object: Coin_10_Cents (4)
[Info   :Supermarket Simulator - Brazilian Money]   Components de Coin_10_Cents (4): 2
[Info   :Supermarket Simulator - Brazilian Money]   - UnityEngine.Transform
[Info   :Supermarket Simulator - Brazilian Money]   - UnityEngine.Component
[Info   :Supermarket Simulator - Brazilian Money] Object: SM_Coin_10_Cents
[Info   :Supermarket Simulator - Brazilian Money]   Components de SM_Coin_10_Cents: 4
[Info   :Supermarket Simulator - Brazilian Money]   - UnityEngine.Transform
[Info   :Supermarket Simulator - Brazilian Money]   - UnityEngine.Component
[Info   :Supermarket Simulator - Brazilian Money]   - UnityEngine.Component
[Info   :Supermarket Simulator - Brazilian Money]   - UnityEngine.Component
[Info   :Supermarket Simulator - Brazilian Money] Object: Coin_10_Cents (5)
[Info   :Supermarket Simulator - Brazilian Money]   Components de Coin_10_Cents (5): 2
[Info   :Supermarket Simulator - Brazilian Money]   - UnityEngine.Transform
[Info   :Supermarket Simulator - Brazilian Money]   - UnityEngine.Component
[Info   :Supermarket Simulator - Brazilian Money] Object: SM_Coin_10_Cents
[Info   :Supermarket Simulator - Brazilian Money]   Components de SM_Coin_10_Cents: 4
[Info   :Supermarket Simulator - Brazilian Money]   - UnityEngine.Transform
[Info   :Supermarket Simulator - Brazilian Money]   - UnityEngine.Component
[Info   :Supermarket Simulator - Brazilian Money]   - UnityEngine.Component
[Info   :Supermarket Simulator - Brazilian Money]   - UnityEngine.Component
[Info   :Supermarket Simulator - Brazilian Money] Object: Coin_10_Cents (6)
[Info   :Supermarket Simulator - Brazilian Money]   Components de Coin_10_Cents (6): 2
[Info   :Supermarket Simulator - Brazilian Money]   - UnityEngine.Transform
[Info   :Supermarket Simulator - Brazilian Money]   - UnityEngine.Component
[Info   :Supermarket Simulator - Brazilian Money] Object: SM_Coin_10_Cents
[Info   :Supermarket Simulator - Brazilian Money]   Components de SM_Coin_10_Cents: 4
[Info   :Supermarket Simulator - Brazilian Money]   - UnityEngine.Transform
[Info   :Supermarket Simulator - Brazilian Money]   - UnityEngine.Component
[Info   :Supermarket Simulator - Brazilian Money]   - UnityEngine.Component
[Info   :Supermarket Simulator - Brazilian Money]   - UnityEngine.Component
[Info   :Supermarket Simulator - Brazilian Money] Object: Coin_10_Cents (7)
[Info   :Supermarket Simulator - Brazilian Money]   Components de Coin_10_Cents (7): 2
[Info   :Supermarket Simulator - Brazilian Money]   - UnityEngine.Transform
[Info   :Supermarket Simulator - Brazilian Money]   - UnityEngine.Component
[Info   :Supermarket Simulator - Brazilian Money] Object: SM_Coin_10_Cents
[Info   :Supermarket Simulator - Brazilian Money]   Components de SM_Coin_10_Cents: 4
[Info   :Supermarket Simulator - Brazilian Money]   - UnityEngine.Transform
[Info   :Supermarket Simulator - Brazilian Money]   - UnityEngine.Component
[Info   :Supermarket Simulator - Brazilian Money]   - UnityEngine.Component
[Info   :Supermarket Simulator - Brazilian Money]   - UnityEngine.Component
[Info   :Supermarket Simulator - Brazilian Money] Object: Coin_10_Cents (8)
[Info   :Supermarket Simulator - Brazilian Money]   Components de Coin_10_Cents (8): 2
[Info   :Supermarket Simulator - Brazilian Money]   - UnityEngine.Transform
[Info   :Supermarket Simulator - Brazilian Money]   - UnityEngine.Component
[Info   :Supermarket Simulator - Brazilian Money] Object: SM_Coin_10_Cents
[Info   :Supermarket Simulator - Brazilian Money]   Components de SM_Coin_10_Cents: 4
[Info   :Supermarket Simulator - Brazilian Money]   - UnityEngine.Transform
[Info   :Supermarket Simulator - Brazilian Money]   - UnityEngine.Component
[Info   :Supermarket Simulator - Brazilian Money]   - UnityEngine.Component
[Info   :Supermarket Simulator - Brazilian Money]   - UnityEngine.Component
[Info   :Supermarket Simulator - Brazilian Money] Object: Coin_10_Cents (9)
[Info   :Supermarket Simulator - Brazilian Money]   Components de Coin_10_Cents (9): 2
[Info   :Supermarket Simulator - Brazilian Money]   - UnityEngine.Transform
[Info   :Supermarket Simulator - Brazilian Money]   - UnityEngine.Component
[Info   :Supermarket Simulator - Brazilian Money] Object: SM_Coin_10_Cents
[Info   :Supermarket Simulator - Brazilian Money]   Components de SM_Coin_10_Cents: 4
[Info   :Supermarket Simulator - Brazilian Money]   - UnityEngine.Transform
[Info   :Supermarket Simulator - Brazilian Money]   - UnityEngine.Component
[Info   :Supermarket Simulator - Brazilian Money]   - UnityEngine.Component
[Info   :Supermarket Simulator - Brazilian Money]   - UnityEngine.Component
[Info   :Supermarket Simulator - Brazilian Money] Object: Coin_10_Cents (10)
[Info   :Supermarket Simulator - Brazilian Money]   Components de Coin_10_Cents (10): 2
[Info   :Supermarket Simulator - Brazilian Money]   - UnityEngine.Transform
[Info   :Supermarket Simulator - Brazilian Money]   - UnityEngine.Component
[Info   :Supermarket Simulator - Brazilian Money] Object: SM_Coin_10_Cents
[Info   :Supermarket Simulator - Brazilian Money]   Components de SM_Coin_10_Cents: 4
[Info   :Supermarket Simulator - Brazilian Money]   - UnityEngine.Transform
[Info   :Supermarket Simulator - Brazilian Money]   - UnityEngine.Component
[Info   :Supermarket Simulator - Brazilian Money]   - UnityEngine.Component
[Info   :Supermarket Simulator - Brazilian Money]   - UnityEngine.Component
[Info   :Supermarket Simulator - Brazilian Money] Object: Coin_10_Cents (11)
[Info   :Supermarket Simulator - Brazilian Money]   Components de Coin_10_Cents (11): 2
[Info   :Supermarket Simulator - Brazilian Money]   - UnityEngine.Transform
[Info   :Supermarket Simulator - Brazilian Money]   - UnityEngine.Component
[Info   :Supermarket Simulator - Brazilian Money] Object: SM_Coin_10_Cents
[Info   :Supermarket Simulator - Brazilian Money]   Components de SM_Coin_10_Cents: 4
[Info   :Supermarket Simulator - Brazilian Money]   - UnityEngine.Transform
[Info   :Supermarket Simulator - Brazilian Money]   - UnityEngine.Component
[Info   :Supermarket Simulator - Brazilian Money]   - UnityEngine.Component
[Info   :Supermarket Simulator - Brazilian Money]   - UnityEngine.Component
[Info   :Supermarket Simulator - Brazilian Money] Object: Coin_10_Cents (12)
[Info   :Supermarket Simulator - Brazilian Money]   Components de Coin_10_Cents (12): 2
[Info   :Supermarket Simulator - Brazilian Money]   - UnityEngine.Transform
[Info   :Supermarket Simulator - Brazilian Money]   - UnityEngine.Component
[Info   :Supermarket Simulator - Brazilian Money] Object: SM_Coin_10_Cents
[Info   :Supermarket Simulator - Brazilian Money]   Components de SM_Coin_10_Cents: 4
[Info   :Supermarket Simulator - Brazilian Money]   - UnityEngine.Transform
[Info   :Supermarket Simulator - Brazilian Money]   - UnityEngine.Component
[Info   :Supermarket Simulator - Brazilian Money]   - UnityEngine.Component
[Info   :Supermarket Simulator - Brazilian Money]   - UnityEngine.Component
[Info   :Supermarket Simulator - Brazilian Money] Object: Coin_10_Cents (13)
[Info   :Supermarket Simulator - Brazilian Money]   Components de Coin_10_Cents (13): 2
[Info   :Supermarket Simulator - Brazilian Money]   - UnityEngine.Transform
[Info   :Supermarket Simulator - Brazilian Money]   - UnityEngine.Component
[Info   :Supermarket Simulator - Brazilian Money] Object: SM_Coin_10_Cents
[Info   :Supermarket Simulator - Brazilian Money]   Components de SM_Coin_10_Cents: 4
[Info   :Supermarket Simulator - Brazilian Money]   - UnityEngine.Transform
[Info   :Supermarket Simulator - Brazilian Money]   - UnityEngine.Component
[Info   :Supermarket Simulator - Brazilian Money]   - UnityEngine.Component
[Info   :Supermarket Simulator - Brazilian Money]   - UnityEngine.Component
[Info   :Supermarket Simulator - Brazilian Money] Object: Coin_10_Cents (14)
[Info   :Supermarket Simulator - Brazilian Money]   Components de Coin_10_Cents (14): 2
[Info   :Supermarket Simulator - Brazilian Money]   - UnityEngine.Transform
[Info   :Supermarket Simulator - Brazilian Money]   - UnityEngine.Component
[Info   :Supermarket Simulator - Brazilian Money] Object: SM_Coin_10_Cents
[Info   :Supermarket Simulator - Brazilian Money]   Components de SM_Coin_10_Cents: 4
[Info   :Supermarket Simulator - Brazilian Money]   - UnityEngine.Transform
[Info   :Supermarket Simulator - Brazilian Money]   - UnityEngine.Component
[Info   :Supermarket Simulator - Brazilian Money]   - UnityEngine.Component
[Info   :Supermarket Simulator - Brazilian Money]   - UnityEngine.Component
[Info   :Supermarket Simulator - Brazilian Money] Object: Coin_10_Cents (15)
[Info   :Supermarket Simulator - Brazilian Money]   Components de Coin_10_Cents (15): 2
[Info   :Supermarket Simulator - Brazilian Money]   - UnityEngine.Transform
[Info   :Supermarket Simulator - Brazilian Money]   - UnityEngine.Component
[Info   :Supermarket Simulator - Brazilian Money] Object: SM_Coin_10_Cents
[Info   :Supermarket Simulator - Brazilian Money]   Components de SM_Coin_10_Cents: 4
[Info   :Supermarket Simulator - Brazilian Money]   - UnityEngine.Transform
[Info   :Supermarket Simulator - Brazilian Money]   - UnityEngine.Component
[Info   :Supermarket Simulator - Brazilian Money]   - UnityEngine.Component
[Info   :Supermarket Simulator - Brazilian Money]   - UnityEngine.Component
[Info   :Supermarket Simulator - Brazilian Money] Object: Coin_10_Cents (16)
[Info   :Supermarket Simulator - Brazilian Money]   Components de Coin_10_Cents (16): 2
[Info   :Supermarket Simulator - Brazilian Money]   - UnityEngine.Transform
[Info   :Supermarket Simulator - Brazilian Money]   - UnityEngine.Component
[Info   :Supermarket Simulator - Brazilian Money] Object: SM_Coin_10_Cents
[Info   :Supermarket Simulator - Brazilian Money]   Components de SM_Coin_10_Cents: 4
[Info   :Supermarket Simulator - Brazilian Money]   - UnityEngine.Transform
[Info   :Supermarket Simulator - Brazilian Money]   - UnityEngine.Component
[Info   :Supermarket Simulator - Brazilian Money]   - UnityEngine.Component
[Info   :Supermarket Simulator - Brazilian Money]   - UnityEngine.Component
[Info   :Supermarket Simulator - Brazilian Money] Object: Coin_10_Cents (17)
[Info   :Supermarket Simulator - Brazilian Money]   Components de Coin_10_Cents (17): 2
[Info   :Supermarket Simulator - Brazilian Money]   - UnityEngine.Transform
[Info   :Supermarket Simulator - Brazilian Money]   - UnityEngine.Component
[Info   :Supermarket Simulator - Brazilian Money] Object: SM_Coin_10_Cents
[Info   :Supermarket Simulator - Brazilian Money]   Components de SM_Coin_10_Cents: 4
[Info   :Supermarket Simulator - Brazilian Money]   - UnityEngine.Transform
[Info   :Supermarket Simulator - Brazilian Money]   - UnityEngine.Component
[Info   :Supermarket Simulator - Brazilian Money]   - UnityEngine.Component
[Info   :Supermarket Simulator - Brazilian Money]   - UnityEngine.Component
[Info   :Supermarket Simulator - Brazilian Money] Object: Coin_10_Cents (18)
[Info   :Supermarket Simulator - Brazilian Money]   Components de Coin_10_Cents (18): 2
[Info   :Supermarket Simulator - Brazilian Money]   - UnityEngine.Transform
[Info   :Supermarket Simulator - Brazilian Money]   - UnityEngine.Component
[Info   :Supermarket Simulator - Brazilian Money] Object: SM_Coin_10_Cents
[Info   :Supermarket Simulator - Brazilian Money]   Components de SM_Coin_10_Cents: 4
[Info   :Supermarket Simulator - Brazilian Money]   - UnityEngine.Transform
[Info   :Supermarket Simulator - Brazilian Money]   - UnityEngine.Component
[Info   :Supermarket Simulator - Brazilian Money]   - UnityEngine.Component
[Info   :Supermarket Simulator - Brazilian Money]   - UnityEngine.Component
[Info   :Supermarket Simulator - Brazilian Money] Object: Coin_10_Cents (19)
[Info   :Supermarket Simulator - Brazilian Money]   Components de Coin_10_Cents (19): 2
[Info   :Supermarket Simulator - Brazilian Money]   - UnityEngine.Transform
[Info   :Supermarket Simulator - Brazilian Money]   - UnityEngine.Component
[Info   :Supermarket Simulator - Brazilian Money] Object: SM_Coin_10_Cents
[Info   :Supermarket Simulator - Brazilian Money]   Components de SM_Coin_10_Cents: 4
[Info   :Supermarket Simulator - Brazilian Money]   - UnityEngine.Transform
[Info   :Supermarket Simulator - Brazilian Money]   - UnityEngine.Component
[Info   :Supermarket Simulator - Brazilian Money]   - UnityEngine.Component
[Info   :Supermarket Simulator - Brazilian Money]   - UnityEngine.Component
[Info   :Supermarket Simulator - Brazilian Money] Object: Coin_10_Cents (20)
[Info   :Supermarket Simulator - Brazilian Money]   Components de Coin_10_Cents (20): 2
[Info   :Supermarket Simulator - Brazilian Money]   - UnityEngine.Transform
[Info   :Supermarket Simulator - Brazilian Money]   - UnityEngine.Component
[Info   :Supermarket Simulator - Brazilian Money] Object: SM_Coin_10_Cents
[Info   :Supermarket Simulator - Brazilian Money]   Components de SM_Coin_10_Cents: 4
[Info   :Supermarket Simulator - Brazilian Money]   - UnityEngine.Transform
[Info   :Supermarket Simulator - Brazilian Money]   - UnityEngine.Component
[Info   :Supermarket Simulator - Brazilian Money]   - UnityEngine.Component
[Info   :Supermarket Simulator - Brazilian Money]   - UnityEngine.Component
[Info   :Supermarket Simulator - Brazilian Money] Object: Coin_10_Cents (21)
[Info   :Supermarket Simulator - Brazilian Money]   Components de Coin_10_Cents (21): 2
[Info   :Supermarket Simulator - Brazilian Money]   - UnityEngine.Transform
[Info   :Supermarket Simulator - Brazilian Money]   - UnityEngine.Component
[Info   :Supermarket Simulator - Brazilian Money] Object: SM_Coin_10_Cents
[Info   :Supermarket Simulator - Brazilian Money]   Components de SM_Coin_10_Cents: 4
[Info   :Supermarket Simulator - Brazilian Money]   - UnityEngine.Transform
[Info   :Supermarket Simulator - Brazilian Money]   - UnityEngine.Component
[Info   :Supermarket Simulator - Brazilian Money]   - UnityEngine.Component
[Info   :Supermarket Simulator - Brazilian Money]   - UnityEngine.Component
[Info   :Supermarket Simulator - Brazilian Money] ----- FIM DA ANÁLISE -----
[Info   :Brazilian Money Texture Replacer] POSTFIX SpawnMoney EXECUTADO | isCoin=True | moneyPack=MoneyPack
[Info   :Brazilian Money Texture Replacer] MoneyPack GameObject resolvido: 10 Cent Pack
[Info   :Brazilian Money Texture Replacer] Renderers encontrados em 10 Cent Pack: 22
[Info   :Brazilian Money Texture Replacer] Renderer de moeda encontrado: SM_Coin_10_Cents
[Info   :Brazilian Money Texture Replacer] Material encontrado: M_Money (Instance) | InstanceID=-85936
[Info   :Brazilian Money Texture Replacer] Property: _BaseMap | Texture atual: T_Money_AlbedoTransparency
[Info   :Brazilian Money Texture Replacer] ########################################
[Info   :Brazilian Money Texture Replacer] TEXTURA SUBSTITUIDA
[Info   :Brazilian Money Texture Replacer] Coin Root: 10 Cent Pack
[Info   :Brazilian Money Texture Replacer] Renderer: SM_Coin_10_Cents
[Info   :Brazilian Money Texture Replacer] Material: M_Money (Instance)
[Info   :Brazilian Money Texture Replacer] Material InstanceID: -85936
[Info   :Brazilian Money Texture Replacer] Property: _BaseMap
[Info   :Brazilian Money Texture Replacer] Texture anterior: T_Money_AlbedoTransparency
[Info   :Brazilian Money Texture Replacer] Texture nova: BrazilianCoinAtlas_RUNTIME
[Info   :Brazilian Money Texture Replacer] ########################################
[Info   :Brazilian Money Texture Replacer] Property: _MainTex | Texture atual: T_Money_AlbedoTransparency
[Info   :Brazilian Money Texture Replacer] ########################################
[Info   :Brazilian Money Texture Replacer] TEXTURA SUBSTITUIDA
[Info   :Brazilian Money Texture Replacer] Coin Root: 10 Cent Pack
[Info   :Brazilian Money Texture Replacer] Renderer: SM_Coin_10_Cents
[Info   :Brazilian Money Texture Replacer] Material: M_Money (Instance)
[Info   :Brazilian Money Texture Replacer] Material InstanceID: -85936
[Info   :Brazilian Money Texture Replacer] Property: _MainTex
[Info   :Brazilian Money Texture Replacer] Texture anterior: T_Money_AlbedoTransparency
[Info   :Brazilian Money Texture Replacer] Texture nova: BrazilianCoinAtlas_RUNTIME
[Info   :Brazilian Money Texture Replacer] ########################################
[Info   :Brazilian Money Texture Replacer] Renderer de moeda encontrado: SM_Coin_10_Cents
[Info   :Brazilian Money Texture Replacer] Material encontrado: M_Money (Instance) | InstanceID=-85938
[Info   :Brazilian Money Texture Replacer] Property: _BaseMap | Texture atual: T_Money_AlbedoTransparency
[Info   :Brazilian Money Texture Replacer] ########################################
[Info   :Brazilian Money Texture Replacer] TEXTURA SUBSTITUIDA
[Info   :Brazilian Money Texture Replacer] Coin Root: 10 Cent Pack
[Info   :Brazilian Money Texture Replacer] Renderer: SM_Coin_10_Cents
[Info   :Brazilian Money Texture Replacer] Material: M_Money (Instance)
[Info   :Brazilian Money Texture Replacer] Material InstanceID: -85938
[Info   :Brazilian Money Texture Replacer] Property: _BaseMap
[Info   :Brazilian Money Texture Replacer] Texture anterior: T_Money_AlbedoTransparency
[Info   :Brazilian Money Texture Replacer] Texture nova: BrazilianCoinAtlas_RUNTIME
[Info   :Brazilian Money Texture Replacer] ########################################
[Info   :Brazilian Money Texture Replacer] Property: _MainTex | Texture atual: T_Money_AlbedoTransparency
[Info   :Brazilian Money Texture Replacer] ########################################
[Info   :Brazilian Money Texture Replacer] TEXTURA SUBSTITUIDA
[Info   :Brazilian Money Texture Replacer] Coin Root: 10 Cent Pack
[Info   :Brazilian Money Texture Replacer] Renderer: SM_Coin_10_Cents
[Info   :Brazilian Money Texture Replacer] Material: M_Money (Instance)
[Info   :Brazilian Money Texture Replacer] Material InstanceID: -85938
[Info   :Brazilian Money Texture Replacer] Property: _MainTex
[Info   :Brazilian Money Texture Replacer] Texture anterior: T_Money_AlbedoTransparency
[Info   :Brazilian Money Texture Replacer] Texture nova: BrazilianCoinAtlas_RUNTIME
[Info   :Brazilian Money Texture Replacer] ########################################
[Info   :Brazilian Money Texture Replacer] Renderer de moeda encontrado: SM_Coin_10_Cents
[Info   :Brazilian Money Texture Replacer] Material encontrado: M_Money (Instance) | InstanceID=-85940
[Info   :Brazilian Money Texture Replacer] Property: _BaseMap | Texture atual: T_Money_AlbedoTransparency
[Info   :Brazilian Money Texture Replacer] ########################################
[Info   :Brazilian Money Texture Replacer] TEXTURA SUBSTITUIDA
[Info   :Brazilian Money Texture Replacer] Coin Root: 10 Cent Pack
[Info   :Brazilian Money Texture Replacer] Renderer: SM_Coin_10_Cents
[Info   :Brazilian Money Texture Replacer] Material: M_Money (Instance)
[Info   :Brazilian Money Texture Replacer] Material InstanceID: -85940
[Info   :Brazilian Money Texture Replacer] Property: _BaseMap
[Info   :Brazilian Money Texture Replacer] Texture anterior: T_Money_AlbedoTransparency
[Info   :Brazilian Money Texture Replacer] Texture nova: BrazilianCoinAtlas_RUNTIME
[Info   :Brazilian Money Texture Replacer] ########################################
[Info   :Brazilian Money Texture Replacer] Property: _MainTex | Texture atual: T_Money_AlbedoTransparency
[Info   :Brazilian Money Texture Replacer] ########################################
[Info   :Brazilian Money Texture Replacer] TEXTURA SUBSTITUIDA
[Info   :Brazilian Money Texture Replacer] Coin Root: 10 Cent Pack
[Info   :Brazilian Money Texture Replacer] Renderer: SM_Coin_10_Cents
[Info   :Brazilian Money Texture Replacer] Material: M_Money (Instance)
[Info   :Brazilian Money Texture Replacer] Material InstanceID: -85940
[Info   :Brazilian Money Texture Replacer] Property: _MainTex
[Info   :Brazilian Money Texture Replacer] Texture anterior: T_Money_AlbedoTransparency
[Info   :Brazilian Money Texture Replacer] Texture nova: BrazilianCoinAtlas_RUNTIME
[Info   :Brazilian Money Texture Replacer] ########################################
[Info   :Brazilian Money Texture Replacer] Renderer de moeda encontrado: SM_Coin_10_Cents
[Info   :Brazilian Money Texture Replacer] Material encontrado: M_Money (Instance) | InstanceID=-85942
[Info   :Brazilian Money Texture Replacer] Property: _BaseMap | Texture atual: T_Money_AlbedoTransparency
[Info   :Brazilian Money Texture Replacer] ########################################
[Info   :Brazilian Money Texture Replacer] TEXTURA SUBSTITUIDA
[Info   :Brazilian Money Texture Replacer] Coin Root: 10 Cent Pack
[Info   :Brazilian Money Texture Replacer] Renderer: SM_Coin_10_Cents
[Info   :Brazilian Money Texture Replacer] Material: M_Money (Instance)
[Info   :Brazilian Money Texture Replacer] Material InstanceID: -85942
[Info   :Brazilian Money Texture Replacer] Property: _BaseMap
[Info   :Brazilian Money Texture Replacer] Texture anterior: T_Money_AlbedoTransparency
[Info   :Brazilian Money Texture Replacer] Texture nova: BrazilianCoinAtlas_RUNTIME
[Info   :Brazilian Money Texture Replacer] ########################################
[Info   :Brazilian Money Texture Replacer] Property: _MainTex | Texture atual: T_Money_AlbedoTransparency
[Info   :Brazilian Money Texture Replacer] ########################################
[Info   :Brazilian Money Texture Replacer] TEXTURA SUBSTITUIDA
[Info   :Brazilian Money Texture Replacer] Coin Root: 10 Cent Pack
[Info   :Brazilian Money Texture Replacer] Renderer: SM_Coin_10_Cents
[Info   :Brazilian Money Texture Replacer] Material: M_Money (Instance)
[Info   :Brazilian Money Texture Replacer] Material InstanceID: -85942
[Info   :Brazilian Money Texture Replacer] Property: _MainTex
[Info   :Brazilian Money Texture Replacer] Texture anterior: T_Money_AlbedoTransparency
[Info   :Brazilian Money Texture Replacer] Texture nova: BrazilianCoinAtlas_RUNTIME
[Info   :Brazilian Money Texture Replacer] ########################################
[Info   :Brazilian Money Texture Replacer] Renderer de moeda encontrado: SM_Coin_10_Cents
[Info   :Brazilian Money Texture Replacer] Material encontrado: M_Money (Instance) | InstanceID=-85944
[Info   :Brazilian Money Texture Replacer] Property: _BaseMap | Texture atual: T_Money_AlbedoTransparency
[Info   :Brazilian Money Texture Replacer] ########################################
[Info   :Brazilian Money Texture Replacer] TEXTURA SUBSTITUIDA
[Info   :Brazilian Money Texture Replacer] Coin Root: 10 Cent Pack
[Info   :Brazilian Money Texture Replacer] Renderer: SM_Coin_10_Cents
[Info   :Brazilian Money Texture Replacer] Material: M_Money (Instance)
[Info   :Brazilian Money Texture Replacer] Material InstanceID: -85944
[Info   :Brazilian Money Texture Replacer] Property: _BaseMap
[Info   :Brazilian Money Texture Replacer] Texture anterior: T_Money_AlbedoTransparency
[Info   :Brazilian Money Texture Replacer] Texture nova: BrazilianCoinAtlas_RUNTIME
[Info   :Brazilian Money Texture Replacer] ########################################
[Info   :Brazilian Money Texture Replacer] Property: _MainTex | Texture atual: T_Money_AlbedoTransparency
[Info   :Brazilian Money Texture Replacer] ########################################
[Info   :Brazilian Money Texture Replacer] TEXTURA SUBSTITUIDA
[Info   :Brazilian Money Texture Replacer] Coin Root: 10 Cent Pack
[Info   :Brazilian Money Texture Replacer] Renderer: SM_Coin_10_Cents
[Info   :Brazilian Money Texture Replacer] Material: M_Money (Instance)
[Info   :Brazilian Money Texture Replacer] Material InstanceID: -85944
[Info   :Brazilian Money Texture Replacer] Property: _MainTex
[Info   :Brazilian Money Texture Replacer] Texture anterior: T_Money_AlbedoTransparency
[Info   :Brazilian Money Texture Replacer] Texture nova: BrazilianCoinAtlas_RUNTIME
[Info   :Brazilian Money Texture Replacer] ########################################
[Info   :Brazilian Money Texture Replacer] Renderer de moeda encontrado: SM_Coin_10_Cents
[Info   :Brazilian Money Texture Replacer] Material encontrado: M_Money (Instance) | InstanceID=-85946
[Info   :Brazilian Money Texture Replacer] Property: _BaseMap | Texture atual: T_Money_AlbedoTransparency
[Info   :Brazilian Money Texture Replacer] ########################################
[Info   :Brazilian Money Texture Replacer] TEXTURA SUBSTITUIDA
[Info   :Brazilian Money Texture Replacer] Coin Root: 10 Cent Pack
[Info   :Brazilian Money Texture Replacer] Renderer: SM_Coin_10_Cents
[Info   :Brazilian Money Texture Replacer] Material: M_Money (Instance)
[Info   :Brazilian Money Texture Replacer] Material InstanceID: -85946
[Info   :Brazilian Money Texture Replacer] Property: _BaseMap
[Info   :Brazilian Money Texture Replacer] Texture anterior: T_Money_AlbedoTransparency
[Info   :Brazilian Money Texture Replacer] Texture nova: BrazilianCoinAtlas_RUNTIME
[Info   :Brazilian Money Texture Replacer] ########################################
[Info   :Brazilian Money Texture Replacer] Property: _MainTex | Texture atual: T_Money_AlbedoTransparency
[Info   :Brazilian Money Texture Replacer] ########################################
[Info   :Brazilian Money Texture Replacer] TEXTURA SUBSTITUIDA
[Info   :Brazilian Money Texture Replacer] Coin Root: 10 Cent Pack
[Info   :Brazilian Money Texture Replacer] Renderer: SM_Coin_10_Cents
[Info   :Brazilian Money Texture Replacer] Material: M_Money (Instance)
[Info   :Brazilian Money Texture Replacer] Material InstanceID: -85946
[Info   :Brazilian Money Texture Replacer] Property: _MainTex
[Info   :Brazilian Money Texture Replacer] Texture anterior: T_Money_AlbedoTransparency
[Info   :Brazilian Money Texture Replacer] Texture nova: BrazilianCoinAtlas_RUNTIME
[Info   :Brazilian Money Texture Replacer] ########################################
[Info   :Brazilian Money Texture Replacer] Renderer de moeda encontrado: SM_Coin_10_Cents
[Info   :Brazilian Money Texture Replacer] Material encontrado: M_Money (Instance) | InstanceID=-85948
[Info   :Brazilian Money Texture Replacer] Property: _BaseMap | Texture atual: T_Money_AlbedoTransparency
[Info   :Brazilian Money Texture Replacer] ########################################
[Info   :Brazilian Money Texture Replacer] TEXTURA SUBSTITUIDA
[Info   :Brazilian Money Texture Replacer] Coin Root: 10 Cent Pack
[Info   :Brazilian Money Texture Replacer] Renderer: SM_Coin_10_Cents
[Info   :Brazilian Money Texture Replacer] Material: M_Money (Instance)
[Info   :Brazilian Money Texture Replacer] Material InstanceID: -85948
[Info   :Brazilian Money Texture Replacer] Property: _BaseMap
[Info   :Brazilian Money Texture Replacer] Texture anterior: T_Money_AlbedoTransparency
[Info   :Brazilian Money Texture Replacer] Texture nova: BrazilianCoinAtlas_RUNTIME
[Info   :Brazilian Money Texture Replacer] ########################################
[Info   :Brazilian Money Texture Replacer] Property: _MainTex | Texture atual: T_Money_AlbedoTransparency
[Info   :Brazilian Money Texture Replacer] ########################################
[Info   :Brazilian Money Texture Replacer] TEXTURA SUBSTITUIDA
[Info   :Brazilian Money Texture Replacer] Coin Root: 10 Cent Pack
[Info   :Brazilian Money Texture Replacer] Renderer: SM_Coin_10_Cents
[Info   :Brazilian Money Texture Replacer] Material: M_Money (Instance)
[Info   :Brazilian Money Texture Replacer] Material InstanceID: -85948
[Info   :Brazilian Money Texture Replacer] Property: _MainTex
[Info   :Brazilian Money Texture Replacer] Texture anterior: T_Money_AlbedoTransparency
[Info   :Brazilian Money Texture Replacer] Texture nova: BrazilianCoinAtlas_RUNTIME
[Info   :Brazilian Money Texture Replacer] ########################################
[Info   :Brazilian Money Texture Replacer] Renderer de moeda encontrado: SM_Coin_10_Cents
[Info   :Brazilian Money Texture Replacer] Material encontrado: M_Money (Instance) | InstanceID=-85950
[Info   :Brazilian Money Texture Replacer] Property: _BaseMap | Texture atual: T_Money_AlbedoTransparency
[Info   :Brazilian Money Texture Replacer] ########################################
[Info   :Brazilian Money Texture Replacer] TEXTURA SUBSTITUIDA
[Info   :Brazilian Money Texture Replacer] Coin Root: 10 Cent Pack
[Info   :Brazilian Money Texture Replacer] Renderer: SM_Coin_10_Cents
[Info   :Brazilian Money Texture Replacer] Material: M_Money (Instance)
[Info   :Brazilian Money Texture Replacer] Material InstanceID: -85950
[Info   :Brazilian Money Texture Replacer] Property: _BaseMap
[Info   :Brazilian Money Texture Replacer] Texture anterior: T_Money_AlbedoTransparency
[Info   :Brazilian Money Texture Replacer] Texture nova: BrazilianCoinAtlas_RUNTIME
[Info   :Brazilian Money Texture Replacer] ########################################
[Info   :Brazilian Money Texture Replacer] Property: _MainTex | Texture atual: T_Money_AlbedoTransparency
[Info   :Brazilian Money Texture Replacer] ########################################
[Info   :Brazilian Money Texture Replacer] TEXTURA SUBSTITUIDA
[Info   :Brazilian Money Texture Replacer] Coin Root: 10 Cent Pack
[Info   :Brazilian Money Texture Replacer] Renderer: SM_Coin_10_Cents
[Info   :Brazilian Money Texture Replacer] Material: M_Money (Instance)
[Info   :Brazilian Money Texture Replacer] Material InstanceID: -85950
[Info   :Brazilian Money Texture Replacer] Property: _MainTex
[Info   :Brazilian Money Texture Replacer] Texture anterior: T_Money_AlbedoTransparency
[Info   :Brazilian Money Texture Replacer] Texture nova: BrazilianCoinAtlas_RUNTIME
[Info   :Brazilian Money Texture Replacer] ########################################
[Info   :Brazilian Money Texture Replacer] Renderer de moeda encontrado: SM_Coin_10_Cents
[Info   :Brazilian Money Texture Replacer] Material encontrado: M_Money (Instance) | InstanceID=-85952
[Info   :Brazilian Money Texture Replacer] Property: _BaseMap | Texture atual: T_Money_AlbedoTransparency
[Info   :Brazilian Money Texture Replacer] ########################################
[Info   :Brazilian Money Texture Replacer] TEXTURA SUBSTITUIDA
[Info   :Brazilian Money Texture Replacer] Coin Root: 10 Cent Pack
[Info   :Brazilian Money Texture Replacer] Renderer: SM_Coin_10_Cents
[Info   :Brazilian Money Texture Replacer] Material: M_Money (Instance)
[Info   :Brazilian Money Texture Replacer] Material InstanceID: -85952
[Info   :Brazilian Money Texture Replacer] Property: _BaseMap
[Info   :Brazilian Money Texture Replacer] Texture anterior: T_Money_AlbedoTransparency
[Info   :Brazilian Money Texture Replacer] Texture nova: BrazilianCoinAtlas_RUNTIME
[Info   :Brazilian Money Texture Replacer] ########################################
[Info   :Brazilian Money Texture Replacer] Property: _MainTex | Texture atual: T_Money_AlbedoTransparency
[Info   :Brazilian Money Texture Replacer] ########################################
[Info   :Brazilian Money Texture Replacer] TEXTURA SUBSTITUIDA
[Info   :Brazilian Money Texture Replacer] Coin Root: 10 Cent Pack
[Info   :Brazilian Money Texture Replacer] Renderer: SM_Coin_10_Cents
[Info   :Brazilian Money Texture Replacer] Material: M_Money (Instance)
[Info   :Brazilian Money Texture Replacer] Material InstanceID: -85952
[Info   :Brazilian Money Texture Replacer] Property: _MainTex
[Info   :Brazilian Money Texture Replacer] Texture anterior: T_Money_AlbedoTransparency
[Info   :Brazilian Money Texture Replacer] Texture nova: BrazilianCoinAtlas_RUNTIME
[Info   :Brazilian Money Texture Replacer] ########################################
[Info   :Brazilian Money Texture Replacer] Renderer de moeda encontrado: SM_Coin_10_Cents
[Info   :Brazilian Money Texture Replacer] Material encontrado: M_Money (Instance) | InstanceID=-85954
[Info   :Brazilian Money Texture Replacer] Property: _BaseMap | Texture atual: T_Money_AlbedoTransparency
[Info   :Brazilian Money Texture Replacer] ########################################
[Info   :Brazilian Money Texture Replacer] TEXTURA SUBSTITUIDA
[Info   :Brazilian Money Texture Replacer] Coin Root: 10 Cent Pack
[Info   :Brazilian Money Texture Replacer] Renderer: SM_Coin_10_Cents
[Info   :Brazilian Money Texture Replacer] Material: M_Money (Instance)
[Info   :Brazilian Money Texture Replacer] Material InstanceID: -85954
[Info   :Brazilian Money Texture Replacer] Property: _BaseMap
[Info   :Brazilian Money Texture Replacer] Texture anterior: T_Money_AlbedoTransparency
[Info   :Brazilian Money Texture Replacer] Texture nova: BrazilianCoinAtlas_RUNTIME
[Info   :Brazilian Money Texture Replacer] ########################################
[Info   :Brazilian Money Texture Replacer] Property: _MainTex | Texture atual: T_Money_AlbedoTransparency
[Info   :Brazilian Money Texture Replacer] ########################################
[Info   :Brazilian Money Texture Replacer] TEXTURA SUBSTITUIDA
[Info   :Brazilian Money Texture Replacer] Coin Root: 10 Cent Pack
[Info   :Brazilian Money Texture Replacer] Renderer: SM_Coin_10_Cents
[Info   :Brazilian Money Texture Replacer] Material: M_Money (Instance)
[Info   :Brazilian Money Texture Replacer] Material InstanceID: -85954
[Info   :Brazilian Money Texture Replacer] Property: _MainTex
[Info   :Brazilian Money Texture Replacer] Texture anterior: T_Money_AlbedoTransparency
[Info   :Brazilian Money Texture Replacer] Texture nova: BrazilianCoinAtlas_RUNTIME
[Info   :Brazilian Money Texture Replacer] ########################################
[Info   :Brazilian Money Texture Replacer] Renderer de moeda encontrado: SM_Coin_10_Cents
[Info   :Brazilian Money Texture Replacer] Material encontrado: M_Money (Instance) | InstanceID=-85956
[Info   :Brazilian Money Texture Replacer] Property: _BaseMap | Texture atual: T_Money_AlbedoTransparency
[Info   :Brazilian Money Texture Replacer] ########################################
[Info   :Brazilian Money Texture Replacer] TEXTURA SUBSTITUIDA
[Info   :Brazilian Money Texture Replacer] Coin Root: 10 Cent Pack
[Info   :Brazilian Money Texture Replacer] Renderer: SM_Coin_10_Cents
[Info   :Brazilian Money Texture Replacer] Material: M_Money (Instance)
[Info   :Brazilian Money Texture Replacer] Material InstanceID: -85956
[Info   :Brazilian Money Texture Replacer] Property: _BaseMap
[Info   :Brazilian Money Texture Replacer] Texture anterior: T_Money_AlbedoTransparency
[Info   :Brazilian Money Texture Replacer] Texture nova: BrazilianCoinAtlas_RUNTIME
[Info   :Brazilian Money Texture Replacer] ########################################
[Info   :Brazilian Money Texture Replacer] Property: _MainTex | Texture atual: T_Money_AlbedoTransparency
[Info   :Brazilian Money Texture Replacer] ########################################
[Info   :Brazilian Money Texture Replacer] TEXTURA SUBSTITUIDA
[Info   :Brazilian Money Texture Replacer] Coin Root: 10 Cent Pack
[Info   :Brazilian Money Texture Replacer] Renderer: SM_Coin_10_Cents
[Info   :Brazilian Money Texture Replacer] Material: M_Money (Instance)
[Info   :Brazilian Money Texture Replacer] Material InstanceID: -85956
[Info   :Brazilian Money Texture Replacer] Property: _MainTex
[Info   :Brazilian Money Texture Replacer] Texture anterior: T_Money_AlbedoTransparency
[Info   :Brazilian Money Texture Replacer] Texture nova: BrazilianCoinAtlas_RUNTIME
[Info   :Brazilian Money Texture Replacer] ########################################
[Info   :Brazilian Money Texture Replacer] Renderer de moeda encontrado: SM_Coin_10_Cents
[Info   :Brazilian Money Texture Replacer] Material encontrado: M_Money (Instance) | InstanceID=-85958
[Info   :Brazilian Money Texture Replacer] Property: _BaseMap | Texture atual: T_Money_AlbedoTransparency
[Info   :Brazilian Money Texture Replacer] ########################################
[Info   :Brazilian Money Texture Replacer] TEXTURA SUBSTITUIDA
[Info   :Brazilian Money Texture Replacer] Coin Root: 10 Cent Pack
[Info   :Brazilian Money Texture Replacer] Renderer: SM_Coin_10_Cents
[Info   :Brazilian Money Texture Replacer] Material: M_Money (Instance)
[Info   :Brazilian Money Texture Replacer] Material InstanceID: -85958
[Info   :Brazilian Money Texture Replacer] Property: _BaseMap
[Info   :Brazilian Money Texture Replacer] Texture anterior: T_Money_AlbedoTransparency
[Info   :Brazilian Money Texture Replacer] Texture nova: BrazilianCoinAtlas_RUNTIME
[Info   :Brazilian Money Texture Replacer] ########################################
[Info   :Brazilian Money Texture Replacer] Property: _MainTex | Texture atual: T_Money_AlbedoTransparency
[Info   :Brazilian Money Texture Replacer] ########################################
[Info   :Brazilian Money Texture Replacer] TEXTURA SUBSTITUIDA
[Info   :Brazilian Money Texture Replacer] Coin Root: 10 Cent Pack
[Info   :Brazilian Money Texture Replacer] Renderer: SM_Coin_10_Cents
[Info   :Brazilian Money Texture Replacer] Material: M_Money (Instance)
[Info   :Brazilian Money Texture Replacer] Material InstanceID: -85958
[Info   :Brazilian Money Texture Replacer] Property: _MainTex
[Info   :Brazilian Money Texture Replacer] Texture anterior: T_Money_AlbedoTransparency
[Info   :Brazilian Money Texture Replacer] Texture nova: BrazilianCoinAtlas_RUNTIME
[Info   :Brazilian Money Texture Replacer] ########################################
[Info   :Brazilian Money Texture Replacer] Renderer de moeda encontrado: SM_Coin_10_Cents
[Info   :Brazilian Money Texture Replacer] Material encontrado: M_Money (Instance) | InstanceID=-85960
[Info   :Brazilian Money Texture Replacer] Property: _BaseMap | Texture atual: T_Money_AlbedoTransparency
[Info   :Brazilian Money Texture Replacer] ########################################
[Info   :Brazilian Money Texture Replacer] TEXTURA SUBSTITUIDA
[Info   :Brazilian Money Texture Replacer] Coin Root: 10 Cent Pack
[Info   :Brazilian Money Texture Replacer] Renderer: SM_Coin_10_Cents
[Info   :Brazilian Money Texture Replacer] Material: M_Money (Instance)
[Info   :Brazilian Money Texture Replacer] Material InstanceID: -85960
[Info   :Brazilian Money Texture Replacer] Property: _BaseMap
[Info   :Brazilian Money Texture Replacer] Texture anterior: T_Money_AlbedoTransparency
[Info   :Brazilian Money Texture Replacer] Texture nova: BrazilianCoinAtlas_RUNTIME
[Info   :Brazilian Money Texture Replacer] ########################################
[Info   :Brazilian Money Texture Replacer] Property: _MainTex | Texture atual: T_Money_AlbedoTransparency
[Info   :Brazilian Money Texture Replacer] ########################################
[Info   :Brazilian Money Texture Replacer] TEXTURA SUBSTITUIDA
[Info   :Brazilian Money Texture Replacer] Coin Root: 10 Cent Pack
[Info   :Brazilian Money Texture Replacer] Renderer: SM_Coin_10_Cents
[Info   :Brazilian Money Texture Replacer] Material: M_Money (Instance)
[Info   :Brazilian Money Texture Replacer] Material InstanceID: -85960
[Info   :Brazilian Money Texture Replacer] Property: _MainTex
[Info   :Brazilian Money Texture Replacer] Texture anterior: T_Money_AlbedoTransparency
[Info   :Brazilian Money Texture Replacer] Texture nova: BrazilianCoinAtlas_RUNTIME
[Info   :Brazilian Money Texture Replacer] ########################################
[Info   :Brazilian Money Texture Replacer] Renderer de moeda encontrado: SM_Coin_10_Cents
[Info   :Brazilian Money Texture Replacer] Material encontrado: M_Money (Instance) | InstanceID=-85962
[Info   :Brazilian Money Texture Replacer] Property: _BaseMap | Texture atual: T_Money_AlbedoTransparency
[Info   :Brazilian Money Texture Replacer] ########################################
[Info   :Brazilian Money Texture Replacer] TEXTURA SUBSTITUIDA
[Info   :Brazilian Money Texture Replacer] Coin Root: 10 Cent Pack
[Info   :Brazilian Money Texture Replacer] Renderer: SM_Coin_10_Cents
[Info   :Brazilian Money Texture Replacer] Material: M_Money (Instance)
[Info   :Brazilian Money Texture Replacer] Material InstanceID: -85962
[Info   :Brazilian Money Texture Replacer] Property: _BaseMap
[Info   :Brazilian Money Texture Replacer] Texture anterior: T_Money_AlbedoTransparency
[Info   :Brazilian Money Texture Replacer] Texture nova: BrazilianCoinAtlas_RUNTIME
[Info   :Brazilian Money Texture Replacer] ########################################
[Info   :Brazilian Money Texture Replacer] Property: _MainTex | Texture atual: T_Money_AlbedoTransparency
[Info   :Brazilian Money Texture Replacer] ########################################
[Info   :Brazilian Money Texture Replacer] TEXTURA SUBSTITUIDA
[Info   :Brazilian Money Texture Replacer] Coin Root: 10 Cent Pack
[Info   :Brazilian Money Texture Replacer] Renderer: SM_Coin_10_Cents
[Info   :Brazilian Money Texture Replacer] Material: M_Money (Instance)
[Info   :Brazilian Money Texture Replacer] Material InstanceID: -85962
[Info   :Brazilian Money Texture Replacer] Property: _MainTex
[Info   :Brazilian Money Texture Replacer] Texture anterior: T_Money_AlbedoTransparency
[Info   :Brazilian Money Texture Replacer] Texture nova: BrazilianCoinAtlas_RUNTIME
[Info   :Brazilian Money Texture Replacer] ########################################
[Info   :Brazilian Money Texture Replacer] Renderer de moeda encontrado: SM_Coin_10_Cents
[Info   :Brazilian Money Texture Replacer] Material encontrado: M_Money (Instance) | InstanceID=-85964
[Info   :Brazilian Money Texture Replacer] Property: _BaseMap | Texture atual: T_Money_AlbedoTransparency
[Info   :Brazilian Money Texture Replacer] ########################################
[Info   :Brazilian Money Texture Replacer] TEXTURA SUBSTITUIDA
[Info   :Brazilian Money Texture Replacer] Coin Root: 10 Cent Pack
[Info   :Brazilian Money Texture Replacer] Renderer: SM_Coin_10_Cents
[Info   :Brazilian Money Texture Replacer] Material: M_Money (Instance)
[Info   :Brazilian Money Texture Replacer] Material InstanceID: -85964
[Info   :Brazilian Money Texture Replacer] Property: _BaseMap
[Info   :Brazilian Money Texture Replacer] Texture anterior: T_Money_AlbedoTransparency
[Info   :Brazilian Money Texture Replacer] Texture nova: BrazilianCoinAtlas_RUNTIME
[Info   :Brazilian Money Texture Replacer] ########################################
[Info   :Brazilian Money Texture Replacer] Property: _MainTex | Texture atual: T_Money_AlbedoTransparency
[Info   :Brazilian Money Texture Replacer] ########################################
[Info   :Brazilian Money Texture Replacer] TEXTURA SUBSTITUIDA
[Info   :Brazilian Money Texture Replacer] Coin Root: 10 Cent Pack
[Info   :Brazilian Money Texture Replacer] Renderer: SM_Coin_10_Cents
[Info   :Brazilian Money Texture Replacer] Material: M_Money (Instance)
[Info   :Brazilian Money Texture Replacer] Material InstanceID: -85964
[Info   :Brazilian Money Texture Replacer] Property: _MainTex
[Info   :Brazilian Money Texture Replacer] Texture anterior: T_Money_AlbedoTransparency
[Info   :Brazilian Money Texture Replacer] Texture nova: BrazilianCoinAtlas_RUNTIME
[Info   :Brazilian Money Texture Replacer] ########################################
[Info   :Brazilian Money Texture Replacer] Renderer de moeda encontrado: SM_Coin_10_Cents
[Info   :Brazilian Money Texture Replacer] Material encontrado: M_Money (Instance) | InstanceID=-85966
[Info   :Brazilian Money Texture Replacer] Property: _BaseMap | Texture atual: T_Money_AlbedoTransparency
[Info   :Brazilian Money Texture Replacer] ########################################
[Info   :Brazilian Money Texture Replacer] TEXTURA SUBSTITUIDA
[Info   :Brazilian Money Texture Replacer] Coin Root: 10 Cent Pack
[Info   :Brazilian Money Texture Replacer] Renderer: SM_Coin_10_Cents
[Info   :Brazilian Money Texture Replacer] Material: M_Money (Instance)
[Info   :Brazilian Money Texture Replacer] Material InstanceID: -85966
[Info   :Brazilian Money Texture Replacer] Property: _BaseMap
[Info   :Brazilian Money Texture Replacer] Texture anterior: T_Money_AlbedoTransparency
[Info   :Brazilian Money Texture Replacer] Texture nova: BrazilianCoinAtlas_RUNTIME
[Info   :Brazilian Money Texture Replacer] ########################################
[Info   :Brazilian Money Texture Replacer] Property: _MainTex | Texture atual: T_Money_AlbedoTransparency
[Info   :Brazilian Money Texture Replacer] ########################################
[Info   :Brazilian Money Texture Replacer] TEXTURA SUBSTITUIDA
[Info   :Brazilian Money Texture Replacer] Coin Root: 10 Cent Pack
[Info   :Brazilian Money Texture Replacer] Renderer: SM_Coin_10_Cents
[Info   :Brazilian Money Texture Replacer] Material: M_Money (Instance)
[Info   :Brazilian Money Texture Replacer] Material InstanceID: -85966
[Info   :Brazilian Money Texture Replacer] Property: _MainTex
[Info   :Brazilian Money Texture Replacer] Texture anterior: T_Money_AlbedoTransparency
[Info   :Brazilian Money Texture Replacer] Texture nova: BrazilianCoinAtlas_RUNTIME
[Info   :Brazilian Money Texture Replacer] ########################################
[Info   :Brazilian Money Texture Replacer] Renderer de moeda encontrado: SM_Coin_10_Cents
[Info   :Brazilian Money Texture Replacer] Material encontrado: M_Money (Instance) | InstanceID=-85968
[Info   :Brazilian Money Texture Replacer] Property: _BaseMap | Texture atual: T_Money_AlbedoTransparency
[Info   :Brazilian Money Texture Replacer] ########################################
[Info   :Brazilian Money Texture Replacer] TEXTURA SUBSTITUIDA
[Info   :Brazilian Money Texture Replacer] Coin Root: 10 Cent Pack
[Info   :Brazilian Money Texture Replacer] Renderer: SM_Coin_10_Cents
[Info   :Brazilian Money Texture Replacer] Material: M_Money (Instance)
[Info   :Brazilian Money Texture Replacer] Material InstanceID: -85968
[Info   :Brazilian Money Texture Replacer] Property: _BaseMap
[Info   :Brazilian Money Texture Replacer] Texture anterior: T_Money_AlbedoTransparency
[Info   :Brazilian Money Texture Replacer] Texture nova: BrazilianCoinAtlas_RUNTIME
[Info   :Brazilian Money Texture Replacer] ########################################
[Info   :Brazilian Money Texture Replacer] Property: _MainTex | Texture atual: T_Money_AlbedoTransparency
[Info   :Brazilian Money Texture Replacer] ########################################
[Info   :Brazilian Money Texture Replacer] TEXTURA SUBSTITUIDA
[Info   :Brazilian Money Texture Replacer] Coin Root: 10 Cent Pack
[Info   :Brazilian Money Texture Replacer] Renderer: SM_Coin_10_Cents
[Info   :Brazilian Money Texture Replacer] Material: M_Money (Instance)
[Info   :Brazilian Money Texture Replacer] Material InstanceID: -85968
[Info   :Brazilian Money Texture Replacer] Property: _MainTex
[Info   :Brazilian Money Texture Replacer] Texture anterior: T_Money_AlbedoTransparency
[Info   :Brazilian Money Texture Replacer] Texture nova: BrazilianCoinAtlas_RUNTIME
[Info   :Brazilian Money Texture Replacer] ########################################
[Info   :Brazilian Money Texture Replacer] Renderer de moeda encontrado: SM_Coin_10_Cents
[Info   :Brazilian Money Texture Replacer] Material encontrado: M_Money (Instance) | InstanceID=-85970
[Info   :Brazilian Money Texture Replacer] Property: _BaseMap | Texture atual: T_Money_AlbedoTransparency
[Info   :Brazilian Money Texture Replacer] ########################################
[Info   :Brazilian Money Texture Replacer] TEXTURA SUBSTITUIDA
[Info   :Brazilian Money Texture Replacer] Coin Root: 10 Cent Pack
[Info   :Brazilian Money Texture Replacer] Renderer: SM_Coin_10_Cents
[Info   :Brazilian Money Texture Replacer] Material: M_Money (Instance)
[Info   :Brazilian Money Texture Replacer] Material InstanceID: -85970
[Info   :Brazilian Money Texture Replacer] Property: _BaseMap
[Info   :Brazilian Money Texture Replacer] Texture anterior: T_Money_AlbedoTransparency
[Info   :Brazilian Money Texture Replacer] Texture nova: BrazilianCoinAtlas_RUNTIME
[Info   :Brazilian Money Texture Replacer] ########################################
[Info   :Brazilian Money Texture Replacer] Property: _MainTex | Texture atual: T_Money_AlbedoTransparency
[Info   :Brazilian Money Texture Replacer] ########################################
[Info   :Brazilian Money Texture Replacer] TEXTURA SUBSTITUIDA
[Info   :Brazilian Money Texture Replacer] Coin Root: 10 Cent Pack
[Info   :Brazilian Money Texture Replacer] Renderer: SM_Coin_10_Cents
[Info   :Brazilian Money Texture Replacer] Material: M_Money (Instance)
[Info   :Brazilian Money Texture Replacer] Material InstanceID: -85970
[Info   :Brazilian Money Texture Replacer] Property: _MainTex
[Info   :Brazilian Money Texture Replacer] Texture anterior: T_Money_AlbedoTransparency
[Info   :Brazilian Money Texture Replacer] Texture nova: BrazilianCoinAtlas_RUNTIME
[Info   :Brazilian Money Texture Replacer] ########################################
[Info   :Brazilian Money Texture Replacer] Renderer de moeda encontrado: SM_Coin_10_Cents
[Info   :Brazilian Money Texture Replacer] Material encontrado: M_Money (Instance) | InstanceID=-85972
[Info   :Brazilian Money Texture Replacer] Property: _BaseMap | Texture atual: T_Money_AlbedoTransparency
[Info   :Brazilian Money Texture Replacer] ########################################
[Info   :Brazilian Money Texture Replacer] TEXTURA SUBSTITUIDA
[Info   :Brazilian Money Texture Replacer] Coin Root: 10 Cent Pack
[Info   :Brazilian Money Texture Replacer] Renderer: SM_Coin_10_Cents
[Info   :Brazilian Money Texture Replacer] Material: M_Money (Instance)
[Info   :Brazilian Money Texture Replacer] Material InstanceID: -85972
[Info   :Brazilian Money Texture Replacer] Property: _BaseMap
[Info   :Brazilian Money Texture Replacer] Texture anterior: T_Money_AlbedoTransparency
[Info   :Brazilian Money Texture Replacer] Texture nova: BrazilianCoinAtlas_RUNTIME
[Info   :Brazilian Money Texture Replacer] ########################################
[Info   :Brazilian Money Texture Replacer] Property: _MainTex | Texture atual: T_Money_AlbedoTransparency
[Info   :Brazilian Money Texture Replacer] ########################################
[Info   :Brazilian Money Texture Replacer] TEXTURA SUBSTITUIDA
[Info   :Brazilian Money Texture Replacer] Coin Root: 10 Cent Pack
[Info   :Brazilian Money Texture Replacer] Renderer: SM_Coin_10_Cents
[Info   :Brazilian Money Texture Replacer] Material: M_Money (Instance)
[Info   :Brazilian Money Texture Replacer] Material InstanceID: -85972
[Info   :Brazilian Money Texture Replacer] Property: _MainTex
[Info   :Brazilian Money Texture Replacer] Texture anterior: T_Money_AlbedoTransparency
[Info   :Brazilian Money Texture Replacer] Texture nova: BrazilianCoinAtlas_RUNTIME
[Info   :Brazilian Money Texture Replacer] ########################################
[Info   :Brazilian Money Texture Replacer] Renderer de moeda encontrado: SM_Coin_10_Cents
[Info   :Brazilian Money Texture Replacer] Material encontrado: M_Money (Instance) | InstanceID=-85974
[Info   :Brazilian Money Texture Replacer] Property: _BaseMap | Texture atual: T_Money_AlbedoTransparency
[Info   :Brazilian Money Texture Replacer] ########################################
[Info   :Brazilian Money Texture Replacer] TEXTURA SUBSTITUIDA
[Info   :Brazilian Money Texture Replacer] Coin Root: 10 Cent Pack
[Info   :Brazilian Money Texture Replacer] Renderer: SM_Coin_10_Cents
[Info   :Brazilian Money Texture Replacer] Material: M_Money (Instance)
[Info   :Brazilian Money Texture Replacer] Material InstanceID: -85974
[Info   :Brazilian Money Texture Replacer] Property: _BaseMap
[Info   :Brazilian Money Texture Replacer] Texture anterior: T_Money_AlbedoTransparency
[Info   :Brazilian Money Texture Replacer] Texture nova: BrazilianCoinAtlas_RUNTIME
[Info   :Brazilian Money Texture Replacer] ########################################
[Info   :Brazilian Money Texture Replacer] Property: _MainTex | Texture atual: T_Money_AlbedoTransparency
[Info   :Brazilian Money Texture Replacer] ########################################
[Info   :Brazilian Money Texture Replacer] TEXTURA SUBSTITUIDA
[Info   :Brazilian Money Texture Replacer] Coin Root: 10 Cent Pack
[Info   :Brazilian Money Texture Replacer] Renderer: SM_Coin_10_Cents
[Info   :Brazilian Money Texture Replacer] Material: M_Money (Instance)
[Info   :Brazilian Money Texture Replacer] Material InstanceID: -85974
[Info   :Brazilian Money Texture Replacer] Property: _MainTex
[Info   :Brazilian Money Texture Replacer] Texture anterior: T_Money_AlbedoTransparency
[Info   :Brazilian Money Texture Replacer] Texture nova: BrazilianCoinAtlas_RUNTIME
[Info   :Brazilian Money Texture Replacer] ########################################
[Info   :Brazilian Money Texture Replacer] Renderer de moeda encontrado: SM_Coin_10_Cents
[Info   :Brazilian Money Texture Replacer] Material encontrado: M_Money (Instance) | InstanceID=-85976
[Info   :Brazilian Money Texture Replacer] Property: _BaseMap | Texture atual: T_Money_AlbedoTransparency
[Info   :Brazilian Money Texture Replacer] ########################################
[Info   :Brazilian Money Texture Replacer] TEXTURA SUBSTITUIDA
[Info   :Brazilian Money Texture Replacer] Coin Root: 10 Cent Pack
[Info   :Brazilian Money Texture Replacer] Renderer: SM_Coin_10_Cents
[Info   :Brazilian Money Texture Replacer] Material: M_Money (Instance)
[Info   :Brazilian Money Texture Replacer] Material InstanceID: -85976
[Info   :Brazilian Money Texture Replacer] Property: _BaseMap
[Info   :Brazilian Money Texture Replacer] Texture anterior: T_Money_AlbedoTransparency
[Info   :Brazilian Money Texture Replacer] Texture nova: BrazilianCoinAtlas_RUNTIME
[Info   :Brazilian Money Texture Replacer] ########################################
[Info   :Brazilian Money Texture Replacer] Property: _MainTex | Texture atual: T_Money_AlbedoTransparency
[Info   :Brazilian Money Texture Replacer] ########################################
[Info   :Brazilian Money Texture Replacer] TEXTURA SUBSTITUIDA
[Info   :Brazilian Money Texture Replacer] Coin Root: 10 Cent Pack
[Info   :Brazilian Money Texture Replacer] Renderer: SM_Coin_10_Cents
[Info   :Brazilian Money Texture Replacer] Material: M_Money (Instance)
[Info   :Brazilian Money Texture Replacer] Material InstanceID: -85976
[Info   :Brazilian Money Texture Replacer] Property: _MainTex
[Info   :Brazilian Money Texture Replacer] Texture anterior: T_Money_AlbedoTransparency
[Info   :Brazilian Money Texture Replacer] Texture nova: BrazilianCoinAtlas_RUNTIME
[Info   :Brazilian Money Texture Replacer] ########################################
[Info   :Brazilian Money Texture Replacer] Renderer de moeda encontrado: SM_Coin_10_Cents
[Info   :Brazilian Money Texture Replacer] Material encontrado: M_Money (Instance) | InstanceID=-85978
[Info   :Brazilian Money Texture Replacer] Property: _BaseMap | Texture atual: T_Money_AlbedoTransparency
[Info   :Brazilian Money Texture Replacer] ########################################
[Info   :Brazilian Money Texture Replacer] TEXTURA SUBSTITUIDA
[Info   :Brazilian Money Texture Replacer] Coin Root: 10 Cent Pack
[Info   :Brazilian Money Texture Replacer] Renderer: SM_Coin_10_Cents
[Info   :Brazilian Money Texture Replacer] Material: M_Money (Instance)
[Info   :Brazilian Money Texture Replacer] Material InstanceID: -85978
[Info   :Brazilian Money Texture Replacer] Property: _BaseMap
[Info   :Brazilian Money Texture Replacer] Texture anterior: T_Money_AlbedoTransparency
[Info   :Brazilian Money Texture Replacer] Texture nova: BrazilianCoinAtlas_RUNTIME
[Info   :Brazilian Money Texture Replacer] ########################################
[Info   :Brazilian Money Texture Replacer] Property: _MainTex | Texture atual: T_Money_AlbedoTransparency
[Info   :Brazilian Money Texture Replacer] ########################################
[Info   :Brazilian Money Texture Replacer] TEXTURA SUBSTITUIDA
[Info   :Brazilian Money Texture Replacer] Coin Root: 10 Cent Pack
[Info   :Brazilian Money Texture Replacer] Renderer: SM_Coin_10_Cents
[Info   :Brazilian Money Texture Replacer] Material: M_Money (Instance)
[Info   :Brazilian Money Texture Replacer] Material InstanceID: -85978
[Info   :Brazilian Money Texture Replacer] Property: _MainTex
[Info   :Brazilian Money Texture Replacer] Texture anterior: T_Money_AlbedoTransparency
[Info   :Brazilian Money Texture Replacer] Texture nova: BrazilianCoinAtlas_RUNTIME
[Info   :Brazilian Money Texture Replacer] ########################################
[Info   :Brazilian Money Texture Replacer] COIN REPLACED: 10 Cent Pack
[Info   :Currency Asset Analyzer] Novo MoneyPack descoberto: COIN | Name=10 Cent Pack | Value=0,1
[Info   :Currency Asset Analyzer] TEXTURA ALVO ENCONTRADA: T_Money_Normal | Type=UnityEngine.Texture | InstanceID=232062 | Material=M_Money (Instance) | Property=_BumpMap | GameObject=SM_Coin_10_Cents
[Info   :Currency Asset Analyzer] TEXTURA ALVO ENCONTRADA: T_Money_SpecularSmoothness | Type=UnityEngine.Texture | InstanceID=232064 | Material=M_Money (Instance) | Property=_MetallicGlossMap | GameObject=SM_Coin_10_Cents
[Info   :Currency Asset Analyzer] TEXTURA ALVO ENCONTRADA: T_Money_SpecularSmoothness | Type=UnityEngine.Texture | InstanceID=232064 | Material=M_Money (Instance) | Property=_SpecGlossMap | GameObject=SM_Coin_10_Cents
[Info   :Currency Asset Analyzer] TEXTURA ALVO ENCONTRADA: T_Money_Normal | Type=UnityEngine.Texture | InstanceID=232062 | Material=M_Money (Instance) | Property=_BumpMap | GameObject=SM_Coin_10_Cents
[Info   :Currency Asset Analyzer] TEXTURA ALVO ENCONTRADA: T_Money_SpecularSmoothness | Type=UnityEngine.Texture | InstanceID=232064 | Material=M_Money (Instance) | Property=_MetallicGlossMap | GameObject=SM_Coin_10_Cents
[Info   :Currency Asset Analyzer] TEXTURA ALVO ENCONTRADA: T_Money_SpecularSmoothness | Type=UnityEngine.Texture | InstanceID=232064 | Material=M_Money (Instance) | Property=_SpecGlossMap | GameObject=SM_Coin_10_Cents
[Info   :Currency Asset Analyzer] TEXTURA ALVO ENCONTRADA: T_Money_Normal | Type=UnityEngine.Texture | InstanceID=232062 | Material=M_Money (Instance) | Property=_BumpMap | GameObject=SM_Coin_10_Cents
[Info   :Currency Asset Analyzer] TEXTURA ALVO ENCONTRADA: T_Money_SpecularSmoothness | Type=UnityEngine.Texture | InstanceID=232064 | Material=M_Money (Instance) | Property=_MetallicGlossMap | GameObject=SM_Coin_10_Cents
[Info   :Currency Asset Analyzer] TEXTURA ALVO ENCONTRADA: T_Money_SpecularSmoothness | Type=UnityEngine.Texture | InstanceID=232064 | Material=M_Money (Instance) | Property=_SpecGlossMap | GameObject=SM_Coin_10_Cents
[Info   :Currency Asset Analyzer] TEXTURA ALVO ENCONTRADA: T_Money_Normal | Type=UnityEngine.Texture | InstanceID=232062 | Material=M_Money (Instance) | Property=_BumpMap | GameObject=SM_Coin_10_Cents
[Info   :Currency Asset Analyzer] TEXTURA ALVO ENCONTRADA: T_Money_SpecularSmoothness | Type=UnityEngine.Texture | InstanceID=232064 | Material=M_Money (Instance) | Property=_MetallicGlossMap | GameObject=SM_Coin_10_Cents
[Info   :Currency Asset Analyzer] TEXTURA ALVO ENCONTRADA: T_Money_SpecularSmoothness | Type=UnityEngine.Texture | InstanceID=232064 | Material=M_Money (Instance) | Property=_SpecGlossMap | GameObject=SM_Coin_10_Cents
[Info   :Currency Asset Analyzer] TEXTURA ALVO ENCONTRADA: T_Money_Normal | Type=UnityEngine.Texture | InstanceID=232062 | Material=M_Money (Instance) | Property=_BumpMap | GameObject=SM_Coin_10_Cents
[Info   :Currency Asset Analyzer] TEXTURA ALVO ENCONTRADA: T_Money_SpecularSmoothness | Type=UnityEngine.Texture | InstanceID=232064 | Material=M_Money (Instance) | Property=_MetallicGlossMap | GameObject=SM_Coin_10_Cents
[Info   :Currency Asset Analyzer] TEXTURA ALVO ENCONTRADA: T_Money_SpecularSmoothness | Type=UnityEngine.Texture | InstanceID=232064 | Material=M_Money (Instance) | Property=_SpecGlossMap | GameObject=SM_Coin_10_Cents
[Info   :Currency Asset Analyzer] TEXTURA ALVO ENCONTRADA: T_Money_Normal | Type=UnityEngine.Texture | InstanceID=232062 | Material=M_Money (Instance) | Property=_BumpMap | GameObject=SM_Coin_10_Cents
[Info   :Currency Asset Analyzer] TEXTURA ALVO ENCONTRADA: T_Money_SpecularSmoothness | Type=UnityEngine.Texture | InstanceID=232064 | Material=M_Money (Instance) | Property=_MetallicGlossMap | GameObject=SM_Coin_10_Cents
[Info   :Currency Asset Analyzer] TEXTURA ALVO ENCONTRADA: T_Money_SpecularSmoothness | Type=UnityEngine.Texture | InstanceID=232064 | Material=M_Money (Instance) | Property=_SpecGlossMap | GameObject=SM_Coin_10_Cents
[Info   :Currency Asset Analyzer] TEXTURA ALVO ENCONTRADA: T_Money_Normal | Type=UnityEngine.Texture | InstanceID=232062 | Material=M_Money (Instance) | Property=_BumpMap | GameObject=SM_Coin_10_Cents
[Info   :Currency Asset Analyzer] TEXTURA ALVO ENCONTRADA: T_Money_SpecularSmoothness | Type=UnityEngine.Texture | InstanceID=232064 | Material=M_Money (Instance) | Property=_MetallicGlossMap | GameObject=SM_Coin_10_Cents
[Info   :Currency Asset Analyzer] TEXTURA ALVO ENCONTRADA: T_Money_SpecularSmoothness | Type=UnityEngine.Texture | InstanceID=232064 | Material=M_Money (Instance) | Property=_SpecGlossMap | GameObject=SM_Coin_10_Cents
[Info   :Currency Asset Analyzer] TEXTURA ALVO ENCONTRADA: T_Money_Normal | Type=UnityEngine.Texture | InstanceID=232062 | Material=M_Money (Instance) | Property=_BumpMap | GameObject=SM_Coin_10_Cents
[Info   :Currency Asset Analyzer] TEXTURA ALVO ENCONTRADA: T_Money_SpecularSmoothness | Type=UnityEngine.Texture | InstanceID=232064 | Material=M_Money (Instance) | Property=_MetallicGlossMap | GameObject=SM_Coin_10_Cents
[Info   :Currency Asset Analyzer] TEXTURA ALVO ENCONTRADA: T_Money_SpecularSmoothness | Type=UnityEngine.Texture | InstanceID=232064 | Material=M_Money (Instance) | Property=_SpecGlossMap | GameObject=SM_Coin_10_Cents
[Info   :Currency Asset Analyzer] TEXTURA ALVO ENCONTRADA: T_Money_Normal | Type=UnityEngine.Texture | InstanceID=232062 | Material=M_Money (Instance) | Property=_BumpMap | GameObject=SM_Coin_10_Cents
[Info   :Currency Asset Analyzer] TEXTURA ALVO ENCONTRADA: T_Money_SpecularSmoothness | Type=UnityEngine.Texture | InstanceID=232064 | Material=M_Money (Instance) | Property=_MetallicGlossMap | GameObject=SM_Coin_10_Cents
[Info   :Currency Asset Analyzer] TEXTURA ALVO ENCONTRADA: T_Money_SpecularSmoothness | Type=UnityEngine.Texture | InstanceID=232064 | Material=M_Money (Instance) | Property=_SpecGlossMap | GameObject=SM_Coin_10_Cents
[Info   :Currency Asset Analyzer] TEXTURA ALVO ENCONTRADA: T_Money_Normal | Type=UnityEngine.Texture | InstanceID=232062 | Material=M_Money (Instance) | Property=_BumpMap | GameObject=SM_Coin_10_Cents
[Info   :Currency Asset Analyzer] TEXTURA ALVO ENCONTRADA: T_Money_SpecularSmoothness | Type=UnityEngine.Texture | InstanceID=232064 | Material=M_Money (Instance) | Property=_MetallicGlossMap | GameObject=SM_Coin_10_Cents
[Info   :Currency Asset Analyzer] TEXTURA ALVO ENCONTRADA: T_Money_SpecularSmoothness | Type=UnityEngine.Texture | InstanceID=232064 | Material=M_Money (Instance) | Property=_SpecGlossMap | GameObject=SM_Coin_10_Cents
[Info   :Currency Asset Analyzer] TEXTURA ALVO ENCONTRADA: T_Money_Normal | Type=UnityEngine.Texture | InstanceID=232062 | Material=M_Money (Instance) | Property=_BumpMap | GameObject=SM_Coin_10_Cents
[Info   :Currency Asset Analyzer] TEXTURA ALVO ENCONTRADA: T_Money_SpecularSmoothness | Type=UnityEngine.Texture | InstanceID=232064 | Material=M_Money (Instance) | Property=_MetallicGlossMap | GameObject=SM_Coin_10_Cents
[Info   :Currency Asset Analyzer] TEXTURA ALVO ENCONTRADA: T_Money_SpecularSmoothness | Type=UnityEngine.Texture | InstanceID=232064 | Material=M_Money (Instance) | Property=_SpecGlossMap | GameObject=SM_Coin_10_Cents
[Info   :Currency Asset Analyzer] TEXTURA ALVO ENCONTRADA: T_Money_Normal | Type=UnityEngine.Texture | InstanceID=232062 | Material=M_Money (Instance) | Property=_BumpMap | GameObject=SM_Coin_10_Cents
[Info   :Currency Asset Analyzer] TEXTURA ALVO ENCONTRADA: T_Money_SpecularSmoothness | Type=UnityEngine.Texture | InstanceID=232064 | Material=M_Money (Instance) | Property=_MetallicGlossMap | GameObject=SM_Coin_10_Cents
[Info   :Currency Asset Analyzer] TEXTURA ALVO ENCONTRADA: T_Money_SpecularSmoothness | Type=UnityEngine.Texture | InstanceID=232064 | Material=M_Money (Instance) | Property=_SpecGlossMap | GameObject=SM_Coin_10_Cents
[Info   :Currency Asset Analyzer] TEXTURA ALVO ENCONTRADA: T_Money_Normal | Type=UnityEngine.Texture | InstanceID=232062 | Material=M_Money (Instance) | Property=_BumpMap | GameObject=SM_Coin_10_Cents
[Info   :Currency Asset Analyzer] TEXTURA ALVO ENCONTRADA: T_Money_SpecularSmoothness | Type=UnityEngine.Texture | InstanceID=232064 | Material=M_Money (Instance) | Property=_MetallicGlossMap | GameObject=SM_Coin_10_Cents
[Info   :Currency Asset Analyzer] TEXTURA ALVO ENCONTRADA: T_Money_SpecularSmoothness | Type=UnityEngine.Texture | InstanceID=232064 | Material=M_Money (Instance) | Property=_SpecGlossMap | GameObject=SM_Coin_10_Cents
[Info   :Currency Asset Analyzer] TEXTURA ALVO ENCONTRADA: T_Money_Normal | Type=UnityEngine.Texture | InstanceID=232062 | Material=M_Money (Instance) | Property=_BumpMap | GameObject=SM_Coin_10_Cents
[Info   :Currency Asset Analyzer] TEXTURA ALVO ENCONTRADA: T_Money_SpecularSmoothness | Type=UnityEngine.Texture | InstanceID=232064 | Material=M_Money (Instance) | Property=_MetallicGlossMap | GameObject=SM_Coin_10_Cents
[Info   :Currency Asset Analyzer] TEXTURA ALVO ENCONTRADA: T_Money_SpecularSmoothness | Type=UnityEngine.Texture | InstanceID=232064 | Material=M_Money (Instance) | Property=_SpecGlossMap | GameObject=SM_Coin_10_Cents
[Info   :Currency Asset Analyzer] TEXTURA ALVO ENCONTRADA: T_Money_Normal | Type=UnityEngine.Texture | InstanceID=232062 | Material=M_Money (Instance) | Property=_BumpMap | GameObject=SM_Coin_10_Cents
[Info   :Currency Asset Analyzer] TEXTURA ALVO ENCONTRADA: T_Money_SpecularSmoothness | Type=UnityEngine.Texture | InstanceID=232064 | Material=M_Money (Instance) | Property=_MetallicGlossMap | GameObject=SM_Coin_10_Cents
[Info   :Currency Asset Analyzer] TEXTURA ALVO ENCONTRADA: T_Money_SpecularSmoothness | Type=UnityEngine.Texture | InstanceID=232064 | Material=M_Money (Instance) | Property=_SpecGlossMap | GameObject=SM_Coin_10_Cents
[Info   :Currency Asset Analyzer] TEXTURA ALVO ENCONTRADA: T_Money_Normal | Type=UnityEngine.Texture | InstanceID=232062 | Material=M_Money (Instance) | Property=_BumpMap | GameObject=SM_Coin_10_Cents
[Info   :Currency Asset Analyzer] TEXTURA ALVO ENCONTRADA: T_Money_SpecularSmoothness | Type=UnityEngine.Texture | InstanceID=232064 | Material=M_Money (Instance) | Property=_MetallicGlossMap | GameObject=SM_Coin_10_Cents
[Info   :Currency Asset Analyzer] TEXTURA ALVO ENCONTRADA: T_Money_SpecularSmoothness | Type=UnityEngine.Texture | InstanceID=232064 | Material=M_Money (Instance) | Property=_SpecGlossMap | GameObject=SM_Coin_10_Cents
[Info   :Currency Asset Analyzer] TEXTURA ALVO ENCONTRADA: T_Money_Normal | Type=UnityEngine.Texture | InstanceID=232062 | Material=M_Money (Instance) | Property=_BumpMap | GameObject=SM_Coin_10_Cents
[Info   :Currency Asset Analyzer] TEXTURA ALVO ENCONTRADA: T_Money_SpecularSmoothness | Type=UnityEngine.Texture | InstanceID=232064 | Material=M_Money (Instance) | Property=_MetallicGlossMap | GameObject=SM_Coin_10_Cents
[Info   :Currency Asset Analyzer] TEXTURA ALVO ENCONTRADA: T_Money_SpecularSmoothness | Type=UnityEngine.Texture | InstanceID=232064 | Material=M_Money (Instance) | Property=_SpecGlossMap | GameObject=SM_Coin_10_Cents
[Info   :Currency Asset Analyzer] TEXTURA ALVO ENCONTRADA: T_Money_Normal | Type=UnityEngine.Texture | InstanceID=232062 | Material=M_Money (Instance) | Property=_BumpMap | GameObject=SM_Coin_10_Cents
[Info   :Currency Asset Analyzer] TEXTURA ALVO ENCONTRADA: T_Money_SpecularSmoothness | Type=UnityEngine.Texture | InstanceID=232064 | Material=M_Money (Instance) | Property=_MetallicGlossMap | GameObject=SM_Coin_10_Cents
[Info   :Currency Asset Analyzer] TEXTURA ALVO ENCONTRADA: T_Money_SpecularSmoothness | Type=UnityEngine.Texture | InstanceID=232064 | Material=M_Money (Instance) | Property=_SpecGlossMap | GameObject=SM_Coin_10_Cents
[Info   :Currency Asset Analyzer] TEXTURA ALVO ENCONTRADA: T_Money_Normal | Type=UnityEngine.Texture | InstanceID=232062 | Material=M_Money (Instance) | Property=_BumpMap | GameObject=SM_Coin_10_Cents
[Info   :Currency Asset Analyzer] TEXTURA ALVO ENCONTRADA: T_Money_SpecularSmoothness | Type=UnityEngine.Texture | InstanceID=232064 | Material=M_Money (Instance) | Property=_MetallicGlossMap | GameObject=SM_Coin_10_Cents
[Info   :Currency Asset Analyzer] TEXTURA ALVO ENCONTRADA: T_Money_SpecularSmoothness | Type=UnityEngine.Texture | InstanceID=232064 | Material=M_Money (Instance) | Property=_SpecGlossMap | GameObject=SM_Coin_10_Cents
[Info   :Currency Asset Analyzer] TEXTURA ALVO ENCONTRADA: T_Money_Normal | Type=UnityEngine.Texture | InstanceID=232062 | Material=M_Money (Instance) | Property=_BumpMap | GameObject=SM_Coin_10_Cents
[Info   :Currency Asset Analyzer] TEXTURA ALVO ENCONTRADA: T_Money_SpecularSmoothness | Type=UnityEngine.Texture | InstanceID=232064 | Material=M_Money (Instance) | Property=_MetallicGlossMap | GameObject=SM_Coin_10_Cents
[Info   :Currency Asset Analyzer] TEXTURA ALVO ENCONTRADA: T_Money_SpecularSmoothness | Type=UnityEngine.Texture | InstanceID=232064 | Material=M_Money (Instance) | Property=_SpecGlossMap | GameObject=SM_Coin_10_Cents
[Info   :Currency Asset Analyzer] TEXTURA ALVO ENCONTRADA: T_Money_Normal | Type=UnityEngine.Texture | InstanceID=232062 | Material=M_Money (Instance) | Property=_BumpMap | GameObject=SM_Coin_10_Cents
[Info   :Currency Asset Analyzer] TEXTURA ALVO ENCONTRADA: T_Money_SpecularSmoothness | Type=UnityEngine.Texture | InstanceID=232064 | Material=M_Money (Instance) | Property=_MetallicGlossMap | GameObject=SM_Coin_10_Cents
[Info   :Currency Asset Analyzer] TEXTURA ALVO ENCONTRADA: T_Money_SpecularSmoothness | Type=UnityEngine.Texture | InstanceID=232064 | Material=M_Money (Instance) | Property=_SpecGlossMap | GameObject=SM_Coin_10_Cents
[Info   :Currency Asset Analyzer] TEXTURA ALVO ENCONTRADA: T_Money_Normal | Type=UnityEngine.Texture | InstanceID=232062 | Material=M_Money (Instance) | Property=_BumpMap | GameObject=SM_Coin_10_Cents
[Info   :Currency Asset Analyzer] TEXTURA ALVO ENCONTRADA: T_Money_SpecularSmoothness | Type=UnityEngine.Texture | InstanceID=232064 | Material=M_Money (Instance) | Property=_MetallicGlossMap | GameObject=SM_Coin_10_Cents
[Info   :Currency Asset Analyzer] TEXTURA ALVO ENCONTRADA: T_Money_SpecularSmoothness | Type=UnityEngine.Texture | InstanceID=232064 | Material=M_Money (Instance) | Property=_SpecGlossMap | GameObject=SM_Coin_10_Cents
[Info   :Currency Asset Analyzer] Relatorio MoneyPack salvo: B:\SteamLibrary\steamapps\common\Supermarket Simulator\BepInEx\plugins\CurrencyAssetAnalyzer\AnalyzerV8\MoneyPack\COIN_10 Cent Pack_0.10.txt
[Info   :Currency Asset Analyzer] Arquivo sincronizado: C:\Users\natan\Documents\Mods\SupermarketSimulator\CurrencyAssetAnalyzer\Reports\MoneyPack\COIN_10 Cent Pack_0.10.txt
[Info   :Currency Atlas Mapper] ========================================
[Info   :Currency Atlas Mapper] Mapeando: SM_Coin_10_Cents
[Info   :Currency Atlas Mapper] Mesh vertices: 194
[Info   :Currency Atlas Mapper] Renderer: UnityEngine.Renderer
[Info   :Currency Atlas Mapper] Camera: Main Camera
[Info   :Currency Atlas Mapper] Sincronizado: C:\Users\natan\Documents\Mods\SupermarketSimulator\CurrencyAssetAnalyzer\Reports\AtlasMapping\SM_Coin_10_Cents_REAL_CAMERA.png
[Info   :Currency Atlas Mapper] Captura real concluida: SM_Coin_10_Cents | Pixels=0 | U=1.000000..0.000000 | V=1.000000..0.000000
[Info   :Currency Atlas Mapper] Sincronizado: C:\Users\natan\Documents\Mods\SupermarketSimulator\CurrencyAssetAnalyzer\Reports\AtlasMapping\AtlasMapReport.txt
[Info   :Currency Mesh Fingerprint] ========================================
[Info   :Currency Mesh Fingerprint] Analisando mesh: SM_Coin_10_Cents
[Info   :Currency Mesh Fingerprint] VertexCount informado pelo Unity: 194
[Info   :Currency Mesh Fingerprint] Vertices lidos: 0
[Info   :Currency Mesh Fingerprint] Normais lidas: 0
[Info   :Currency Mesh Fingerprint] Tangentes lidas: 0
[Info   :Currency Mesh Fingerprint] UV0 lidos: 0
[Info   :Money Material Probe] ========================================
[Info   :Money Material Probe] MONEY MATERIAL PROBE
[Info   :Money Material Probe] MoneyPack Type: MoneyPack
[Info   :Money Material Probe] Tipo informado pelo SpawnMoney: COIN
[Info   :Money Material Probe] GameObject resolvido: 10 Cent Pack
[Info   :Money Material Probe] Value: 0.10
[Info   :Money Material Probe] GameObject InstanceID: -5984
[Info   :Money Material Probe] Analise concluida: 10 Cent Pack
[Info   :Money Material Probe] ========================================
[Info   :Currency Atlas Triangle Mapper] Index Readback solicitado.
[Info   :Currency Atlas UV Mapper] Mapeamento concluido: SM_Coin_10_Cents | U=0.035292..0.362959 | V=0.703598..0.988918
[Info   :Currency Atlas UV Mapper] Finalizado: SM_Coin_10_Cents
[Info   :Currency Atlas Triangle Mapper] Triangulos reconstruidos: SM_Coin_10_Cents | 188/188
[Info   :Currency Atlas Triangle Mapper] Moeda adicionada a fila: SM_Coin_5_Cents
[Info   :Currency Atlas Triangle Mapper] ========================================
[Info   :Currency Atlas Triangle Mapper] Analise: SM_Coin_5_Cents
[Info   :Currency Atlas Triangle Mapper] Value: 0.050000
[Info   :Currency Atlas Triangle Mapper] VertexCount: 194
[Info   :Currency Atlas Triangle Mapper] VertexStride: 48
[Info   :Currency Atlas Triangle Mapper] UVOffset: 40
[Info   :Currency Atlas Triangle Mapper] IndexCount: 564
[Info   :Currency Atlas Triangle Mapper] IndexStride: 2
[Info   :Currency Atlas Triangle Mapper] Vertex Readback solicitado.
[Info   :Currency Atlas UV Mapper] Moeda adicionada a fila: SM_Coin_5_Cents | Value=0.050000
[Info   :Currency Atlas UV Mapper] ========================================
[Info   :Currency Atlas UV Mapper] Mapeando moeda: SM_Coin_5_Cents
[Info   :Currency Atlas UV Mapper] Value: 0.050000
[Info   :Currency Atlas UV Mapper] Mesh: SM_Coin_5_Cents
[Info   :Currency Atlas UV Mapper] VertexCount: 194
[Info   :Currency Atlas UV Mapper] UV Stream: 0
[Info   :Currency Atlas UV Mapper] UV Offset: 40
[Info   :Currency Atlas UV Mapper] Vertex Stride: 48
[Info   :Currency Atlas UV Mapper] Buffer Count: 194
[Info   :Currency Atlas UV Mapper] Buffer Stride: 48
[Info   :Currency Atlas UV Mapper] Buffer Target: Vertex, CopySource
[Info   :Supermarket Simulator - Brazilian Money] Dinheiro detectado: Type=COIN | Name=5 Cent Pack | Value=0,05
[Info   :Supermarket Simulator - Brazilian Money] ----- ANÁLISE DO MONEY PACK -----
[Info   :Supermarket Simulator - Brazilian Money] Type: COIN
[Info   :Supermarket Simulator - Brazilian Money] Name: 5 Cent Pack
[Info   :Supermarket Simulator - Brazilian Money] Value: 0,05
[Info   :Supermarket Simulator - Brazilian Money] InstanceID: -5812
[Info   :Supermarket Simulator - Brazilian Money] Hierarchy: ---MANAGERS---/Checkout Manager/Checkout/Cash Register/Checkout Drawer/5 Cent Pack
[Info   :Supermarket Simulator - Brazilian Money] Objetos na hierarquia: 25
[Info   :Supermarket Simulator - Brazilian Money] Object: 5 Cent Pack
[Info   :Supermarket Simulator - Brazilian Money]   Components de 5 Cent Pack: 5
[Info   :Supermarket Simulator - Brazilian Money]   - UnityEngine.Transform
[Info   :Supermarket Simulator - Brazilian Money]   - UnityEngine.Component
[Info   :Supermarket Simulator - Brazilian Money]   - MoneyPack
[Info   :Supermarket Simulator - Brazilian Money]   - UnityEngine.Component
[Info   :Supermarket Simulator - Brazilian Money]   - UnityEngine.Component
[Info   :Supermarket Simulator - Brazilian Money] Object: Visuals
[Info   :Supermarket Simulator - Brazilian Money]   Components de Visuals: 1
[Info   :Supermarket Simulator - Brazilian Money]   - UnityEngine.Transform
[Info   :Supermarket Simulator - Brazilian Money] Object: 5 Cent Pack
[Info   :Supermarket Simulator - Brazilian Money]   Components de 5 Cent Pack: 1
[Info   :Supermarket Simulator - Brazilian Money]   - UnityEngine.Transform
[Info   :Supermarket Simulator - Brazilian Money] Object: Coin_5_Cents
[Info   :Supermarket Simulator - Brazilian Money]   Components de Coin_5_Cents: 2
[Info   :Supermarket Simulator - Brazilian Money]   - UnityEngine.Transform
[Info   :Supermarket Simulator - Brazilian Money]   - UnityEngine.Component
[Info   :Supermarket Simulator - Brazilian Money] Object: SM_Coin_5_Cents
[Info   :Supermarket Simulator - Brazilian Money]   Components de SM_Coin_5_Cents: 4
[Info   :Supermarket Simulator - Brazilian Money]   - UnityEngine.Transform
[Info   :Supermarket Simulator - Brazilian Money]   - UnityEngine.MeshFilter
[Info   :Supermarket Simulator - Brazilian Money]   - UnityEngine.Renderer
[Info   :Supermarket Simulator - Brazilian Money]   - UnityEngine.Component
[Info   :Supermarket Simulator - Brazilian Money] Object: Coin_5_Cents (1)
[Info   :Supermarket Simulator - Brazilian Money]   Components de Coin_5_Cents (1): 2
[Info   :Supermarket Simulator - Brazilian Money]   - UnityEngine.Transform
[Info   :Supermarket Simulator - Brazilian Money]   - UnityEngine.Component
[Info   :Supermarket Simulator - Brazilian Money] Object: SM_Coin_5_Cents
[Info   :Supermarket Simulator - Brazilian Money]   Components de SM_Coin_5_Cents: 4
[Info   :Supermarket Simulator - Brazilian Money]   - UnityEngine.Transform
[Info   :Supermarket Simulator - Brazilian Money]   - UnityEngine.Component
[Info   :Supermarket Simulator - Brazilian Money]   - UnityEngine.Component
[Info   :Supermarket Simulator - Brazilian Money]   - UnityEngine.Component
[Info   :Supermarket Simulator - Brazilian Money] Object: Coin_5_Cents (2)
[Info   :Supermarket Simulator - Brazilian Money]   Components de Coin_5_Cents (2): 2
[Info   :Supermarket Simulator - Brazilian Money]   - UnityEngine.Transform
[Info   :Supermarket Simulator - Brazilian Money]   - UnityEngine.Component
[Info   :Supermarket Simulator - Brazilian Money] Object: SM_Coin_5_Cents
[Info   :Supermarket Simulator - Brazilian Money]   Components de SM_Coin_5_Cents: 4
[Info   :Supermarket Simulator - Brazilian Money]   - UnityEngine.Transform
[Info   :Supermarket Simulator - Brazilian Money]   - UnityEngine.Component
[Info   :Supermarket Simulator - Brazilian Money]   - UnityEngine.Component
[Info   :Supermarket Simulator - Brazilian Money]   - UnityEngine.Component
[Info   :Supermarket Simulator - Brazilian Money] Object: Coin_5_Cents (3)
[Info   :Supermarket Simulator - Brazilian Money]   Components de Coin_5_Cents (3): 2
[Info   :Supermarket Simulator - Brazilian Money]   - UnityEngine.Transform
[Info   :Supermarket Simulator - Brazilian Money]   - UnityEngine.Component
[Info   :Supermarket Simulator - Brazilian Money] Object: SM_Coin_5_Cents
[Info   :Supermarket Simulator - Brazilian Money]   Components de SM_Coin_5_Cents: 4
[Info   :Supermarket Simulator - Brazilian Money]   - UnityEngine.Transform
[Info   :Supermarket Simulator - Brazilian Money]   - UnityEngine.Component
[Info   :Supermarket Simulator - Brazilian Money]   - UnityEngine.Component
[Info   :Supermarket Simulator - Brazilian Money]   - UnityEngine.Component
[Info   :Supermarket Simulator - Brazilian Money] Object: Coin_5_Cents (4)
[Info   :Supermarket Simulator - Brazilian Money]   Components de Coin_5_Cents (4): 2
[Info   :Supermarket Simulator - Brazilian Money]   - UnityEngine.Transform
[Info   :Supermarket Simulator - Brazilian Money]   - UnityEngine.Component
[Info   :Supermarket Simulator - Brazilian Money] Object: SM_Coin_5_Cents
[Info   :Supermarket Simulator - Brazilian Money]   Components de SM_Coin_5_Cents: 4
[Info   :Supermarket Simulator - Brazilian Money]   - UnityEngine.Transform
[Info   :Supermarket Simulator - Brazilian Money]   - UnityEngine.Component
[Info   :Supermarket Simulator - Brazilian Money]   - UnityEngine.Component
[Info   :Supermarket Simulator - Brazilian Money]   - UnityEngine.Component
[Info   :Supermarket Simulator - Brazilian Money] Object: Coin_5_Cents (5)
[Info   :Supermarket Simulator - Brazilian Money]   Components de Coin_5_Cents (5): 2
[Info   :Supermarket Simulator - Brazilian Money]   - UnityEngine.Transform
[Info   :Supermarket Simulator - Brazilian Money]   - UnityEngine.Component
[Info   :Supermarket Simulator - Brazilian Money] Object: SM_Coin_5_Cents
[Info   :Supermarket Simulator - Brazilian Money]   Components de SM_Coin_5_Cents: 4
[Info   :Supermarket Simulator - Brazilian Money]   - UnityEngine.Transform
[Info   :Supermarket Simulator - Brazilian Money]   - UnityEngine.Component
[Info   :Supermarket Simulator - Brazilian Money]   - UnityEngine.Component
[Info   :Supermarket Simulator - Brazilian Money]   - UnityEngine.Component
[Info   :Supermarket Simulator - Brazilian Money] Object: Coin_5_Cents (6)
[Info   :Supermarket Simulator - Brazilian Money]   Components de Coin_5_Cents (6): 2
[Info   :Supermarket Simulator - Brazilian Money]   - UnityEngine.Transform
[Info   :Supermarket Simulator - Brazilian Money]   - UnityEngine.Component
[Info   :Supermarket Simulator - Brazilian Money] Object: SM_Coin_5_Cents
[Info   :Supermarket Simulator - Brazilian Money]   Components de SM_Coin_5_Cents: 4
[Info   :Supermarket Simulator - Brazilian Money]   - UnityEngine.Transform
[Info   :Supermarket Simulator - Brazilian Money]   - UnityEngine.Component
[Info   :Supermarket Simulator - Brazilian Money]   - UnityEngine.Component
[Info   :Supermarket Simulator - Brazilian Money]   - UnityEngine.Component
[Info   :Supermarket Simulator - Brazilian Money] Object: Coin_5_Cents (7)
[Info   :Supermarket Simulator - Brazilian Money]   Components de Coin_5_Cents (7): 2
[Info   :Supermarket Simulator - Brazilian Money]   - UnityEngine.Transform
[Info   :Supermarket Simulator - Brazilian Money]   - UnityEngine.Component
[Info   :Supermarket Simulator - Brazilian Money] Object: SM_Coin_5_Cents
[Info   :Supermarket Simulator - Brazilian Money]   Components de SM_Coin_5_Cents: 4
[Info   :Supermarket Simulator - Brazilian Money]   - UnityEngine.Transform
[Info   :Supermarket Simulator - Brazilian Money]   - UnityEngine.Component
[Info   :Supermarket Simulator - Brazilian Money]   - UnityEngine.Component
[Info   :Supermarket Simulator - Brazilian Money]   - UnityEngine.Component
[Info   :Supermarket Simulator - Brazilian Money] Object: Coin_5_Cents (8)
[Info   :Supermarket Simulator - Brazilian Money]   Components de Coin_5_Cents (8): 2
[Info   :Supermarket Simulator - Brazilian Money]   - UnityEngine.Transform
[Info   :Supermarket Simulator - Brazilian Money]   - UnityEngine.Component
[Info   :Supermarket Simulator - Brazilian Money] Object: SM_Coin_5_Cents
[Info   :Supermarket Simulator - Brazilian Money]   Components de SM_Coin_5_Cents: 4
[Info   :Supermarket Simulator - Brazilian Money]   - UnityEngine.Transform
[Info   :Supermarket Simulator - Brazilian Money]   - UnityEngine.Component
[Info   :Supermarket Simulator - Brazilian Money]   - UnityEngine.Component
[Info   :Supermarket Simulator - Brazilian Money]   - UnityEngine.Component
[Info   :Supermarket Simulator - Brazilian Money] Object: Coin_5_Cents (9)
[Info   :Supermarket Simulator - Brazilian Money]   Components de Coin_5_Cents (9): 2
[Info   :Supermarket Simulator - Brazilian Money]   - UnityEngine.Transform
[Info   :Supermarket Simulator - Brazilian Money]   - UnityEngine.Component
[Info   :Supermarket Simulator - Brazilian Money] Object: SM_Coin_5_Cents
[Info   :Supermarket Simulator - Brazilian Money]   Components de SM_Coin_5_Cents: 4
[Info   :Supermarket Simulator - Brazilian Money]   - UnityEngine.Transform
[Info   :Supermarket Simulator - Brazilian Money]   - UnityEngine.Component
[Info   :Supermarket Simulator - Brazilian Money]   - UnityEngine.Component
[Info   :Supermarket Simulator - Brazilian Money]   - UnityEngine.Component
[Info   :Supermarket Simulator - Brazilian Money] Object: Coin_5_Cents (10)
[Info   :Supermarket Simulator - Brazilian Money]   Components de Coin_5_Cents (10): 2
[Info   :Supermarket Simulator - Brazilian Money]   - UnityEngine.Transform
[Info   :Supermarket Simulator - Brazilian Money]   - UnityEngine.Component
[Info   :Supermarket Simulator - Brazilian Money] Object: SM_Coin_5_Cents
[Info   :Supermarket Simulator - Brazilian Money]   Components de SM_Coin_5_Cents: 4
[Info   :Supermarket Simulator - Brazilian Money]   - UnityEngine.Transform
[Info   :Supermarket Simulator - Brazilian Money]   - UnityEngine.Component
[Info   :Supermarket Simulator - Brazilian Money]   - UnityEngine.Component
[Info   :Supermarket Simulator - Brazilian Money]   - UnityEngine.Component
[Info   :Supermarket Simulator - Brazilian Money] ----- FIM DA ANÁLISE -----
[Info   :Brazilian Money Texture Replacer] POSTFIX SpawnMoney EXECUTADO | isCoin=True | moneyPack=MoneyPack
[Info   :Brazilian Money Texture Replacer] MoneyPack GameObject resolvido: 5 Cent Pack
[Info   :Brazilian Money Texture Replacer] Renderers encontrados em 5 Cent Pack: 11
[Info   :Brazilian Money Texture Replacer] Renderer de moeda encontrado: SM_Coin_5_Cents
[Info   :Brazilian Money Texture Replacer] Material encontrado: M_Money (Instance) | InstanceID=-86070
[Info   :Brazilian Money Texture Replacer] Property: _BaseMap | Texture atual: T_Money_AlbedoTransparency
[Info   :Brazilian Money Texture Replacer] ########################################
[Info   :Brazilian Money Texture Replacer] TEXTURA SUBSTITUIDA
[Info   :Brazilian Money Texture Replacer] Coin Root: 5 Cent Pack
[Info   :Brazilian Money Texture Replacer] Renderer: SM_Coin_5_Cents
[Info   :Brazilian Money Texture Replacer] Material: M_Money (Instance)
[Info   :Brazilian Money Texture Replacer] Material InstanceID: -86070
[Info   :Brazilian Money Texture Replacer] Property: _BaseMap
[Info   :Brazilian Money Texture Replacer] Texture anterior: T_Money_AlbedoTransparency
[Info   :Brazilian Money Texture Replacer] Texture nova: BrazilianCoinAtlas_RUNTIME
[Info   :Brazilian Money Texture Replacer] ########################################
[Info   :Brazilian Money Texture Replacer] Property: _MainTex | Texture atual: T_Money_AlbedoTransparency
[Info   :Brazilian Money Texture Replacer] ########################################
[Info   :Brazilian Money Texture Replacer] TEXTURA SUBSTITUIDA
[Info   :Brazilian Money Texture Replacer] Coin Root: 5 Cent Pack
[Info   :Brazilian Money Texture Replacer] Renderer: SM_Coin_5_Cents
[Info   :Brazilian Money Texture Replacer] Material: M_Money (Instance)
[Info   :Brazilian Money Texture Replacer] Material InstanceID: -86070
[Info   :Brazilian Money Texture Replacer] Property: _MainTex
[Info   :Brazilian Money Texture Replacer] Texture anterior: T_Money_AlbedoTransparency
[Info   :Brazilian Money Texture Replacer] Texture nova: BrazilianCoinAtlas_RUNTIME
[Info   :Brazilian Money Texture Replacer] ########################################
[Info   :Brazilian Money Texture Replacer] Renderer de moeda encontrado: SM_Coin_5_Cents
[Info   :Brazilian Money Texture Replacer] Material encontrado: M_Money (Instance) | InstanceID=-86072
[Info   :Brazilian Money Texture Replacer] Property: _BaseMap | Texture atual: T_Money_AlbedoTransparency
[Info   :Brazilian Money Texture Replacer] ########################################
[Info   :Brazilian Money Texture Replacer] TEXTURA SUBSTITUIDA
[Info   :Brazilian Money Texture Replacer] Coin Root: 5 Cent Pack
[Info   :Brazilian Money Texture Replacer] Renderer: SM_Coin_5_Cents
[Info   :Brazilian Money Texture Replacer] Material: M_Money (Instance)
[Info   :Brazilian Money Texture Replacer] Material InstanceID: -86072
[Info   :Brazilian Money Texture Replacer] Property: _BaseMap
[Info   :Brazilian Money Texture Replacer] Texture anterior: T_Money_AlbedoTransparency
[Info   :Brazilian Money Texture Replacer] Texture nova: BrazilianCoinAtlas_RUNTIME
[Info   :Brazilian Money Texture Replacer] ########################################
[Info   :Brazilian Money Texture Replacer] Property: _MainTex | Texture atual: T_Money_AlbedoTransparency
[Info   :Brazilian Money Texture Replacer] ########################################
[Info   :Brazilian Money Texture Replacer] TEXTURA SUBSTITUIDA
[Info   :Brazilian Money Texture Replacer] Coin Root: 5 Cent Pack
[Info   :Brazilian Money Texture Replacer] Renderer: SM_Coin_5_Cents
[Info   :Brazilian Money Texture Replacer] Material: M_Money (Instance)
[Info   :Brazilian Money Texture Replacer] Material InstanceID: -86072
[Info   :Brazilian Money Texture Replacer] Property: _MainTex
[Info   :Brazilian Money Texture Replacer] Texture anterior: T_Money_AlbedoTransparency
[Info   :Brazilian Money Texture Replacer] Texture nova: BrazilianCoinAtlas_RUNTIME
[Info   :Brazilian Money Texture Replacer] ########################################
[Info   :Brazilian Money Texture Replacer] Renderer de moeda encontrado: SM_Coin_5_Cents
[Info   :Brazilian Money Texture Replacer] Material encontrado: M_Money (Instance) | InstanceID=-86074
[Info   :Brazilian Money Texture Replacer] Property: _BaseMap | Texture atual: T_Money_AlbedoTransparency
[Info   :Brazilian Money Texture Replacer] ########################################
[Info   :Brazilian Money Texture Replacer] TEXTURA SUBSTITUIDA
[Info   :Brazilian Money Texture Replacer] Coin Root: 5 Cent Pack
[Info   :Brazilian Money Texture Replacer] Renderer: SM_Coin_5_Cents
[Info   :Brazilian Money Texture Replacer] Material: M_Money (Instance)
[Info   :Brazilian Money Texture Replacer] Material InstanceID: -86074
[Info   :Brazilian Money Texture Replacer] Property: _BaseMap
[Info   :Brazilian Money Texture Replacer] Texture anterior: T_Money_AlbedoTransparency
[Info   :Brazilian Money Texture Replacer] Texture nova: BrazilianCoinAtlas_RUNTIME
[Info   :Brazilian Money Texture Replacer] ########################################
[Info   :Brazilian Money Texture Replacer] Property: _MainTex | Texture atual: T_Money_AlbedoTransparency
[Info   :Brazilian Money Texture Replacer] ########################################
[Info   :Brazilian Money Texture Replacer] TEXTURA SUBSTITUIDA
[Info   :Brazilian Money Texture Replacer] Coin Root: 5 Cent Pack
[Info   :Brazilian Money Texture Replacer] Renderer: SM_Coin_5_Cents
[Info   :Brazilian Money Texture Replacer] Material: M_Money (Instance)
[Info   :Brazilian Money Texture Replacer] Material InstanceID: -86074
[Info   :Brazilian Money Texture Replacer] Property: _MainTex
[Info   :Brazilian Money Texture Replacer] Texture anterior: T_Money_AlbedoTransparency
[Info   :Brazilian Money Texture Replacer] Texture nova: BrazilianCoinAtlas_RUNTIME
[Info   :Brazilian Money Texture Replacer] ########################################
[Info   :Brazilian Money Texture Replacer] Renderer de moeda encontrado: SM_Coin_5_Cents
[Info   :Brazilian Money Texture Replacer] Material encontrado: M_Money (Instance) | InstanceID=-86076
[Info   :Brazilian Money Texture Replacer] Property: _BaseMap | Texture atual: T_Money_AlbedoTransparency
[Info   :Brazilian Money Texture Replacer] ########################################
[Info   :Brazilian Money Texture Replacer] TEXTURA SUBSTITUIDA
[Info   :Brazilian Money Texture Replacer] Coin Root: 5 Cent Pack
[Info   :Brazilian Money Texture Replacer] Renderer: SM_Coin_5_Cents
[Info   :Brazilian Money Texture Replacer] Material: M_Money (Instance)
[Info   :Brazilian Money Texture Replacer] Material InstanceID: -86076
[Info   :Brazilian Money Texture Replacer] Property: _BaseMap
[Info   :Brazilian Money Texture Replacer] Texture anterior: T_Money_AlbedoTransparency
[Info   :Brazilian Money Texture Replacer] Texture nova: BrazilianCoinAtlas_RUNTIME
[Info   :Brazilian Money Texture Replacer] ########################################
[Info   :Brazilian Money Texture Replacer] Property: _MainTex | Texture atual: T_Money_AlbedoTransparency
[Info   :Brazilian Money Texture Replacer] ########################################
[Info   :Brazilian Money Texture Replacer] TEXTURA SUBSTITUIDA
[Info   :Brazilian Money Texture Replacer] Coin Root: 5 Cent Pack
[Info   :Brazilian Money Texture Replacer] Renderer: SM_Coin_5_Cents
[Info   :Brazilian Money Texture Replacer] Material: M_Money (Instance)
[Info   :Brazilian Money Texture Replacer] Material InstanceID: -86076
[Info   :Brazilian Money Texture Replacer] Property: _MainTex
[Info   :Brazilian Money Texture Replacer] Texture anterior: T_Money_AlbedoTransparency
[Info   :Brazilian Money Texture Replacer] Texture nova: BrazilianCoinAtlas_RUNTIME
[Info   :Brazilian Money Texture Replacer] ########################################
[Info   :Brazilian Money Texture Replacer] Renderer de moeda encontrado: SM_Coin_5_Cents
[Info   :Brazilian Money Texture Replacer] Material encontrado: M_Money (Instance) | InstanceID=-86078
[Info   :Brazilian Money Texture Replacer] Property: _BaseMap | Texture atual: T_Money_AlbedoTransparency
[Info   :Brazilian Money Texture Replacer] ########################################
[Info   :Brazilian Money Texture Replacer] TEXTURA SUBSTITUIDA
[Info   :Brazilian Money Texture Replacer] Coin Root: 5 Cent Pack
[Info   :Brazilian Money Texture Replacer] Renderer: SM_Coin_5_Cents
[Info   :Brazilian Money Texture Replacer] Material: M_Money (Instance)
[Info   :Brazilian Money Texture Replacer] Material InstanceID: -86078
[Info   :Brazilian Money Texture Replacer] Property: _BaseMap
[Info   :Brazilian Money Texture Replacer] Texture anterior: T_Money_AlbedoTransparency
[Info   :Brazilian Money Texture Replacer] Texture nova: BrazilianCoinAtlas_RUNTIME
[Info   :Brazilian Money Texture Replacer] ########################################
[Info   :Brazilian Money Texture Replacer] Property: _MainTex | Texture atual: T_Money_AlbedoTransparency
[Info   :Brazilian Money Texture Replacer] ########################################
[Info   :Brazilian Money Texture Replacer] TEXTURA SUBSTITUIDA
[Info   :Brazilian Money Texture Replacer] Coin Root: 5 Cent Pack
[Info   :Brazilian Money Texture Replacer] Renderer: SM_Coin_5_Cents
[Info   :Brazilian Money Texture Replacer] Material: M_Money (Instance)
[Info   :Brazilian Money Texture Replacer] Material InstanceID: -86078
[Info   :Brazilian Money Texture Replacer] Property: _MainTex
[Info   :Brazilian Money Texture Replacer] Texture anterior: T_Money_AlbedoTransparency
[Info   :Brazilian Money Texture Replacer] Texture nova: BrazilianCoinAtlas_RUNTIME
[Info   :Brazilian Money Texture Replacer] ########################################
[Info   :Brazilian Money Texture Replacer] Renderer de moeda encontrado: SM_Coin_5_Cents
[Info   :Brazilian Money Texture Replacer] Material encontrado: M_Money (Instance) | InstanceID=-86080
[Info   :Brazilian Money Texture Replacer] Property: _BaseMap | Texture atual: T_Money_AlbedoTransparency
[Info   :Brazilian Money Texture Replacer] ########################################
[Info   :Brazilian Money Texture Replacer] TEXTURA SUBSTITUIDA
[Info   :Brazilian Money Texture Replacer] Coin Root: 5 Cent Pack
[Info   :Brazilian Money Texture Replacer] Renderer: SM_Coin_5_Cents
[Info   :Brazilian Money Texture Replacer] Material: M_Money (Instance)
[Info   :Brazilian Money Texture Replacer] Material InstanceID: -86080
[Info   :Brazilian Money Texture Replacer] Property: _BaseMap
[Info   :Brazilian Money Texture Replacer] Texture anterior: T_Money_AlbedoTransparency
[Info   :Brazilian Money Texture Replacer] Texture nova: BrazilianCoinAtlas_RUNTIME
[Info   :Brazilian Money Texture Replacer] ########################################
[Info   :Brazilian Money Texture Replacer] Property: _MainTex | Texture atual: T_Money_AlbedoTransparency
[Info   :Brazilian Money Texture Replacer] ########################################
[Info   :Brazilian Money Texture Replacer] TEXTURA SUBSTITUIDA
[Info   :Brazilian Money Texture Replacer] Coin Root: 5 Cent Pack
[Info   :Brazilian Money Texture Replacer] Renderer: SM_Coin_5_Cents
[Info   :Brazilian Money Texture Replacer] Material: M_Money (Instance)
[Info   :Brazilian Money Texture Replacer] Material InstanceID: -86080
[Info   :Brazilian Money Texture Replacer] Property: _MainTex
[Info   :Brazilian Money Texture Replacer] Texture anterior: T_Money_AlbedoTransparency
[Info   :Brazilian Money Texture Replacer] Texture nova: BrazilianCoinAtlas_RUNTIME
[Info   :Brazilian Money Texture Replacer] ########################################
[Info   :Brazilian Money Texture Replacer] Renderer de moeda encontrado: SM_Coin_5_Cents
[Info   :Brazilian Money Texture Replacer] Material encontrado: M_Money (Instance) | InstanceID=-86082
[Info   :Brazilian Money Texture Replacer] Property: _BaseMap | Texture atual: T_Money_AlbedoTransparency
[Info   :Brazilian Money Texture Replacer] ########################################
[Info   :Brazilian Money Texture Replacer] TEXTURA SUBSTITUIDA
[Info   :Brazilian Money Texture Replacer] Coin Root: 5 Cent Pack
[Info   :Brazilian Money Texture Replacer] Renderer: SM_Coin_5_Cents
[Info   :Brazilian Money Texture Replacer] Material: M_Money (Instance)
[Info   :Brazilian Money Texture Replacer] Material InstanceID: -86082
[Info   :Brazilian Money Texture Replacer] Property: _BaseMap
[Info   :Brazilian Money Texture Replacer] Texture anterior: T_Money_AlbedoTransparency
[Info   :Brazilian Money Texture Replacer] Texture nova: BrazilianCoinAtlas_RUNTIME
[Info   :Brazilian Money Texture Replacer] ########################################
[Info   :Brazilian Money Texture Replacer] Property: _MainTex | Texture atual: T_Money_AlbedoTransparency
[Info   :Brazilian Money Texture Replacer] ########################################
[Info   :Brazilian Money Texture Replacer] TEXTURA SUBSTITUIDA
[Info   :Brazilian Money Texture Replacer] Coin Root: 5 Cent Pack
[Info   :Brazilian Money Texture Replacer] Renderer: SM_Coin_5_Cents
[Info   :Brazilian Money Texture Replacer] Material: M_Money (Instance)
[Info   :Brazilian Money Texture Replacer] Material InstanceID: -86082
[Info   :Brazilian Money Texture Replacer] Property: _MainTex
[Info   :Brazilian Money Texture Replacer] Texture anterior: T_Money_AlbedoTransparency
[Info   :Brazilian Money Texture Replacer] Texture nova: BrazilianCoinAtlas_RUNTIME
[Info   :Brazilian Money Texture Replacer] ########################################
[Info   :Brazilian Money Texture Replacer] Renderer de moeda encontrado: SM_Coin_5_Cents
[Info   :Brazilian Money Texture Replacer] Material encontrado: M_Money (Instance) | InstanceID=-86084
[Info   :Brazilian Money Texture Replacer] Property: _BaseMap | Texture atual: T_Money_AlbedoTransparency
[Info   :Brazilian Money Texture Replacer] ########################################
[Info   :Brazilian Money Texture Replacer] TEXTURA SUBSTITUIDA
[Info   :Brazilian Money Texture Replacer] Coin Root: 5 Cent Pack
[Info   :Brazilian Money Texture Replacer] Renderer: SM_Coin_5_Cents
[Info   :Brazilian Money Texture Replacer] Material: M_Money (Instance)
[Info   :Brazilian Money Texture Replacer] Material InstanceID: -86084
[Info   :Brazilian Money Texture Replacer] Property: _BaseMap
[Info   :Brazilian Money Texture Replacer] Texture anterior: T_Money_AlbedoTransparency
[Info   :Brazilian Money Texture Replacer] Texture nova: BrazilianCoinAtlas_RUNTIME
[Info   :Brazilian Money Texture Replacer] ########################################
[Info   :Brazilian Money Texture Replacer] Property: _MainTex | Texture atual: T_Money_AlbedoTransparency
[Info   :Brazilian Money Texture Replacer] ########################################
[Info   :Brazilian Money Texture Replacer] TEXTURA SUBSTITUIDA
[Info   :Brazilian Money Texture Replacer] Coin Root: 5 Cent Pack
[Info   :Brazilian Money Texture Replacer] Renderer: SM_Coin_5_Cents
[Info   :Brazilian Money Texture Replacer] Material: M_Money (Instance)
[Info   :Brazilian Money Texture Replacer] Material InstanceID: -86084
[Info   :Brazilian Money Texture Replacer] Property: _MainTex
[Info   :Brazilian Money Texture Replacer] Texture anterior: T_Money_AlbedoTransparency
[Info   :Brazilian Money Texture Replacer] Texture nova: BrazilianCoinAtlas_RUNTIME
[Info   :Brazilian Money Texture Replacer] ########################################
[Info   :Brazilian Money Texture Replacer] Renderer de moeda encontrado: SM_Coin_5_Cents
[Info   :Brazilian Money Texture Replacer] Material encontrado: M_Money (Instance) | InstanceID=-86086
[Info   :Brazilian Money Texture Replacer] Property: _BaseMap | Texture atual: T_Money_AlbedoTransparency
[Info   :Brazilian Money Texture Replacer] ########################################
[Info   :Brazilian Money Texture Replacer] TEXTURA SUBSTITUIDA
[Info   :Brazilian Money Texture Replacer] Coin Root: 5 Cent Pack
[Info   :Brazilian Money Texture Replacer] Renderer: SM_Coin_5_Cents
[Info   :Brazilian Money Texture Replacer] Material: M_Money (Instance)
[Info   :Brazilian Money Texture Replacer] Material InstanceID: -86086
[Info   :Brazilian Money Texture Replacer] Property: _BaseMap
[Info   :Brazilian Money Texture Replacer] Texture anterior: T_Money_AlbedoTransparency
[Info   :Brazilian Money Texture Replacer] Texture nova: BrazilianCoinAtlas_RUNTIME
[Info   :Brazilian Money Texture Replacer] ########################################
[Info   :Brazilian Money Texture Replacer] Property: _MainTex | Texture atual: T_Money_AlbedoTransparency
[Info   :Brazilian Money Texture Replacer] ########################################
[Info   :Brazilian Money Texture Replacer] TEXTURA SUBSTITUIDA
[Info   :Brazilian Money Texture Replacer] Coin Root: 5 Cent Pack
[Info   :Brazilian Money Texture Replacer] Renderer: SM_Coin_5_Cents
[Info   :Brazilian Money Texture Replacer] Material: M_Money (Instance)
[Info   :Brazilian Money Texture Replacer] Material InstanceID: -86086
[Info   :Brazilian Money Texture Replacer] Property: _MainTex
[Info   :Brazilian Money Texture Replacer] Texture anterior: T_Money_AlbedoTransparency
[Info   :Brazilian Money Texture Replacer] Texture nova: BrazilianCoinAtlas_RUNTIME
[Info   :Brazilian Money Texture Replacer] ########################################
[Info   :Brazilian Money Texture Replacer] Renderer de moeda encontrado: SM_Coin_5_Cents
[Info   :Brazilian Money Texture Replacer] Material encontrado: M_Money (Instance) | InstanceID=-86088
[Info   :Brazilian Money Texture Replacer] Property: _BaseMap | Texture atual: T_Money_AlbedoTransparency
[Info   :Brazilian Money Texture Replacer] ########################################
[Info   :Brazilian Money Texture Replacer] TEXTURA SUBSTITUIDA
[Info   :Brazilian Money Texture Replacer] Coin Root: 5 Cent Pack
[Info   :Brazilian Money Texture Replacer] Renderer: SM_Coin_5_Cents
[Info   :Brazilian Money Texture Replacer] Material: M_Money (Instance)
[Info   :Brazilian Money Texture Replacer] Material InstanceID: -86088
[Info   :Brazilian Money Texture Replacer] Property: _BaseMap
[Info   :Brazilian Money Texture Replacer] Texture anterior: T_Money_AlbedoTransparency
[Info   :Brazilian Money Texture Replacer] Texture nova: BrazilianCoinAtlas_RUNTIME
[Info   :Brazilian Money Texture Replacer] ########################################
[Info   :Brazilian Money Texture Replacer] Property: _MainTex | Texture atual: T_Money_AlbedoTransparency
[Info   :Brazilian Money Texture Replacer] ########################################
[Info   :Brazilian Money Texture Replacer] TEXTURA SUBSTITUIDA
[Info   :Brazilian Money Texture Replacer] Coin Root: 5 Cent Pack
[Info   :Brazilian Money Texture Replacer] Renderer: SM_Coin_5_Cents
[Info   :Brazilian Money Texture Replacer] Material: M_Money (Instance)
[Info   :Brazilian Money Texture Replacer] Material InstanceID: -86088
[Info   :Brazilian Money Texture Replacer] Property: _MainTex
[Info   :Brazilian Money Texture Replacer] Texture anterior: T_Money_AlbedoTransparency
[Info   :Brazilian Money Texture Replacer] Texture nova: BrazilianCoinAtlas_RUNTIME
[Info   :Brazilian Money Texture Replacer] ########################################
[Info   :Brazilian Money Texture Replacer] Renderer de moeda encontrado: SM_Coin_5_Cents
[Info   :Brazilian Money Texture Replacer] Material encontrado: M_Money (Instance) | InstanceID=-86090
[Info   :Brazilian Money Texture Replacer] Property: _BaseMap | Texture atual: T_Money_AlbedoTransparency
[Info   :Brazilian Money Texture Replacer] ########################################
[Info   :Brazilian Money Texture Replacer] TEXTURA SUBSTITUIDA
[Info   :Brazilian Money Texture Replacer] Coin Root: 5 Cent Pack
[Info   :Brazilian Money Texture Replacer] Renderer: SM_Coin_5_Cents
[Info   :Brazilian Money Texture Replacer] Material: M_Money (Instance)
[Info   :Brazilian Money Texture Replacer] Material InstanceID: -86090
[Info   :Brazilian Money Texture Replacer] Property: _BaseMap
[Info   :Brazilian Money Texture Replacer] Texture anterior: T_Money_AlbedoTransparency
[Info   :Brazilian Money Texture Replacer] Texture nova: BrazilianCoinAtlas_RUNTIME
[Info   :Brazilian Money Texture Replacer] ########################################
[Info   :Brazilian Money Texture Replacer] Property: _MainTex | Texture atual: T_Money_AlbedoTransparency
[Info   :Brazilian Money Texture Replacer] ########################################
[Info   :Brazilian Money Texture Replacer] TEXTURA SUBSTITUIDA
[Info   :Brazilian Money Texture Replacer] Coin Root: 5 Cent Pack
[Info   :Brazilian Money Texture Replacer] Renderer: SM_Coin_5_Cents
[Info   :Brazilian Money Texture Replacer] Material: M_Money (Instance)
[Info   :Brazilian Money Texture Replacer] Material InstanceID: -86090
[Info   :Brazilian Money Texture Replacer] Property: _MainTex
[Info   :Brazilian Money Texture Replacer] Texture anterior: T_Money_AlbedoTransparency
[Info   :Brazilian Money Texture Replacer] Texture nova: BrazilianCoinAtlas_RUNTIME
[Info   :Brazilian Money Texture Replacer] ########################################
[Info   :Brazilian Money Texture Replacer] COIN REPLACED: 5 Cent Pack
[Info   :Currency Asset Analyzer] Novo MoneyPack descoberto: COIN | Name=5 Cent Pack | Value=0,05
[Info   :Currency Asset Analyzer] TEXTURA ALVO ENCONTRADA: T_Money_Normal | Type=UnityEngine.Texture | InstanceID=232062 | Material=M_Money (Instance) | Property=_BumpMap | GameObject=SM_Coin_5_Cents
[Info   :Currency Asset Analyzer] TEXTURA ALVO ENCONTRADA: T_Money_SpecularSmoothness | Type=UnityEngine.Texture | InstanceID=232064 | Material=M_Money (Instance) | Property=_MetallicGlossMap | GameObject=SM_Coin_5_Cents
[Info   :Currency Asset Analyzer] TEXTURA ALVO ENCONTRADA: T_Money_SpecularSmoothness | Type=UnityEngine.Texture | InstanceID=232064 | Material=M_Money (Instance) | Property=_SpecGlossMap | GameObject=SM_Coin_5_Cents
[Info   :Currency Asset Analyzer] TEXTURA ALVO ENCONTRADA: T_Money_Normal | Type=UnityEngine.Texture | InstanceID=232062 | Material=M_Money (Instance) | Property=_BumpMap | GameObject=SM_Coin_5_Cents
[Info   :Currency Asset Analyzer] TEXTURA ALVO ENCONTRADA: T_Money_SpecularSmoothness | Type=UnityEngine.Texture | InstanceID=232064 | Material=M_Money (Instance) | Property=_MetallicGlossMap | GameObject=SM_Coin_5_Cents
[Info   :Currency Asset Analyzer] TEXTURA ALVO ENCONTRADA: T_Money_SpecularSmoothness | Type=UnityEngine.Texture | InstanceID=232064 | Material=M_Money (Instance) | Property=_SpecGlossMap | GameObject=SM_Coin_5_Cents
[Info   :Currency Asset Analyzer] TEXTURA ALVO ENCONTRADA: T_Money_Normal | Type=UnityEngine.Texture | InstanceID=232062 | Material=M_Money (Instance) | Property=_BumpMap | GameObject=SM_Coin_5_Cents
[Info   :Currency Asset Analyzer] TEXTURA ALVO ENCONTRADA: T_Money_SpecularSmoothness | Type=UnityEngine.Texture | InstanceID=232064 | Material=M_Money (Instance) | Property=_MetallicGlossMap | GameObject=SM_Coin_5_Cents
[Info   :Currency Asset Analyzer] TEXTURA ALVO ENCONTRADA: T_Money_SpecularSmoothness | Type=UnityEngine.Texture | InstanceID=232064 | Material=M_Money (Instance) | Property=_SpecGlossMap | GameObject=SM_Coin_5_Cents
[Info   :Currency Asset Analyzer] TEXTURA ALVO ENCONTRADA: T_Money_Normal | Type=UnityEngine.Texture | InstanceID=232062 | Material=M_Money (Instance) | Property=_BumpMap | GameObject=SM_Coin_5_Cents
[Info   :Currency Asset Analyzer] TEXTURA ALVO ENCONTRADA: T_Money_SpecularSmoothness | Type=UnityEngine.Texture | InstanceID=232064 | Material=M_Money (Instance) | Property=_MetallicGlossMap | GameObject=SM_Coin_5_Cents
[Info   :Currency Asset Analyzer] TEXTURA ALVO ENCONTRADA: T_Money_SpecularSmoothness | Type=UnityEngine.Texture | InstanceID=232064 | Material=M_Money (Instance) | Property=_SpecGlossMap | GameObject=SM_Coin_5_Cents
[Info   :Currency Asset Analyzer] TEXTURA ALVO ENCONTRADA: T_Money_Normal | Type=UnityEngine.Texture | InstanceID=232062 | Material=M_Money (Instance) | Property=_BumpMap | GameObject=SM_Coin_5_Cents
[Info   :Currency Asset Analyzer] TEXTURA ALVO ENCONTRADA: T_Money_SpecularSmoothness | Type=UnityEngine.Texture | InstanceID=232064 | Material=M_Money (Instance) | Property=_MetallicGlossMap | GameObject=SM_Coin_5_Cents
[Info   :Currency Asset Analyzer] TEXTURA ALVO ENCONTRADA: T_Money_SpecularSmoothness | Type=UnityEngine.Texture | InstanceID=232064 | Material=M_Money (Instance) | Property=_SpecGlossMap | GameObject=SM_Coin_5_Cents
[Info   :Currency Asset Analyzer] TEXTURA ALVO ENCONTRADA: T_Money_Normal | Type=UnityEngine.Texture | InstanceID=232062 | Material=M_Money (Instance) | Property=_BumpMap | GameObject=SM_Coin_5_Cents
[Info   :Currency Asset Analyzer] TEXTURA ALVO ENCONTRADA: T_Money_SpecularSmoothness | Type=UnityEngine.Texture | InstanceID=232064 | Material=M_Money (Instance) | Property=_MetallicGlossMap | GameObject=SM_Coin_5_Cents
[Info   :Currency Asset Analyzer] TEXTURA ALVO ENCONTRADA: T_Money_SpecularSmoothness | Type=UnityEngine.Texture | InstanceID=232064 | Material=M_Money (Instance) | Property=_SpecGlossMap | GameObject=SM_Coin_5_Cents
[Info   :Currency Asset Analyzer] TEXTURA ALVO ENCONTRADA: T_Money_Normal | Type=UnityEngine.Texture | InstanceID=232062 | Material=M_Money (Instance) | Property=_BumpMap | GameObject=SM_Coin_5_Cents
[Info   :Currency Asset Analyzer] TEXTURA ALVO ENCONTRADA: T_Money_SpecularSmoothness | Type=UnityEngine.Texture | InstanceID=232064 | Material=M_Money (Instance) | Property=_MetallicGlossMap | GameObject=SM_Coin_5_Cents
[Info   :Currency Asset Analyzer] TEXTURA ALVO ENCONTRADA: T_Money_SpecularSmoothness | Type=UnityEngine.Texture | InstanceID=232064 | Material=M_Money (Instance) | Property=_SpecGlossMap | GameObject=SM_Coin_5_Cents
[Info   :Currency Asset Analyzer] TEXTURA ALVO ENCONTRADA: T_Money_Normal | Type=UnityEngine.Texture | InstanceID=232062 | Material=M_Money (Instance) | Property=_BumpMap | GameObject=SM_Coin_5_Cents
[Info   :Currency Asset Analyzer] TEXTURA ALVO ENCONTRADA: T_Money_SpecularSmoothness | Type=UnityEngine.Texture | InstanceID=232064 | Material=M_Money (Instance) | Property=_MetallicGlossMap | GameObject=SM_Coin_5_Cents
[Info   :Currency Asset Analyzer] TEXTURA ALVO ENCONTRADA: T_Money_SpecularSmoothness | Type=UnityEngine.Texture | InstanceID=232064 | Material=M_Money (Instance) | Property=_SpecGlossMap | GameObject=SM_Coin_5_Cents
[Info   :Currency Asset Analyzer] TEXTURA ALVO ENCONTRADA: T_Money_Normal | Type=UnityEngine.Texture | InstanceID=232062 | Material=M_Money (Instance) | Property=_BumpMap | GameObject=SM_Coin_5_Cents
[Info   :Currency Asset Analyzer] TEXTURA ALVO ENCONTRADA: T_Money_SpecularSmoothness | Type=UnityEngine.Texture | InstanceID=232064 | Material=M_Money (Instance) | Property=_MetallicGlossMap | GameObject=SM_Coin_5_Cents
[Info   :Currency Asset Analyzer] TEXTURA ALVO ENCONTRADA: T_Money_SpecularSmoothness | Type=UnityEngine.Texture | InstanceID=232064 | Material=M_Money (Instance) | Property=_SpecGlossMap | GameObject=SM_Coin_5_Cents
[Info   :Currency Asset Analyzer] TEXTURA ALVO ENCONTRADA: T_Money_Normal | Type=UnityEngine.Texture | InstanceID=232062 | Material=M_Money (Instance) | Property=_BumpMap | GameObject=SM_Coin_5_Cents
[Info   :Currency Asset Analyzer] TEXTURA ALVO ENCONTRADA: T_Money_SpecularSmoothness | Type=UnityEngine.Texture | InstanceID=232064 | Material=M_Money (Instance) | Property=_MetallicGlossMap | GameObject=SM_Coin_5_Cents
[Info   :Currency Asset Analyzer] TEXTURA ALVO ENCONTRADA: T_Money_SpecularSmoothness | Type=UnityEngine.Texture | InstanceID=232064 | Material=M_Money (Instance) | Property=_SpecGlossMap | GameObject=SM_Coin_5_Cents
[Info   :Currency Asset Analyzer] TEXTURA ALVO ENCONTRADA: T_Money_Normal | Type=UnityEngine.Texture | InstanceID=232062 | Material=M_Money (Instance) | Property=_BumpMap | GameObject=SM_Coin_5_Cents
[Info   :Currency Asset Analyzer] TEXTURA ALVO ENCONTRADA: T_Money_SpecularSmoothness | Type=UnityEngine.Texture | InstanceID=232064 | Material=M_Money (Instance) | Property=_MetallicGlossMap | GameObject=SM_Coin_5_Cents
[Info   :Currency Asset Analyzer] TEXTURA ALVO ENCONTRADA: T_Money_SpecularSmoothness | Type=UnityEngine.Texture | InstanceID=232064 | Material=M_Money (Instance) | Property=_SpecGlossMap | GameObject=SM_Coin_5_Cents
[Info   :Currency Asset Analyzer] Relatorio MoneyPack salvo: B:\SteamLibrary\steamapps\common\Supermarket Simulator\BepInEx\plugins\CurrencyAssetAnalyzer\AnalyzerV8\MoneyPack\COIN_5 Cent Pack_0.05.txt
[Info   :Currency Asset Analyzer] Arquivo sincronizado: C:\Users\natan\Documents\Mods\SupermarketSimulator\CurrencyAssetAnalyzer\Reports\MoneyPack\COIN_5 Cent Pack_0.05.txt
[Info   :Currency Atlas Mapper] ========================================
[Info   :Currency Atlas Mapper] Mapeando: SM_Coin_5_Cents
[Info   :Currency Atlas Mapper] Mesh vertices: 194
[Info   :Currency Atlas Mapper] Renderer: UnityEngine.Renderer
[Info   :Currency Atlas Mapper] Camera: Main Camera
[Info   :Currency Atlas Mapper] Sincronizado: C:\Users\natan\Documents\Mods\SupermarketSimulator\CurrencyAssetAnalyzer\Reports\AtlasMapping\SM_Coin_5_Cents_REAL_CAMERA.png
[Info   :Currency Atlas Mapper] Captura real concluida: SM_Coin_5_Cents | Pixels=0 | U=1.000000..0.000000 | V=1.000000..0.000000
[Info   :Currency Atlas Mapper] Sincronizado: C:\Users\natan\Documents\Mods\SupermarketSimulator\CurrencyAssetAnalyzer\Reports\AtlasMapping\AtlasMapReport.txt
[Info   :Currency Mesh Fingerprint] ========================================
[Info   :Currency Mesh Fingerprint] Analisando mesh: SM_Coin_5_Cents
[Info   :Currency Mesh Fingerprint] VertexCount informado pelo Unity: 194
[Info   :Currency Mesh Fingerprint] Vertices lidos: 0
[Info   :Currency Mesh Fingerprint] Normais lidas: 0
[Info   :Currency Mesh Fingerprint] Tangentes lidas: 0
[Info   :Currency Mesh Fingerprint] UV0 lidos: 0
[Info   :Money Material Probe] ========================================
[Info   :Money Material Probe] MONEY MATERIAL PROBE
[Info   :Money Material Probe] MoneyPack Type: MoneyPack
[Info   :Money Material Probe] Tipo informado pelo SpawnMoney: COIN
[Info   :Money Material Probe] GameObject resolvido: 5 Cent Pack
[Info   :Money Material Probe] Value: 0.05
[Info   :Money Material Probe] GameObject InstanceID: -5812
[Info   :Money Material Probe] Analise concluida: 5 Cent Pack
[Info   :Money Material Probe] ========================================
[Info   :Currency Atlas Triangle Mapper] Index Readback solicitado.
[Info   :Currency Atlas UV Mapper] Mapeamento concluido: SM_Coin_5_Cents | U=0.042093..0.399179 | V=0.672801..0.988918
[Info   :Currency Atlas UV Mapper] Finalizado: SM_Coin_5_Cents
[Info   :Currency Atlas Triangle Mapper] Triangulos reconstruidos: SM_Coin_5_Cents | 188/188
[Info   :Currency Atlas Triangle Mapper] Moeda adicionada a fila: SM_Coin_1_Cent
[Info   :Currency Atlas Triangle Mapper] ========================================
[Info   :Currency Atlas Triangle Mapper] Analise: SM_Coin_1_Cent
[Info   :Currency Atlas Triangle Mapper] Value: 0.010000
[Info   :Currency Atlas Triangle Mapper] VertexCount: 194
[Info   :Currency Atlas Triangle Mapper] VertexStride: 48
[Info   :Currency Atlas Triangle Mapper] UVOffset: 40
[Info   :Currency Atlas Triangle Mapper] IndexCount: 564
[Info   :Currency Atlas Triangle Mapper] IndexStride: 2
[Info   :Currency Atlas Triangle Mapper] Vertex Readback solicitado.
[Info   :Currency Atlas UV Mapper] Moeda adicionada a fila: SM_Coin_1_Cent | Value=0.010000
[Info   :Currency Atlas UV Mapper] ========================================
[Info   :Currency Atlas UV Mapper] Mapeando moeda: SM_Coin_1_Cent
[Info   :Currency Atlas UV Mapper] Value: 0.010000
[Info   :Currency Atlas UV Mapper] Mesh: SM_Coin_1_Cent
[Info   :Currency Atlas UV Mapper] VertexCount: 194
[Info   :Currency Atlas UV Mapper] UV Stream: 0
[Info   :Currency Atlas UV Mapper] UV Offset: 40
[Info   :Currency Atlas UV Mapper] Vertex Stride: 48
[Info   :Currency Atlas UV Mapper] Buffer Count: 194
[Info   :Currency Atlas UV Mapper] Buffer Stride: 48
[Info   :Currency Atlas UV Mapper] Buffer Target: Vertex, CopySource
[Info   :Supermarket Simulator - Brazilian Money] Dinheiro detectado: Type=COIN | Name=1 Cent Pack | Value=0,01
[Info   :Supermarket Simulator - Brazilian Money] ----- ANÁLISE DO MONEY PACK -----
[Info   :Supermarket Simulator - Brazilian Money] Type: COIN
[Info   :Supermarket Simulator - Brazilian Money] Name: 1 Cent Pack
[Info   :Supermarket Simulator - Brazilian Money] Value: 0,01
[Info   :Supermarket Simulator - Brazilian Money] InstanceID: -5640
[Info   :Supermarket Simulator - Brazilian Money] Hierarchy: ---MANAGERS---/Checkout Manager/Checkout/Cash Register/Checkout Drawer/1 Cent Pack
[Info   :Supermarket Simulator - Brazilian Money] Objetos na hierarquia: 25
[Info   :Supermarket Simulator - Brazilian Money] Object: 1 Cent Pack
[Info   :Supermarket Simulator - Brazilian Money]   Components de 1 Cent Pack: 5
[Info   :Supermarket Simulator - Brazilian Money]   - UnityEngine.Transform
[Info   :Supermarket Simulator - Brazilian Money]   - UnityEngine.Component
[Info   :Supermarket Simulator - Brazilian Money]   - MoneyPack
[Info   :Supermarket Simulator - Brazilian Money]   - UnityEngine.Component
[Info   :Supermarket Simulator - Brazilian Money]   - UnityEngine.Component
[Info   :Supermarket Simulator - Brazilian Money] Object: Visuals
[Info   :Supermarket Simulator - Brazilian Money]   Components de Visuals: 1
[Info   :Supermarket Simulator - Brazilian Money]   - UnityEngine.Transform
[Info   :Supermarket Simulator - Brazilian Money] Object: 1 Cent Pack
[Info   :Supermarket Simulator - Brazilian Money]   Components de 1 Cent Pack: 1
[Info   :Supermarket Simulator - Brazilian Money]   - UnityEngine.Transform
[Info   :Supermarket Simulator - Brazilian Money] Object: Coin_1_Cent
[Info   :Supermarket Simulator - Brazilian Money]   Components de Coin_1_Cent: 2
[Info   :Supermarket Simulator - Brazilian Money]   - UnityEngine.Transform
[Info   :Supermarket Simulator - Brazilian Money]   - UnityEngine.Component
[Info   :Supermarket Simulator - Brazilian Money] Object: SM_Coin_1_Cent
[Info   :Supermarket Simulator - Brazilian Money]   Components de SM_Coin_1_Cent: 4
[Info   :Supermarket Simulator - Brazilian Money]   - UnityEngine.Transform
[Info   :Supermarket Simulator - Brazilian Money]   - UnityEngine.MeshFilter
[Info   :Supermarket Simulator - Brazilian Money]   - UnityEngine.Renderer
[Info   :Supermarket Simulator - Brazilian Money]   - UnityEngine.Component
[Info   :Supermarket Simulator - Brazilian Money] Object: Coin_1_Cent (1)
[Info   :Supermarket Simulator - Brazilian Money]   Components de Coin_1_Cent (1): 2
[Info   :Supermarket Simulator - Brazilian Money]   - UnityEngine.Transform
[Info   :Supermarket Simulator - Brazilian Money]   - UnityEngine.Component
[Info   :Supermarket Simulator - Brazilian Money] Object: SM_Coin_1_Cent
[Info   :Supermarket Simulator - Brazilian Money]   Components de SM_Coin_1_Cent: 4
[Info   :Supermarket Simulator - Brazilian Money]   - UnityEngine.Transform
[Info   :Supermarket Simulator - Brazilian Money]   - UnityEngine.Component
[Info   :Supermarket Simulator - Brazilian Money]   - UnityEngine.Component
[Info   :Supermarket Simulator - Brazilian Money]   - UnityEngine.Component
[Info   :Supermarket Simulator - Brazilian Money] Object: Coin_1_Cent (2)
[Info   :Supermarket Simulator - Brazilian Money]   Components de Coin_1_Cent (2): 2
[Info   :Supermarket Simulator - Brazilian Money]   - UnityEngine.Transform
[Info   :Supermarket Simulator - Brazilian Money]   - UnityEngine.Component
[Info   :Supermarket Simulator - Brazilian Money] Object: SM_Coin_1_Cent
[Info   :Supermarket Simulator - Brazilian Money]   Components de SM_Coin_1_Cent: 4
[Info   :Supermarket Simulator - Brazilian Money]   - UnityEngine.Transform
[Info   :Supermarket Simulator - Brazilian Money]   - UnityEngine.Component
[Info   :Supermarket Simulator - Brazilian Money]   - UnityEngine.Component
[Info   :Supermarket Simulator - Brazilian Money]   - UnityEngine.Component
[Info   :Supermarket Simulator - Brazilian Money] Object: Coin_1_Cent (3)
[Info   :Supermarket Simulator - Brazilian Money]   Components de Coin_1_Cent (3): 2
[Info   :Supermarket Simulator - Brazilian Money]   - UnityEngine.Transform
[Info   :Supermarket Simulator - Brazilian Money]   - UnityEngine.Component
[Info   :Supermarket Simulator - Brazilian Money] Object: SM_Coin_1_Cent
[Info   :Supermarket Simulator - Brazilian Money]   Components de SM_Coin_1_Cent: 4
[Info   :Supermarket Simulator - Brazilian Money]   - UnityEngine.Transform
[Info   :Supermarket Simulator - Brazilian Money]   - UnityEngine.Component
[Info   :Supermarket Simulator - Brazilian Money]   - UnityEngine.Component
[Info   :Supermarket Simulator - Brazilian Money]   - UnityEngine.Component
[Info   :Supermarket Simulator - Brazilian Money] Object: Coin_1_Cent (4)
[Info   :Supermarket Simulator - Brazilian Money]   Components de Coin_1_Cent (4): 2
[Info   :Supermarket Simulator - Brazilian Money]   - UnityEngine.Transform
[Info   :Supermarket Simulator - Brazilian Money]   - UnityEngine.Component
[Info   :Supermarket Simulator - Brazilian Money] Object: SM_Coin_1_Cent
[Info   :Supermarket Simulator - Brazilian Money]   Components de SM_Coin_1_Cent: 4
[Info   :Supermarket Simulator - Brazilian Money]   - UnityEngine.Transform
[Info   :Supermarket Simulator - Brazilian Money]   - UnityEngine.Component
[Info   :Supermarket Simulator - Brazilian Money]   - UnityEngine.Component
[Info   :Supermarket Simulator - Brazilian Money]   - UnityEngine.Component
[Info   :Supermarket Simulator - Brazilian Money] Object: Coin_1_Cent (5)
[Info   :Supermarket Simulator - Brazilian Money]   Components de Coin_1_Cent (5): 2
[Info   :Supermarket Simulator - Brazilian Money]   - UnityEngine.Transform
[Info   :Supermarket Simulator - Brazilian Money]   - UnityEngine.Component
[Info   :Supermarket Simulator - Brazilian Money] Object: SM_Coin_1_Cent
[Info   :Supermarket Simulator - Brazilian Money]   Components de SM_Coin_1_Cent: 4
[Info   :Supermarket Simulator - Brazilian Money]   - UnityEngine.Transform
[Info   :Supermarket Simulator - Brazilian Money]   - UnityEngine.Component
[Info   :Supermarket Simulator - Brazilian Money]   - UnityEngine.Component
[Info   :Supermarket Simulator - Brazilian Money]   - UnityEngine.Component
[Info   :Supermarket Simulator - Brazilian Money] Object: Coin_1_Cent (6)
[Info   :Supermarket Simulator - Brazilian Money]   Components de Coin_1_Cent (6): 2
[Info   :Supermarket Simulator - Brazilian Money]   - UnityEngine.Transform
[Info   :Supermarket Simulator - Brazilian Money]   - UnityEngine.Component
[Info   :Supermarket Simulator - Brazilian Money] Object: SM_Coin_1_Cent
[Info   :Supermarket Simulator - Brazilian Money]   Components de SM_Coin_1_Cent: 4
[Info   :Supermarket Simulator - Brazilian Money]   - UnityEngine.Transform
[Info   :Supermarket Simulator - Brazilian Money]   - UnityEngine.Component
[Info   :Supermarket Simulator - Brazilian Money]   - UnityEngine.Component
[Info   :Supermarket Simulator - Brazilian Money]   - UnityEngine.Component
[Info   :Supermarket Simulator - Brazilian Money] Object: Coin_1_Cent (7)
[Info   :Supermarket Simulator - Brazilian Money]   Components de Coin_1_Cent (7): 2
[Info   :Supermarket Simulator - Brazilian Money]   - UnityEngine.Transform
[Info   :Supermarket Simulator - Brazilian Money]   - UnityEngine.Component
[Info   :Supermarket Simulator - Brazilian Money] Object: SM_Coin_1_Cent
[Info   :Supermarket Simulator - Brazilian Money]   Components de SM_Coin_1_Cent: 4
[Info   :Supermarket Simulator - Brazilian Money]   - UnityEngine.Transform
[Info   :Supermarket Simulator - Brazilian Money]   - UnityEngine.Component
[Info   :Supermarket Simulator - Brazilian Money]   - UnityEngine.Component
[Info   :Supermarket Simulator - Brazilian Money]   - UnityEngine.Component
[Info   :Supermarket Simulator - Brazilian Money] Object: Coin_1_Cent (8)
[Info   :Supermarket Simulator - Brazilian Money]   Components de Coin_1_Cent (8): 2
[Info   :Supermarket Simulator - Brazilian Money]   - UnityEngine.Transform
[Info   :Supermarket Simulator - Brazilian Money]   - UnityEngine.Component
[Info   :Supermarket Simulator - Brazilian Money] Object: SM_Coin_1_Cent
[Info   :Supermarket Simulator - Brazilian Money]   Components de SM_Coin_1_Cent: 4
[Info   :Supermarket Simulator - Brazilian Money]   - UnityEngine.Transform
[Info   :Supermarket Simulator - Brazilian Money]   - UnityEngine.Component
[Info   :Supermarket Simulator - Brazilian Money]   - UnityEngine.Component
[Info   :Supermarket Simulator - Brazilian Money]   - UnityEngine.Component
[Info   :Supermarket Simulator - Brazilian Money] Object: Coin_1_Cent (9)
[Info   :Supermarket Simulator - Brazilian Money]   Components de Coin_1_Cent (9): 2
[Info   :Supermarket Simulator - Brazilian Money]   - UnityEngine.Transform
[Info   :Supermarket Simulator - Brazilian Money]   - UnityEngine.Component
[Info   :Supermarket Simulator - Brazilian Money] Object: SM_Coin_1_Cent
[Info   :Supermarket Simulator - Brazilian Money]   Components de SM_Coin_1_Cent: 4
[Info   :Supermarket Simulator - Brazilian Money]   - UnityEngine.Transform
[Info   :Supermarket Simulator - Brazilian Money]   - UnityEngine.Component
[Info   :Supermarket Simulator - Brazilian Money]   - UnityEngine.Component
[Info   :Supermarket Simulator - Brazilian Money]   - UnityEngine.Component
[Info   :Supermarket Simulator - Brazilian Money] Object: Coin_1_Cent (10)
[Info   :Supermarket Simulator - Brazilian Money]   Components de Coin_1_Cent (10): 2
[Info   :Supermarket Simulator - Brazilian Money]   - UnityEngine.Transform
[Info   :Supermarket Simulator - Brazilian Money]   - UnityEngine.Component
[Info   :Supermarket Simulator - Brazilian Money] Object: SM_Coin_1_Cent
[Info   :Supermarket Simulator - Brazilian Money]   Components de SM_Coin_1_Cent: 4
[Info   :Supermarket Simulator - Brazilian Money]   - UnityEngine.Transform
[Info   :Supermarket Simulator - Brazilian Money]   - UnityEngine.Component
[Info   :Supermarket Simulator - Brazilian Money]   - UnityEngine.Component
[Info   :Supermarket Simulator - Brazilian Money]   - UnityEngine.Component
[Info   :Supermarket Simulator - Brazilian Money] ----- FIM DA ANÁLISE -----
[Info   :Brazilian Money Texture Replacer] POSTFIX SpawnMoney EXECUTADO | isCoin=True | moneyPack=MoneyPack
[Info   :Brazilian Money Texture Replacer] MoneyPack GameObject resolvido: 1 Cent Pack
[Info   :Brazilian Money Texture Replacer] Renderers encontrados em 1 Cent Pack: 11
[Info   :Brazilian Money Texture Replacer] Renderer de moeda encontrado: SM_Coin_1_Cent
[Info   :Brazilian Money Texture Replacer] Material encontrado: M_Money (Instance) | InstanceID=-86568
[Info   :Brazilian Money Texture Replacer] Property: _BaseMap | Texture atual: T_Money_AlbedoTransparency
[Info   :Brazilian Money Texture Replacer] ########################################
[Info   :Brazilian Money Texture Replacer] TEXTURA SUBSTITUIDA
[Info   :Brazilian Money Texture Replacer] Coin Root: 1 Cent Pack
[Info   :Brazilian Money Texture Replacer] Renderer: SM_Coin_1_Cent
[Info   :Brazilian Money Texture Replacer] Material: M_Money (Instance)
[Info   :Brazilian Money Texture Replacer] Material InstanceID: -86568
[Info   :Brazilian Money Texture Replacer] Property: _BaseMap
[Info   :Brazilian Money Texture Replacer] Texture anterior: T_Money_AlbedoTransparency
[Info   :Brazilian Money Texture Replacer] Texture nova: BrazilianCoinAtlas_RUNTIME
[Info   :Brazilian Money Texture Replacer] ########################################
[Info   :Brazilian Money Texture Replacer] Property: _MainTex | Texture atual: T_Money_AlbedoTransparency
[Info   :Brazilian Money Texture Replacer] ########################################
[Info   :Brazilian Money Texture Replacer] TEXTURA SUBSTITUIDA
[Info   :Brazilian Money Texture Replacer] Coin Root: 1 Cent Pack
[Info   :Brazilian Money Texture Replacer] Renderer: SM_Coin_1_Cent
[Info   :Brazilian Money Texture Replacer] Material: M_Money (Instance)
[Info   :Brazilian Money Texture Replacer] Material InstanceID: -86568
[Info   :Brazilian Money Texture Replacer] Property: _MainTex
[Info   :Brazilian Money Texture Replacer] Texture anterior: T_Money_AlbedoTransparency
[Info   :Brazilian Money Texture Replacer] Texture nova: BrazilianCoinAtlas_RUNTIME
[Info   :Brazilian Money Texture Replacer] ########################################
[Info   :Brazilian Money Texture Replacer] Renderer de moeda encontrado: SM_Coin_1_Cent
[Info   :Brazilian Money Texture Replacer] Material encontrado: M_Money (Instance) | InstanceID=-86570
[Info   :Brazilian Money Texture Replacer] Property: _BaseMap | Texture atual: T_Money_AlbedoTransparency
[Info   :Brazilian Money Texture Replacer] ########################################
[Info   :Brazilian Money Texture Replacer] TEXTURA SUBSTITUIDA
[Info   :Brazilian Money Texture Replacer] Coin Root: 1 Cent Pack
[Info   :Brazilian Money Texture Replacer] Renderer: SM_Coin_1_Cent
[Info   :Brazilian Money Texture Replacer] Material: M_Money (Instance)
[Info   :Brazilian Money Texture Replacer] Material InstanceID: -86570
[Info   :Brazilian Money Texture Replacer] Property: _BaseMap
[Info   :Brazilian Money Texture Replacer] Texture anterior: T_Money_AlbedoTransparency
[Info   :Brazilian Money Texture Replacer] Texture nova: BrazilianCoinAtlas_RUNTIME
[Info   :Brazilian Money Texture Replacer] ########################################
[Info   :Brazilian Money Texture Replacer] Property: _MainTex | Texture atual: T_Money_AlbedoTransparency
[Info   :Brazilian Money Texture Replacer] ########################################
[Info   :Brazilian Money Texture Replacer] TEXTURA SUBSTITUIDA
[Info   :Brazilian Money Texture Replacer] Coin Root: 1 Cent Pack
[Info   :Brazilian Money Texture Replacer] Renderer: SM_Coin_1_Cent
[Info   :Brazilian Money Texture Replacer] Material: M_Money (Instance)
[Info   :Brazilian Money Texture Replacer] Material InstanceID: -86570
[Info   :Brazilian Money Texture Replacer] Property: _MainTex
[Info   :Brazilian Money Texture Replacer] Texture anterior: T_Money_AlbedoTransparency
[Info   :Brazilian Money Texture Replacer] Texture nova: BrazilianCoinAtlas_RUNTIME
[Info   :Brazilian Money Texture Replacer] ########################################
[Info   :Brazilian Money Texture Replacer] Renderer de moeda encontrado: SM_Coin_1_Cent
[Info   :Brazilian Money Texture Replacer] Material encontrado: M_Money (Instance) | InstanceID=-86572
[Info   :Brazilian Money Texture Replacer] Property: _BaseMap | Texture atual: T_Money_AlbedoTransparency
[Info   :Brazilian Money Texture Replacer] ########################################
[Info   :Brazilian Money Texture Replacer] TEXTURA SUBSTITUIDA
[Info   :Brazilian Money Texture Replacer] Coin Root: 1 Cent Pack
[Info   :Brazilian Money Texture Replacer] Renderer: SM_Coin_1_Cent
[Info   :Brazilian Money Texture Replacer] Material: M_Money (Instance)
[Info   :Brazilian Money Texture Replacer] Material InstanceID: -86572
[Info   :Brazilian Money Texture Replacer] Property: _BaseMap
[Info   :Brazilian Money Texture Replacer] Texture anterior: T_Money_AlbedoTransparency
[Info   :Brazilian Money Texture Replacer] Texture nova: BrazilianCoinAtlas_RUNTIME
[Info   :Brazilian Money Texture Replacer] ########################################
[Info   :Brazilian Money Texture Replacer] Property: _MainTex | Texture atual: T_Money_AlbedoTransparency
[Info   :Brazilian Money Texture Replacer] ########################################
[Info   :Brazilian Money Texture Replacer] TEXTURA SUBSTITUIDA
[Info   :Brazilian Money Texture Replacer] Coin Root: 1 Cent Pack
[Info   :Brazilian Money Texture Replacer] Renderer: SM_Coin_1_Cent
[Info   :Brazilian Money Texture Replacer] Material: M_Money (Instance)
[Info   :Brazilian Money Texture Replacer] Material InstanceID: -86572
[Info   :Brazilian Money Texture Replacer] Property: _MainTex
[Info   :Brazilian Money Texture Replacer] Texture anterior: T_Money_AlbedoTransparency
[Info   :Brazilian Money Texture Replacer] Texture nova: BrazilianCoinAtlas_RUNTIME
[Info   :Brazilian Money Texture Replacer] ########################################
[Info   :Brazilian Money Texture Replacer] Renderer de moeda encontrado: SM_Coin_1_Cent
[Info   :Brazilian Money Texture Replacer] Material encontrado: M_Money (Instance) | InstanceID=-86574
[Info   :Brazilian Money Texture Replacer] Property: _BaseMap | Texture atual: T_Money_AlbedoTransparency
[Info   :Brazilian Money Texture Replacer] ########################################
[Info   :Brazilian Money Texture Replacer] TEXTURA SUBSTITUIDA
[Info   :Brazilian Money Texture Replacer] Coin Root: 1 Cent Pack
[Info   :Brazilian Money Texture Replacer] Renderer: SM_Coin_1_Cent
[Info   :Brazilian Money Texture Replacer] Material: M_Money (Instance)
[Info   :Brazilian Money Texture Replacer] Material InstanceID: -86574
[Info   :Brazilian Money Texture Replacer] Property: _BaseMap
[Info   :Brazilian Money Texture Replacer] Texture anterior: T_Money_AlbedoTransparency
[Info   :Brazilian Money Texture Replacer] Texture nova: BrazilianCoinAtlas_RUNTIME
[Info   :Brazilian Money Texture Replacer] ########################################
[Info   :Brazilian Money Texture Replacer] Property: _MainTex | Texture atual: T_Money_AlbedoTransparency
[Info   :Brazilian Money Texture Replacer] ########################################
[Info   :Brazilian Money Texture Replacer] TEXTURA SUBSTITUIDA
[Info   :Brazilian Money Texture Replacer] Coin Root: 1 Cent Pack
[Info   :Brazilian Money Texture Replacer] Renderer: SM_Coin_1_Cent
[Info   :Brazilian Money Texture Replacer] Material: M_Money (Instance)
[Info   :Brazilian Money Texture Replacer] Material InstanceID: -86574
[Info   :Brazilian Money Texture Replacer] Property: _MainTex
[Info   :Brazilian Money Texture Replacer] Texture anterior: T_Money_AlbedoTransparency
[Info   :Brazilian Money Texture Replacer] Texture nova: BrazilianCoinAtlas_RUNTIME
[Info   :Brazilian Money Texture Replacer] ########################################
[Info   :Brazilian Money Texture Replacer] Renderer de moeda encontrado: SM_Coin_1_Cent
[Info   :Brazilian Money Texture Replacer] Material encontrado: M_Money (Instance) | InstanceID=-86576
[Info   :Brazilian Money Texture Replacer] Property: _BaseMap | Texture atual: T_Money_AlbedoTransparency
[Info   :Brazilian Money Texture Replacer] ########################################
[Info   :Brazilian Money Texture Replacer] TEXTURA SUBSTITUIDA
[Info   :Brazilian Money Texture Replacer] Coin Root: 1 Cent Pack
[Info   :Brazilian Money Texture Replacer] Renderer: SM_Coin_1_Cent
[Info   :Brazilian Money Texture Replacer] Material: M_Money (Instance)
[Info   :Brazilian Money Texture Replacer] Material InstanceID: -86576
[Info   :Brazilian Money Texture Replacer] Property: _BaseMap
[Info   :Brazilian Money Texture Replacer] Texture anterior: T_Money_AlbedoTransparency
[Info   :Brazilian Money Texture Replacer] Texture nova: BrazilianCoinAtlas_RUNTIME
[Info   :Brazilian Money Texture Replacer] ########################################
[Info   :Brazilian Money Texture Replacer] Property: _MainTex | Texture atual: T_Money_AlbedoTransparency
[Info   :Brazilian Money Texture Replacer] ########################################
[Info   :Brazilian Money Texture Replacer] TEXTURA SUBSTITUIDA
[Info   :Brazilian Money Texture Replacer] Coin Root: 1 Cent Pack
[Info   :Brazilian Money Texture Replacer] Renderer: SM_Coin_1_Cent
[Info   :Brazilian Money Texture Replacer] Material: M_Money (Instance)
[Info   :Brazilian Money Texture Replacer] Material InstanceID: -86576
[Info   :Brazilian Money Texture Replacer] Property: _MainTex
[Info   :Brazilian Money Texture Replacer] Texture anterior: T_Money_AlbedoTransparency
[Info   :Brazilian Money Texture Replacer] Texture nova: BrazilianCoinAtlas_RUNTIME
[Info   :Brazilian Money Texture Replacer] ########################################
[Info   :Brazilian Money Texture Replacer] Renderer de moeda encontrado: SM_Coin_1_Cent
[Info   :Brazilian Money Texture Replacer] Material encontrado: M_Money (Instance) | InstanceID=-86578
[Info   :Brazilian Money Texture Replacer] Property: _BaseMap | Texture atual: T_Money_AlbedoTransparency
[Info   :Brazilian Money Texture Replacer] ########################################
[Info   :Brazilian Money Texture Replacer] TEXTURA SUBSTITUIDA
[Info   :Brazilian Money Texture Replacer] Coin Root: 1 Cent Pack
[Info   :Brazilian Money Texture Replacer] Renderer: SM_Coin_1_Cent
[Info   :Brazilian Money Texture Replacer] Material: M_Money (Instance)
[Info   :Brazilian Money Texture Replacer] Material InstanceID: -86578
[Info   :Brazilian Money Texture Replacer] Property: _BaseMap
[Info   :Brazilian Money Texture Replacer] Texture anterior: T_Money_AlbedoTransparency
[Info   :Brazilian Money Texture Replacer] Texture nova: BrazilianCoinAtlas_RUNTIME
[Info   :Brazilian Money Texture Replacer] ########################################
[Info   :Brazilian Money Texture Replacer] Property: _MainTex | Texture atual: T_Money_AlbedoTransparency
[Info   :Brazilian Money Texture Replacer] ########################################
[Info   :Brazilian Money Texture Replacer] TEXTURA SUBSTITUIDA
[Info   :Brazilian Money Texture Replacer] Coin Root: 1 Cent Pack
[Info   :Brazilian Money Texture Replacer] Renderer: SM_Coin_1_Cent
[Info   :Brazilian Money Texture Replacer] Material: M_Money (Instance)
[Info   :Brazilian Money Texture Replacer] Material InstanceID: -86578
[Info   :Brazilian Money Texture Replacer] Property: _MainTex
[Info   :Brazilian Money Texture Replacer] Texture anterior: T_Money_AlbedoTransparency
[Info   :Brazilian Money Texture Replacer] Texture nova: BrazilianCoinAtlas_RUNTIME
[Info   :Brazilian Money Texture Replacer] ########################################
[Info   :Brazilian Money Texture Replacer] Renderer de moeda encontrado: SM_Coin_1_Cent
[Info   :Brazilian Money Texture Replacer] Material encontrado: M_Money (Instance) | InstanceID=-86580
[Info   :Brazilian Money Texture Replacer] Property: _BaseMap | Texture atual: T_Money_AlbedoTransparency
[Info   :Brazilian Money Texture Replacer] ########################################
[Info   :Brazilian Money Texture Replacer] TEXTURA SUBSTITUIDA
[Info   :Brazilian Money Texture Replacer] Coin Root: 1 Cent Pack
[Info   :Brazilian Money Texture Replacer] Renderer: SM_Coin_1_Cent
[Info   :Brazilian Money Texture Replacer] Material: M_Money (Instance)
[Info   :Brazilian Money Texture Replacer] Material InstanceID: -86580
[Info   :Brazilian Money Texture Replacer] Property: _BaseMap
[Info   :Brazilian Money Texture Replacer] Texture anterior: T_Money_AlbedoTransparency
[Info   :Brazilian Money Texture Replacer] Texture nova: BrazilianCoinAtlas_RUNTIME
[Info   :Brazilian Money Texture Replacer] ########################################
[Info   :Brazilian Money Texture Replacer] Property: _MainTex | Texture atual: T_Money_AlbedoTransparency
[Info   :Brazilian Money Texture Replacer] ########################################
[Info   :Brazilian Money Texture Replacer] TEXTURA SUBSTITUIDA
[Info   :Brazilian Money Texture Replacer] Coin Root: 1 Cent Pack
[Info   :Brazilian Money Texture Replacer] Renderer: SM_Coin_1_Cent
[Info   :Brazilian Money Texture Replacer] Material: M_Money (Instance)
[Info   :Brazilian Money Texture Replacer] Material InstanceID: -86580
[Info   :Brazilian Money Texture Replacer] Property: _MainTex
[Info   :Brazilian Money Texture Replacer] Texture anterior: T_Money_AlbedoTransparency
[Info   :Brazilian Money Texture Replacer] Texture nova: BrazilianCoinAtlas_RUNTIME
[Info   :Brazilian Money Texture Replacer] ########################################
[Info   :Brazilian Money Texture Replacer] Renderer de moeda encontrado: SM_Coin_1_Cent
[Info   :Brazilian Money Texture Replacer] Material encontrado: M_Money (Instance) | InstanceID=-86582
[Info   :Brazilian Money Texture Replacer] Property: _BaseMap | Texture atual: T_Money_AlbedoTransparency
[Info   :Brazilian Money Texture Replacer] ########################################
[Info   :Brazilian Money Texture Replacer] TEXTURA SUBSTITUIDA
[Info   :Brazilian Money Texture Replacer] Coin Root: 1 Cent Pack
[Info   :Brazilian Money Texture Replacer] Renderer: SM_Coin_1_Cent
[Info   :Brazilian Money Texture Replacer] Material: M_Money (Instance)
[Info   :Brazilian Money Texture Replacer] Material InstanceID: -86582
[Info   :Brazilian Money Texture Replacer] Property: _BaseMap
[Info   :Brazilian Money Texture Replacer] Texture anterior: T_Money_AlbedoTransparency
[Info   :Brazilian Money Texture Replacer] Texture nova: BrazilianCoinAtlas_RUNTIME
[Info   :Brazilian Money Texture Replacer] ########################################
[Info   :Brazilian Money Texture Replacer] Property: _MainTex | Texture atual: T_Money_AlbedoTransparency
[Info   :Brazilian Money Texture Replacer] ########################################
[Info   :Brazilian Money Texture Replacer] TEXTURA SUBSTITUIDA
[Info   :Brazilian Money Texture Replacer] Coin Root: 1 Cent Pack
[Info   :Brazilian Money Texture Replacer] Renderer: SM_Coin_1_Cent
[Info   :Brazilian Money Texture Replacer] Material: M_Money (Instance)
[Info   :Brazilian Money Texture Replacer] Material InstanceID: -86582
[Info   :Brazilian Money Texture Replacer] Property: _MainTex
[Info   :Brazilian Money Texture Replacer] Texture anterior: T_Money_AlbedoTransparency
[Info   :Brazilian Money Texture Replacer] Texture nova: BrazilianCoinAtlas_RUNTIME
[Info   :Brazilian Money Texture Replacer] ########################################
[Info   :Brazilian Money Texture Replacer] Renderer de moeda encontrado: SM_Coin_1_Cent
[Info   :Brazilian Money Texture Replacer] Material encontrado: M_Money (Instance) | InstanceID=-86584
[Info   :Brazilian Money Texture Replacer] Property: _BaseMap | Texture atual: T_Money_AlbedoTransparency
[Info   :Brazilian Money Texture Replacer] ########################################
[Info   :Brazilian Money Texture Replacer] TEXTURA SUBSTITUIDA
[Info   :Brazilian Money Texture Replacer] Coin Root: 1 Cent Pack
[Info   :Brazilian Money Texture Replacer] Renderer: SM_Coin_1_Cent
[Info   :Brazilian Money Texture Replacer] Material: M_Money (Instance)
[Info   :Brazilian Money Texture Replacer] Material InstanceID: -86584
[Info   :Brazilian Money Texture Replacer] Property: _BaseMap
[Info   :Brazilian Money Texture Replacer] Texture anterior: T_Money_AlbedoTransparency
[Info   :Brazilian Money Texture Replacer] Texture nova: BrazilianCoinAtlas_RUNTIME
[Info   :Brazilian Money Texture Replacer] ########################################
[Info   :Brazilian Money Texture Replacer] Property: _MainTex | Texture atual: T_Money_AlbedoTransparency
[Info   :Brazilian Money Texture Replacer] ########################################
[Info   :Brazilian Money Texture Replacer] TEXTURA SUBSTITUIDA
[Info   :Brazilian Money Texture Replacer] Coin Root: 1 Cent Pack
[Info   :Brazilian Money Texture Replacer] Renderer: SM_Coin_1_Cent
[Info   :Brazilian Money Texture Replacer] Material: M_Money (Instance)
[Info   :Brazilian Money Texture Replacer] Material InstanceID: -86584
[Info   :Brazilian Money Texture Replacer] Property: _MainTex
[Info   :Brazilian Money Texture Replacer] Texture anterior: T_Money_AlbedoTransparency
[Info   :Brazilian Money Texture Replacer] Texture nova: BrazilianCoinAtlas_RUNTIME
[Info   :Brazilian Money Texture Replacer] ########################################
[Info   :Brazilian Money Texture Replacer] Renderer de moeda encontrado: SM_Coin_1_Cent
[Info   :Brazilian Money Texture Replacer] Material encontrado: M_Money (Instance) | InstanceID=-86586
[Info   :Brazilian Money Texture Replacer] Property: _BaseMap | Texture atual: T_Money_AlbedoTransparency
[Info   :Brazilian Money Texture Replacer] ########################################
[Info   :Brazilian Money Texture Replacer] TEXTURA SUBSTITUIDA
[Info   :Brazilian Money Texture Replacer] Coin Root: 1 Cent Pack
[Info   :Brazilian Money Texture Replacer] Renderer: SM_Coin_1_Cent
[Info   :Brazilian Money Texture Replacer] Material: M_Money (Instance)
[Info   :Brazilian Money Texture Replacer] Material InstanceID: -86586
[Info   :Brazilian Money Texture Replacer] Property: _BaseMap
[Info   :Brazilian Money Texture Replacer] Texture anterior: T_Money_AlbedoTransparency
[Info   :Brazilian Money Texture Replacer] Texture nova: BrazilianCoinAtlas_RUNTIME
[Info   :Brazilian Money Texture Replacer] ########################################
[Info   :Brazilian Money Texture Replacer] Property: _MainTex | Texture atual: T_Money_AlbedoTransparency
[Info   :Brazilian Money Texture Replacer] ########################################
[Info   :Brazilian Money Texture Replacer] TEXTURA SUBSTITUIDA
[Info   :Brazilian Money Texture Replacer] Coin Root: 1 Cent Pack
[Info   :Brazilian Money Texture Replacer] Renderer: SM_Coin_1_Cent
[Info   :Brazilian Money Texture Replacer] Material: M_Money (Instance)
[Info   :Brazilian Money Texture Replacer] Material InstanceID: -86586
[Info   :Brazilian Money Texture Replacer] Property: _MainTex
[Info   :Brazilian Money Texture Replacer] Texture anterior: T_Money_AlbedoTransparency
[Info   :Brazilian Money Texture Replacer] Texture nova: BrazilianCoinAtlas_RUNTIME
[Info   :Brazilian Money Texture Replacer] ########################################
[Info   :Brazilian Money Texture Replacer] Renderer de moeda encontrado: SM_Coin_1_Cent
[Info   :Brazilian Money Texture Replacer] Material encontrado: M_Money (Instance) | InstanceID=-86588
[Info   :Brazilian Money Texture Replacer] Property: _BaseMap | Texture atual: T_Money_AlbedoTransparency
[Info   :Brazilian Money Texture Replacer] ########################################
[Info   :Brazilian Money Texture Replacer] TEXTURA SUBSTITUIDA
[Info   :Brazilian Money Texture Replacer] Coin Root: 1 Cent Pack
[Info   :Brazilian Money Texture Replacer] Renderer: SM_Coin_1_Cent
[Info   :Brazilian Money Texture Replacer] Material: M_Money (Instance)
[Info   :Brazilian Money Texture Replacer] Material InstanceID: -86588
[Info   :Brazilian Money Texture Replacer] Property: _BaseMap
[Info   :Brazilian Money Texture Replacer] Texture anterior: T_Money_AlbedoTransparency
[Info   :Brazilian Money Texture Replacer] Texture nova: BrazilianCoinAtlas_RUNTIME
[Info   :Brazilian Money Texture Replacer] ########################################
[Info   :Brazilian Money Texture Replacer] Property: _MainTex | Texture atual: T_Money_AlbedoTransparency
[Info   :Brazilian Money Texture Replacer] ########################################
[Info   :Brazilian Money Texture Replacer] TEXTURA SUBSTITUIDA
[Info   :Brazilian Money Texture Replacer] Coin Root: 1 Cent Pack
[Info   :Brazilian Money Texture Replacer] Renderer: SM_Coin_1_Cent
[Info   :Brazilian Money Texture Replacer] Material: M_Money (Instance)
[Info   :Brazilian Money Texture Replacer] Material InstanceID: -86588
[Info   :Brazilian Money Texture Replacer] Property: _MainTex
[Info   :Brazilian Money Texture Replacer] Texture anterior: T_Money_AlbedoTransparency
[Info   :Brazilian Money Texture Replacer] Texture nova: BrazilianCoinAtlas_RUNTIME
[Info   :Brazilian Money Texture Replacer] ########################################
[Info   :Brazilian Money Texture Replacer] COIN REPLACED: 1 Cent Pack
[Info   :Currency Asset Analyzer] Novo MoneyPack descoberto: COIN | Name=1 Cent Pack | Value=0,01
[Info   :Currency Asset Analyzer] TEXTURA ALVO ENCONTRADA: T_Money_Normal | Type=UnityEngine.Texture | InstanceID=232062 | Material=M_Money (Instance) | Property=_BumpMap | GameObject=SM_Coin_1_Cent
[Info   :Currency Asset Analyzer] TEXTURA ALVO ENCONTRADA: T_Money_SpecularSmoothness | Type=UnityEngine.Texture | InstanceID=232064 | Material=M_Money (Instance) | Property=_MetallicGlossMap | GameObject=SM_Coin_1_Cent
[Info   :Currency Asset Analyzer] TEXTURA ALVO ENCONTRADA: T_Money_SpecularSmoothness | Type=UnityEngine.Texture | InstanceID=232064 | Material=M_Money (Instance) | Property=_SpecGlossMap | GameObject=SM_Coin_1_Cent
[Info   :Currency Asset Analyzer] TEXTURA ALVO ENCONTRADA: T_Money_Normal | Type=UnityEngine.Texture | InstanceID=232062 | Material=M_Money (Instance) | Property=_BumpMap | GameObject=SM_Coin_1_Cent
[Info   :Currency Asset Analyzer] TEXTURA ALVO ENCONTRADA: T_Money_SpecularSmoothness | Type=UnityEngine.Texture | InstanceID=232064 | Material=M_Money (Instance) | Property=_MetallicGlossMap | GameObject=SM_Coin_1_Cent
[Info   :Currency Asset Analyzer] TEXTURA ALVO ENCONTRADA: T_Money_SpecularSmoothness | Type=UnityEngine.Texture | InstanceID=232064 | Material=M_Money (Instance) | Property=_SpecGlossMap | GameObject=SM_Coin_1_Cent
[Info   :Currency Asset Analyzer] TEXTURA ALVO ENCONTRADA: T_Money_Normal | Type=UnityEngine.Texture | InstanceID=232062 | Material=M_Money (Instance) | Property=_BumpMap | GameObject=SM_Coin_1_Cent
[Info   :Currency Asset Analyzer] TEXTURA ALVO ENCONTRADA: T_Money_SpecularSmoothness | Type=UnityEngine.Texture | InstanceID=232064 | Material=M_Money (Instance) | Property=_MetallicGlossMap | GameObject=SM_Coin_1_Cent
[Info   :Currency Asset Analyzer] TEXTURA ALVO ENCONTRADA: T_Money_SpecularSmoothness | Type=UnityEngine.Texture | InstanceID=232064 | Material=M_Money (Instance) | Property=_SpecGlossMap | GameObject=SM_Coin_1_Cent
[Info   :Currency Asset Analyzer] TEXTURA ALVO ENCONTRADA: T_Money_Normal | Type=UnityEngine.Texture | InstanceID=232062 | Material=M_Money (Instance) | Property=_BumpMap | GameObject=SM_Coin_1_Cent
[Info   :Currency Asset Analyzer] TEXTURA ALVO ENCONTRADA: T_Money_SpecularSmoothness | Type=UnityEngine.Texture | InstanceID=232064 | Material=M_Money (Instance) | Property=_MetallicGlossMap | GameObject=SM_Coin_1_Cent
[Info   :Currency Asset Analyzer] TEXTURA ALVO ENCONTRADA: T_Money_SpecularSmoothness | Type=UnityEngine.Texture | InstanceID=232064 | Material=M_Money (Instance) | Property=_SpecGlossMap | GameObject=SM_Coin_1_Cent
[Info   :Currency Asset Analyzer] TEXTURA ALVO ENCONTRADA: T_Money_Normal | Type=UnityEngine.Texture | InstanceID=232062 | Material=M_Money (Instance) | Property=_BumpMap | GameObject=SM_Coin_1_Cent
[Info   :Currency Asset Analyzer] TEXTURA ALVO ENCONTRADA: T_Money_SpecularSmoothness | Type=UnityEngine.Texture | InstanceID=232064 | Material=M_Money (Instance) | Property=_MetallicGlossMap | GameObject=SM_Coin_1_Cent
[Info   :Currency Asset Analyzer] TEXTURA ALVO ENCONTRADA: T_Money_SpecularSmoothness | Type=UnityEngine.Texture | InstanceID=232064 | Material=M_Money (Instance) | Property=_SpecGlossMap | GameObject=SM_Coin_1_Cent
[Info   :Currency Asset Analyzer] TEXTURA ALVO ENCONTRADA: T_Money_Normal | Type=UnityEngine.Texture | InstanceID=232062 | Material=M_Money (Instance) | Property=_BumpMap | GameObject=SM_Coin_1_Cent
[Info   :Currency Asset Analyzer] TEXTURA ALVO ENCONTRADA: T_Money_SpecularSmoothness | Type=UnityEngine.Texture | InstanceID=232064 | Material=M_Money (Instance) | Property=_MetallicGlossMap | GameObject=SM_Coin_1_Cent
[Info   :Currency Asset Analyzer] TEXTURA ALVO ENCONTRADA: T_Money_SpecularSmoothness | Type=UnityEngine.Texture | InstanceID=232064 | Material=M_Money (Instance) | Property=_SpecGlossMap | GameObject=SM_Coin_1_Cent
[Info   :Currency Asset Analyzer] TEXTURA ALVO ENCONTRADA: T_Money_Normal | Type=UnityEngine.Texture | InstanceID=232062 | Material=M_Money (Instance) | Property=_BumpMap | GameObject=SM_Coin_1_Cent
[Info   :Currency Asset Analyzer] TEXTURA ALVO ENCONTRADA: T_Money_SpecularSmoothness | Type=UnityEngine.Texture | InstanceID=232064 | Material=M_Money (Instance) | Property=_MetallicGlossMap | GameObject=SM_Coin_1_Cent
[Info   :Currency Asset Analyzer] TEXTURA ALVO ENCONTRADA: T_Money_SpecularSmoothness | Type=UnityEngine.Texture | InstanceID=232064 | Material=M_Money (Instance) | Property=_SpecGlossMap | GameObject=SM_Coin_1_Cent
[Info   :Currency Asset Analyzer] TEXTURA ALVO ENCONTRADA: T_Money_Normal | Type=UnityEngine.Texture | InstanceID=232062 | Material=M_Money (Instance) | Property=_BumpMap | GameObject=SM_Coin_1_Cent
[Info   :Currency Asset Analyzer] TEXTURA ALVO ENCONTRADA: T_Money_SpecularSmoothness | Type=UnityEngine.Texture | InstanceID=232064 | Material=M_Money (Instance) | Property=_MetallicGlossMap | GameObject=SM_Coin_1_Cent
[Info   :Currency Asset Analyzer] TEXTURA ALVO ENCONTRADA: T_Money_SpecularSmoothness | Type=UnityEngine.Texture | InstanceID=232064 | Material=M_Money (Instance) | Property=_SpecGlossMap | GameObject=SM_Coin_1_Cent
[Info   :Currency Asset Analyzer] TEXTURA ALVO ENCONTRADA: T_Money_Normal | Type=UnityEngine.Texture | InstanceID=232062 | Material=M_Money (Instance) | Property=_BumpMap | GameObject=SM_Coin_1_Cent
[Info   :Currency Asset Analyzer] TEXTURA ALVO ENCONTRADA: T_Money_SpecularSmoothness | Type=UnityEngine.Texture | InstanceID=232064 | Material=M_Money (Instance) | Property=_MetallicGlossMap | GameObject=SM_Coin_1_Cent
[Info   :Currency Asset Analyzer] TEXTURA ALVO ENCONTRADA: T_Money_SpecularSmoothness | Type=UnityEngine.Texture | InstanceID=232064 | Material=M_Money (Instance) | Property=_SpecGlossMap | GameObject=SM_Coin_1_Cent
[Info   :Currency Asset Analyzer] TEXTURA ALVO ENCONTRADA: T_Money_Normal | Type=UnityEngine.Texture | InstanceID=232062 | Material=M_Money (Instance) | Property=_BumpMap | GameObject=SM_Coin_1_Cent
[Info   :Currency Asset Analyzer] TEXTURA ALVO ENCONTRADA: T_Money_SpecularSmoothness | Type=UnityEngine.Texture | InstanceID=232064 | Material=M_Money (Instance) | Property=_MetallicGlossMap | GameObject=SM_Coin_1_Cent
[Info   :Currency Asset Analyzer] TEXTURA ALVO ENCONTRADA: T_Money_SpecularSmoothness | Type=UnityEngine.Texture | InstanceID=232064 | Material=M_Money (Instance) | Property=_SpecGlossMap | GameObject=SM_Coin_1_Cent
[Info   :Currency Asset Analyzer] TEXTURA ALVO ENCONTRADA: T_Money_Normal | Type=UnityEngine.Texture | InstanceID=232062 | Material=M_Money (Instance) | Property=_BumpMap | GameObject=SM_Coin_1_Cent
[Info   :Currency Asset Analyzer] TEXTURA ALVO ENCONTRADA: T_Money_SpecularSmoothness | Type=UnityEngine.Texture | InstanceID=232064 | Material=M_Money (Instance) | Property=_MetallicGlossMap | GameObject=SM_Coin_1_Cent
[Info   :Currency Asset Analyzer] TEXTURA ALVO ENCONTRADA: T_Money_SpecularSmoothness | Type=UnityEngine.Texture | InstanceID=232064 | Material=M_Money (Instance) | Property=_SpecGlossMap | GameObject=SM_Coin_1_Cent
[Info   :Currency Asset Analyzer] Relatorio MoneyPack salvo: B:\SteamLibrary\steamapps\common\Supermarket Simulator\BepInEx\plugins\CurrencyAssetAnalyzer\AnalyzerV8\MoneyPack\COIN_1 Cent Pack_0.01.txt
[Info   :Currency Asset Analyzer] Arquivo sincronizado: C:\Users\natan\Documents\Mods\SupermarketSimulator\CurrencyAssetAnalyzer\Reports\MoneyPack\COIN_1 Cent Pack_0.01.txt
[Info   :Currency Atlas Mapper] ========================================
[Info   :Currency Atlas Mapper] Mapeando: SM_Coin_1_Cent
[Info   :Currency Atlas Mapper] Mesh vertices: 194
[Info   :Currency Atlas Mapper] Renderer: UnityEngine.Renderer
[Info   :Currency Atlas Mapper] Camera: Main Camera
[Info   :Currency Atlas Mapper] Sincronizado: C:\Users\natan\Documents\Mods\SupermarketSimulator\CurrencyAssetAnalyzer\Reports\AtlasMapping\SM_Coin_1_Cent_REAL_CAMERA.png
[Info   :Currency Atlas Mapper] Captura real concluida: SM_Coin_1_Cent | Pixels=0 | U=1.000000..0.000000 | V=1.000000..0.000000
[Info   :Currency Atlas Mapper] Sincronizado: C:\Users\natan\Documents\Mods\SupermarketSimulator\CurrencyAssetAnalyzer\Reports\AtlasMapping\AtlasMapReport.txt
[Info   :Currency Mesh Fingerprint] ========================================
[Info   :Currency Mesh Fingerprint] Analisando mesh: SM_Coin_1_Cent
[Info   :Currency Mesh Fingerprint] VertexCount informado pelo Unity: 194
[Info   :Currency Mesh Fingerprint] Vertices lidos: 0
[Info   :Currency Mesh Fingerprint] Normais lidas: 0
[Info   :Currency Mesh Fingerprint] Tangentes lidas: 0
[Info   :Currency Mesh Fingerprint] UV0 lidos: 0
[Info   :Money Material Probe] ========================================
[Info   :Money Material Probe] MONEY MATERIAL PROBE
[Info   :Money Material Probe] MoneyPack Type: MoneyPack
[Info   :Money Material Probe] Tipo informado pelo SpawnMoney: COIN
[Info   :Money Material Probe] GameObject resolvido: 1 Cent Pack
[Info   :Money Material Probe] Value: 0.01
[Info   :Money Material Probe] GameObject InstanceID: -5640
[Info   :Money Material Probe] Analise concluida: 1 Cent Pack
[Info   :Money Material Probe] ========================================
[Info   :Currency Atlas Triangle Mapper] Index Readback solicitado.
[Info   :Currency Atlas UV Mapper] Mapeamento concluido: SM_Coin_1_Cent | U=0.051746..0.218824 | V=0.654147..0.988918
[Info   :Currency Atlas UV Mapper] Finalizado: SM_Coin_1_Cent
[Info   :Currency Atlas Triangle Mapper] Triangulos reconstruidos: SM_Coin_1_Cent | 188/188
[Info   :Currency Atlas Mask Generator] ========================================
[Info   :Currency Atlas Mask Generator] TriangleReport completo.
[Info   :Currency Atlas Mask Generator] Mascara gerada: SM_Coin_50_Cents | Triangulos=188 | Pixels=116254
[Info   :Currency Atlas Mask Generator] Mascara gerada: SM_Coin_25_Cents | Triangulos=188 | Pixels=73375
[Info   :Currency Atlas Mask Generator] Mascara gerada: SM_Coin_10_Cents | Triangulos=188 | Pixels=37523
[Info   :Currency Atlas Mask Generator] Mascara gerada: SM_Coin_5_Cents | Triangulos=188 | Pixels=68292
[Info   :Currency Atlas Mask Generator] Mascara gerada: SM_Coin_1_Cent | Triangulos=188 | Pixels=45378
[Info   :Currency Atlas Mask Generator] Mascara combinada gerada.
[Info   :Currency Atlas Mask Generator] Todas as mascaras foram geradas.
[Info   :Supermarket Simulator - Brazilian Money] Dinheiro detectado: Type=COIN | Name=1 Cent Pack | Value=0,01
[Info   :Supermarket Simulator - Brazilian Money] ----- ANÁLISE DO MONEY PACK -----
[Info   :Supermarket Simulator - Brazilian Money] Type: COIN
[Info   :Supermarket Simulator - Brazilian Money] Name: 1 Cent Pack
[Info   :Supermarket Simulator - Brazilian Money] Value: 0,01
[Info   :Supermarket Simulator - Brazilian Money] InstanceID: -5640
[Info   :Supermarket Simulator - Brazilian Money] Hierarchy: ---MANAGERS---/Checkout Manager/Checkout/Cash Register/Checkout Drawer/1 Cent Pack
[Info   :Supermarket Simulator - Brazilian Money] Objetos na hierarquia: 25
[Info   :Supermarket Simulator - Brazilian Money] Object: 1 Cent Pack
[Info   :Supermarket Simulator - Brazilian Money]   Components de 1 Cent Pack: 5
[Info   :Supermarket Simulator - Brazilian Money]   - UnityEngine.Transform
[Info   :Supermarket Simulator - Brazilian Money]   - UnityEngine.Component
[Info   :Supermarket Simulator - Brazilian Money]   - MoneyPack
[Info   :Supermarket Simulator - Brazilian Money]   - UnityEngine.Component
[Info   :Supermarket Simulator - Brazilian Money]   - UnityEngine.Component
[Info   :Supermarket Simulator - Brazilian Money] Object: Visuals
[Info   :Supermarket Simulator - Brazilian Money]   Components de Visuals: 1
[Info   :Supermarket Simulator - Brazilian Money]   - UnityEngine.Transform
[Info   :Supermarket Simulator - Brazilian Money] Object: 1 Cent Pack
[Info   :Supermarket Simulator - Brazilian Money]   Components de 1 Cent Pack: 1
[Info   :Supermarket Simulator - Brazilian Money]   - UnityEngine.Transform
[Info   :Supermarket Simulator - Brazilian Money] Object: Coin_1_Cent
[Info   :Supermarket Simulator - Brazilian Money]   Components de Coin_1_Cent: 2
[Info   :Supermarket Simulator - Brazilian Money]   - UnityEngine.Transform
[Info   :Supermarket Simulator - Brazilian Money]   - UnityEngine.Component
[Info   :Supermarket Simulator - Brazilian Money] Object: SM_Coin_1_Cent
[Info   :Supermarket Simulator - Brazilian Money]   Components de SM_Coin_1_Cent: 4
[Info   :Supermarket Simulator - Brazilian Money]   - UnityEngine.Transform
[Info   :Supermarket Simulator - Brazilian Money]   - UnityEngine.MeshFilter
[Info   :Supermarket Simulator - Brazilian Money]   - UnityEngine.Component
[Info   :Supermarket Simulator - Brazilian Money]   - UnityEngine.Component
[Info   :Supermarket Simulator - Brazilian Money] Object: Coin_1_Cent (1)
[Info   :Supermarket Simulator - Brazilian Money]   Components de Coin_1_Cent (1): 2
[Info   :Supermarket Simulator - Brazilian Money]   - UnityEngine.Transform
[Info   :Supermarket Simulator - Brazilian Money]   - UnityEngine.Component
[Info   :Supermarket Simulator - Brazilian Money] Object: SM_Coin_1_Cent
[Info   :Supermarket Simulator - Brazilian Money]   Components de SM_Coin_1_Cent: 4
[Info   :Supermarket Simulator - Brazilian Money]   - UnityEngine.Transform
[Info   :Supermarket Simulator - Brazilian Money]   - UnityEngine.Component
[Info   :Supermarket Simulator - Brazilian Money]   - UnityEngine.Component
[Info   :Supermarket Simulator - Brazilian Money]   - UnityEngine.Component
[Info   :Supermarket Simulator - Brazilian Money] Object: Coin_1_Cent (2)
[Info   :Supermarket Simulator - Brazilian Money]   Components de Coin_1_Cent (2): 2
[Info   :Supermarket Simulator - Brazilian Money]   - UnityEngine.Transform
[Info   :Supermarket Simulator - Brazilian Money]   - UnityEngine.Component
[Info   :Supermarket Simulator - Brazilian Money] Object: SM_Coin_1_Cent
[Info   :Supermarket Simulator - Brazilian Money]   Components de SM_Coin_1_Cent: 4
[Info   :Supermarket Simulator - Brazilian Money]   - UnityEngine.Transform
[Info   :Supermarket Simulator - Brazilian Money]   - UnityEngine.Component
[Info   :Supermarket Simulator - Brazilian Money]   - UnityEngine.Component
[Info   :Supermarket Simulator - Brazilian Money]   - UnityEngine.Component
[Info   :Supermarket Simulator - Brazilian Money] Object: Coin_1_Cent (3)
[Info   :Supermarket Simulator - Brazilian Money]   Components de Coin_1_Cent (3): 2
[Info   :Supermarket Simulator - Brazilian Money]   - UnityEngine.Transform
[Info   :Supermarket Simulator - Brazilian Money]   - UnityEngine.Component
[Info   :Supermarket Simulator - Brazilian Money] Object: SM_Coin_1_Cent
[Info   :Supermarket Simulator - Brazilian Money]   Components de SM_Coin_1_Cent: 4
[Info   :Supermarket Simulator - Brazilian Money]   - UnityEngine.Transform
[Info   :Supermarket Simulator - Brazilian Money]   - UnityEngine.Component
[Info   :Supermarket Simulator - Brazilian Money]   - UnityEngine.Component
[Info   :Supermarket Simulator - Brazilian Money]   - UnityEngine.Component
[Info   :Supermarket Simulator - Brazilian Money] Object: Coin_1_Cent (4)
[Info   :Supermarket Simulator - Brazilian Money]   Components de Coin_1_Cent (4): 2
[Info   :Supermarket Simulator - Brazilian Money]   - UnityEngine.Transform
[Info   :Supermarket Simulator - Brazilian Money]   - UnityEngine.Component
[Info   :Supermarket Simulator - Brazilian Money] Object: SM_Coin_1_Cent
[Info   :Supermarket Simulator - Brazilian Money]   Components de SM_Coin_1_Cent: 4
[Info   :Supermarket Simulator - Brazilian Money]   - UnityEngine.Transform
[Info   :Supermarket Simulator - Brazilian Money]   - UnityEngine.Component
[Info   :Supermarket Simulator - Brazilian Money]   - UnityEngine.Component
[Info   :Supermarket Simulator - Brazilian Money]   - UnityEngine.Component
[Info   :Supermarket Simulator - Brazilian Money] Object: Coin_1_Cent (5)
[Info   :Supermarket Simulator - Brazilian Money]   Components de Coin_1_Cent (5): 2
[Info   :Supermarket Simulator - Brazilian Money]   - UnityEngine.Transform
[Info   :Supermarket Simulator - Brazilian Money]   - UnityEngine.Component
[Info   :Supermarket Simulator - Brazilian Money] Object: SM_Coin_1_Cent
[Info   :Supermarket Simulator - Brazilian Money]   Components de SM_Coin_1_Cent: 4
[Info   :Supermarket Simulator - Brazilian Money]   - UnityEngine.Transform
[Info   :Supermarket Simulator - Brazilian Money]   - UnityEngine.Component
[Info   :Supermarket Simulator - Brazilian Money]   - UnityEngine.Component
[Info   :Supermarket Simulator - Brazilian Money]   - UnityEngine.Component
[Info   :Supermarket Simulator - Brazilian Money] Object: Coin_1_Cent (6)
[Info   :Supermarket Simulator - Brazilian Money]   Components de Coin_1_Cent (6): 2
[Info   :Supermarket Simulator - Brazilian Money]   - UnityEngine.Transform
[Info   :Supermarket Simulator - Brazilian Money]   - UnityEngine.Component
[Info   :Supermarket Simulator - Brazilian Money] Object: SM_Coin_1_Cent
[Info   :Supermarket Simulator - Brazilian Money]   Components de SM_Coin_1_Cent: 4
[Info   :Supermarket Simulator - Brazilian Money]   - UnityEngine.Transform
[Info   :Supermarket Simulator - Brazilian Money]   - UnityEngine.Component
[Info   :Supermarket Simulator - Brazilian Money]   - UnityEngine.Component
[Info   :Supermarket Simulator - Brazilian Money]   - UnityEngine.Component
[Info   :Supermarket Simulator - Brazilian Money] Object: Coin_1_Cent (7)
[Info   :Supermarket Simulator - Brazilian Money]   Components de Coin_1_Cent (7): 2
[Info   :Supermarket Simulator - Brazilian Money]   - UnityEngine.Transform
[Info   :Supermarket Simulator - Brazilian Money]   - UnityEngine.Component
[Info   :Supermarket Simulator - Brazilian Money] Object: SM_Coin_1_Cent
[Info   :Supermarket Simulator - Brazilian Money]   Components de SM_Coin_1_Cent: 4
[Info   :Supermarket Simulator - Brazilian Money]   - UnityEngine.Transform
[Info   :Supermarket Simulator - Brazilian Money]   - UnityEngine.Component
[Info   :Supermarket Simulator - Brazilian Money]   - UnityEngine.Component
[Info   :Supermarket Simulator - Brazilian Money]   - UnityEngine.Component
[Info   :Supermarket Simulator - Brazilian Money] Object: Coin_1_Cent (8)
[Info   :Supermarket Simulator - Brazilian Money]   Components de Coin_1_Cent (8): 2
[Info   :Supermarket Simulator - Brazilian Money]   - UnityEngine.Transform
[Info   :Supermarket Simulator - Brazilian Money]   - UnityEngine.Component
[Info   :Supermarket Simulator - Brazilian Money] Object: SM_Coin_1_Cent
[Info   :Supermarket Simulator - Brazilian Money]   Components de SM_Coin_1_Cent: 4
[Info   :Supermarket Simulator - Brazilian Money]   - UnityEngine.Transform
[Info   :Supermarket Simulator - Brazilian Money]   - UnityEngine.Component
[Info   :Supermarket Simulator - Brazilian Money]   - UnityEngine.Component
[Info   :Supermarket Simulator - Brazilian Money]   - UnityEngine.Component
[Info   :Supermarket Simulator - Brazilian Money] Object: Coin_1_Cent (9)
[Info   :Supermarket Simulator - Brazilian Money]   Components de Coin_1_Cent (9): 2
[Info   :Supermarket Simulator - Brazilian Money]   - UnityEngine.Transform
[Info   :Supermarket Simulator - Brazilian Money]   - UnityEngine.Component
[Info   :Supermarket Simulator - Brazilian Money] Object: SM_Coin_1_Cent
[Info   :Supermarket Simulator - Brazilian Money]   Components de SM_Coin_1_Cent: 4
[Info   :Supermarket Simulator - Brazilian Money]   - UnityEngine.Transform
[Info   :Supermarket Simulator - Brazilian Money]   - UnityEngine.Component
[Info   :Supermarket Simulator - Brazilian Money]   - UnityEngine.Component
[Info   :Supermarket Simulator - Brazilian Money]   - UnityEngine.Component
[Info   :Supermarket Simulator - Brazilian Money] Object: Coin_1_Cent (10)
[Info   :Supermarket Simulator - Brazilian Money]   Components de Coin_1_Cent (10): 2
[Info   :Supermarket Simulator - Brazilian Money]   - UnityEngine.Transform
[Info   :Supermarket Simulator - Brazilian Money]   - UnityEngine.Component
[Info   :Supermarket Simulator - Brazilian Money] Object: SM_Coin_1_Cent
[Info   :Supermarket Simulator - Brazilian Money]   Components de SM_Coin_1_Cent: 4
[Info   :Supermarket Simulator - Brazilian Money]   - UnityEngine.Transform
[Info   :Supermarket Simulator - Brazilian Money]   - UnityEngine.Component
[Info   :Supermarket Simulator - Brazilian Money]   - UnityEngine.Component
[Info   :Supermarket Simulator - Brazilian Money]   - UnityEngine.Component
[Info   :Supermarket Simulator - Brazilian Money] ----- FIM DA ANÁLISE -----
[Info   :Brazilian Money Texture Replacer] POSTFIX SpawnMoney EXECUTADO | isCoin=True | moneyPack=MoneyPack
[Info   :Brazilian Money Texture Replacer] MoneyPack GameObject resolvido: 1 Cent Pack
[Info   :Money Material Probe] ========================================
[Info   :Money Material Probe] MONEY MATERIAL PROBE
[Info   :Money Material Probe] MoneyPack Type: MoneyPack
[Info   :Money Material Probe] Tipo informado pelo SpawnMoney: COIN
[Info   :Money Material Probe] GameObject resolvido: 1 Cent Pack
[Info   :Supermarket Simulator - Brazilian Money] Dinheiro detectado: Type=COIN | Name=1 Cent Pack | Value=0,01
[Info   :Supermarket Simulator - Brazilian Money] ----- ANÁLISE DO MONEY PACK -----
[Info   :Supermarket Simulator - Brazilian Money] Type: COIN
[Info   :Supermarket Simulator - Brazilian Money] Name: 1 Cent Pack
[Info   :Supermarket Simulator - Brazilian Money] Value: 0,01
[Info   :Supermarket Simulator - Brazilian Money] InstanceID: -5640
[Info   :Supermarket Simulator - Brazilian Money] Hierarchy: ---MANAGERS---/Checkout Manager/Checkout/Cash Register/Checkout Drawer/1 Cent Pack
[Info   :Supermarket Simulator - Brazilian Money] Objetos na hierarquia: 25
[Info   :Supermarket Simulator - Brazilian Money] Object: 1 Cent Pack
[Info   :Supermarket Simulator - Brazilian Money]   Components de 1 Cent Pack: 5
[Info   :Supermarket Simulator - Brazilian Money]   - UnityEngine.Transform
[Info   :Supermarket Simulator - Brazilian Money]   - UnityEngine.Component
[Info   :Supermarket Simulator - Brazilian Money]   - MoneyPack
[Info   :Supermarket Simulator - Brazilian Money]   - UnityEngine.Component
[Info   :Supermarket Simulator - Brazilian Money]   - UnityEngine.Component
[Info   :Supermarket Simulator - Brazilian Money] Object: Visuals
[Info   :Supermarket Simulator - Brazilian Money]   Components de Visuals: 1
[Info   :Supermarket Simulator - Brazilian Money]   - UnityEngine.Transform
[Info   :Supermarket Simulator - Brazilian Money] Object: 1 Cent Pack
[Info   :Supermarket Simulator - Brazilian Money]   Components de 1 Cent Pack: 1
[Info   :Supermarket Simulator - Brazilian Money]   - UnityEngine.Transform
[Info   :Supermarket Simulator - Brazilian Money] Object: Coin_1_Cent
[Info   :Supermarket Simulator - Brazilian Money]   Components de Coin_1_Cent: 2
[Info   :Supermarket Simulator - Brazilian Money]   - UnityEngine.Transform
[Info   :Supermarket Simulator - Brazilian Money]   - UnityEngine.Component
[Info   :Supermarket Simulator - Brazilian Money] Object: SM_Coin_1_Cent
[Info   :Supermarket Simulator - Brazilian Money]   Components de SM_Coin_1_Cent: 4
[Info   :Supermarket Simulator - Brazilian Money]   - UnityEngine.Transform
[Info   :Supermarket Simulator - Brazilian Money]   - UnityEngine.MeshFilter
[Info   :Supermarket Simulator - Brazilian Money]   - UnityEngine.Component
[Info   :Supermarket Simulator - Brazilian Money]   - UnityEngine.Component
[Info   :Supermarket Simulator - Brazilian Money] Object: Coin_1_Cent (1)
[Info   :Supermarket Simulator - Brazilian Money]   Components de Coin_1_Cent (1): 2
[Info   :Supermarket Simulator - Brazilian Money]   - UnityEngine.Transform
[Info   :Supermarket Simulator - Brazilian Money]   - UnityEngine.Component
[Info   :Supermarket Simulator - Brazilian Money] Object: SM_Coin_1_Cent
[Info   :Supermarket Simulator - Brazilian Money]   Components de SM_Coin_1_Cent: 4
[Info   :Supermarket Simulator - Brazilian Money]   - UnityEngine.Transform
[Info   :Supermarket Simulator - Brazilian Money]   - UnityEngine.MeshFilter
[Info   :Supermarket Simulator - Brazilian Money]   - UnityEngine.Component
[Info   :Supermarket Simulator - Brazilian Money]   - UnityEngine.Component
[Info   :Supermarket Simulator - Brazilian Money] Object: Coin_1_Cent (2)
[Info   :Supermarket Simulator - Brazilian Money]   Components de Coin_1_Cent (2): 2
[Info   :Supermarket Simulator - Brazilian Money]   - UnityEngine.Transform
[Info   :Supermarket Simulator - Brazilian Money]   - UnityEngine.Component
[Info   :Supermarket Simulator - Brazilian Money] Object: SM_Coin_1_Cent
[Info   :Supermarket Simulator - Brazilian Money]   Components de SM_Coin_1_Cent: 4
[Info   :Supermarket Simulator - Brazilian Money]   - UnityEngine.Transform
[Info   :Supermarket Simulator - Brazilian Money]   - UnityEngine.MeshFilter
[Info   :Supermarket Simulator - Brazilian Money]   - UnityEngine.Component
[Info   :Supermarket Simulator - Brazilian Money]   - UnityEngine.Component
[Info   :Supermarket Simulator - Brazilian Money] Object: Coin_1_Cent (3)
[Info   :Supermarket Simulator - Brazilian Money]   Components de Coin_1_Cent (3): 2
[Info   :Supermarket Simulator - Brazilian Money]   - UnityEngine.Transform
[Info   :Supermarket Simulator - Brazilian Money]   - UnityEngine.Component
[Info   :Supermarket Simulator - Brazilian Money] Object: SM_Coin_1_Cent
[Info   :Supermarket Simulator - Brazilian Money]   Components de SM_Coin_1_Cent: 4
[Info   :Supermarket Simulator - Brazilian Money]   - UnityEngine.Transform
[Info   :Supermarket Simulator - Brazilian Money]   - UnityEngine.MeshFilter
[Info   :Supermarket Simulator - Brazilian Money]   - UnityEngine.Component
[Info   :Supermarket Simulator - Brazilian Money]   - UnityEngine.Component
[Info   :Supermarket Simulator - Brazilian Money] Object: Coin_1_Cent (4)
[Info   :Supermarket Simulator - Brazilian Money]   Components de Coin_1_Cent (4): 2
[Info   :Supermarket Simulator - Brazilian Money]   - UnityEngine.Transform
[Info   :Supermarket Simulator - Brazilian Money]   - UnityEngine.Component
[Info   :Supermarket Simulator - Brazilian Money] Object: SM_Coin_1_Cent
[Info   :Supermarket Simulator - Brazilian Money]   Components de SM_Coin_1_Cent: 4
[Info   :Supermarket Simulator - Brazilian Money]   - UnityEngine.Transform
[Info   :Supermarket Simulator - Brazilian Money]   - UnityEngine.MeshFilter
[Info   :Supermarket Simulator - Brazilian Money]   - UnityEngine.Component
[Info   :Supermarket Simulator - Brazilian Money]   - UnityEngine.Component
[Info   :Supermarket Simulator - Brazilian Money] Object: Coin_1_Cent (5)
[Info   :Supermarket Simulator - Brazilian Money]   Components de Coin_1_Cent (5): 2
[Info   :Supermarket Simulator - Brazilian Money]   - UnityEngine.Transform
[Info   :Supermarket Simulator - Brazilian Money]   - UnityEngine.Component
[Info   :Supermarket Simulator - Brazilian Money] Object: SM_Coin_1_Cent
[Info   :Supermarket Simulator - Brazilian Money]   Components de SM_Coin_1_Cent: 4
[Info   :Supermarket Simulator - Brazilian Money]   - UnityEngine.Transform
[Info   :Supermarket Simulator - Brazilian Money]   - UnityEngine.MeshFilter
[Info   :Supermarket Simulator - Brazilian Money]   - UnityEngine.Component
[Info   :Supermarket Simulator - Brazilian Money]   - UnityEngine.Component
[Info   :Supermarket Simulator - Brazilian Money] Object: Coin_1_Cent (6)
[Info   :Supermarket Simulator - Brazilian Money]   Components de Coin_1_Cent (6): 2
[Info   :Supermarket Simulator - Brazilian Money]   - UnityEngine.Transform
[Info   :Supermarket Simulator - Brazilian Money]   - UnityEngine.Component
[Info   :Supermarket Simulator - Brazilian Money] Object: SM_Coin_1_Cent
[Info   :Supermarket Simulator - Brazilian Money]   Components de SM_Coin_1_Cent: 4
[Info   :Supermarket Simulator - Brazilian Money]   - UnityEngine.Transform
[Info   :Supermarket Simulator - Brazilian Money]   - UnityEngine.MeshFilter
[Info   :Supermarket Simulator - Brazilian Money]   - UnityEngine.Component
[Info   :Supermarket Simulator - Brazilian Money]   - UnityEngine.Component
[Info   :Supermarket Simulator - Brazilian Money] Object: Coin_1_Cent (7)
[Info   :Supermarket Simulator - Brazilian Money]   Components de Coin_1_Cent (7): 2
[Info   :Supermarket Simulator - Brazilian Money]   - UnityEngine.Transform
[Info   :Supermarket Simulator - Brazilian Money]   - UnityEngine.Component
[Info   :Supermarket Simulator - Brazilian Money] Object: SM_Coin_1_Cent
[Info   :Supermarket Simulator - Brazilian Money]   Components de SM_Coin_1_Cent: 4
[Info   :Supermarket Simulator - Brazilian Money]   - UnityEngine.Transform
[Info   :Supermarket Simulator - Brazilian Money]   - UnityEngine.MeshFilter
[Info   :Supermarket Simulator - Brazilian Money]   - UnityEngine.Component
[Info   :Supermarket Simulator - Brazilian Money]   - UnityEngine.Component
[Info   :Supermarket Simulator - Brazilian Money] Object: Coin_1_Cent (8)
[Info   :Supermarket Simulator - Brazilian Money]   Components de Coin_1_Cent (8): 2
[Info   :Supermarket Simulator - Brazilian Money]   - UnityEngine.Transform
[Info   :Supermarket Simulator - Brazilian Money]   - UnityEngine.Component
[Info   :Supermarket Simulator - Brazilian Money] Object: SM_Coin_1_Cent
[Info   :Supermarket Simulator - Brazilian Money]   Components de SM_Coin_1_Cent: 4
[Info   :Supermarket Simulator - Brazilian Money]   - UnityEngine.Transform
[Info   :Supermarket Simulator - Brazilian Money]   - UnityEngine.MeshFilter
[Info   :Supermarket Simulator - Brazilian Money]   - UnityEngine.Component
[Info   :Supermarket Simulator - Brazilian Money]   - UnityEngine.Component
[Info   :Supermarket Simulator - Brazilian Money] Object: Coin_1_Cent (9)
[Info   :Supermarket Simulator - Brazilian Money]   Components de Coin_1_Cent (9): 2
[Info   :Supermarket Simulator - Brazilian Money]   - UnityEngine.Transform
[Info   :Supermarket Simulator - Brazilian Money]   - UnityEngine.Component
[Info   :Supermarket Simulator - Brazilian Money] Object: SM_Coin_1_Cent
[Info   :Supermarket Simulator - Brazilian Money]   Components de SM_Coin_1_Cent: 4
[Info   :Supermarket Simulator - Brazilian Money]   - UnityEngine.Transform
[Info   :Supermarket Simulator - Brazilian Money]   - UnityEngine.MeshFilter
[Info   :Supermarket Simulator - Brazilian Money]   - UnityEngine.Component
[Info   :Supermarket Simulator - Brazilian Money]   - UnityEngine.Component
[Info   :Supermarket Simulator - Brazilian Money] Object: Coin_1_Cent (10)
[Info   :Supermarket Simulator - Brazilian Money]   Components de Coin_1_Cent (10): 2
[Info   :Supermarket Simulator - Brazilian Money]   - UnityEngine.Transform
[Info   :Supermarket Simulator - Brazilian Money]   - UnityEngine.Component
[Info   :Supermarket Simulator - Brazilian Money] Object: SM_Coin_1_Cent
[Info   :Supermarket Simulator - Brazilian Money]   Components de SM_Coin_1_Cent: 4
[Info   :Supermarket Simulator - Brazilian Money]   - UnityEngine.Transform
[Info   :Supermarket Simulator - Brazilian Money]   - UnityEngine.MeshFilter
[Info   :Supermarket Simulator - Brazilian Money]   - UnityEngine.Component
[Info   :Supermarket Simulator - Brazilian Money]   - UnityEngine.Component
[Info   :Supermarket Simulator - Brazilian Money] ----- FIM DA ANÁLISE -----
[Info   :Brazilian Money Texture Replacer] POSTFIX SpawnMoney EXECUTADO | isCoin=True | moneyPack=MoneyPack
[Info   :Brazilian Money Texture Replacer] MoneyPack GameObject resolvido: 1 Cent Pack
[Info   :Money Material Probe] ========================================
[Info   :Money Material Probe] MONEY MATERIAL PROBE
[Info   :Money Material Probe] MoneyPack Type: MoneyPack
[Info   :Money Material Probe] Tipo informado pelo SpawnMoney: COIN
[Info   :Money Material Probe] GameObject resolvido: 1 Cent Pack
[Info   :Supermarket Simulator - Brazilian Money] Dinheiro detectado: Type=BILL | Name=5 Dollar Pack | Value=5
[Info   :Supermarket Simulator - Brazilian Money] ----- ANÁLISE DO MONEY PACK -----
[Info   :Supermarket Simulator - Brazilian Money] Type: BILL
[Info   :Supermarket Simulator - Brazilian Money] Name: 5 Dollar Pack
[Info   :Supermarket Simulator - Brazilian Money] Value: 5
[Info   :Supermarket Simulator - Brazilian Money] InstanceID: -5280
[Info   :Supermarket Simulator - Brazilian Money] Hierarchy: ---MANAGERS---/Checkout Manager/Checkout/Cash Register/Checkout Drawer/5 Dollar Pack
[Info   :Supermarket Simulator - Brazilian Money] Objetos na hierarquia: 12
[Info   :Supermarket Simulator - Brazilian Money] Object: 5 Dollar Pack
[Info   :Supermarket Simulator - Brazilian Money]   Components de 5 Dollar Pack: 5
[Info   :Supermarket Simulator - Brazilian Money]   - UnityEngine.Transform
[Info   :Supermarket Simulator - Brazilian Money]   - UnityEngine.Component
[Info   :Supermarket Simulator - Brazilian Money]   - MoneyPack
[Info   :Supermarket Simulator - Brazilian Money]   - UnityEngine.Component
[Info   :Supermarket Simulator - Brazilian Money]   - UnityEngine.Component
[Info   :Supermarket Simulator - Brazilian Money] Object: Visuals
[Info   :Supermarket Simulator - Brazilian Money]   Components de Visuals: 1
[Info   :Supermarket Simulator - Brazilian Money]   - UnityEngine.Transform
[Info   :Supermarket Simulator - Brazilian Money] Object: 5 Dollar Pack Variant
[Info   :Supermarket Simulator - Brazilian Money]   Components de 5 Dollar Pack Variant: 1
[Info   :Supermarket Simulator - Brazilian Money]   - UnityEngine.Transform
[Info   :Supermarket Simulator - Brazilian Money] Object: Paper Dollar Base
[Info   :Supermarket Simulator - Brazilian Money]   Components de Paper Dollar Base: 4
[Info   :Supermarket Simulator - Brazilian Money]   - UnityEngine.Transform
[Info   :Supermarket Simulator - Brazilian Money]   - UnityEngine.Component
[Info   :Supermarket Simulator - Brazilian Money]   - UnityEngine.Component
[Info   :Supermarket Simulator - Brazilian Money]   - UnityEngine.Component
[Info   :Supermarket Simulator - Brazilian Money] Object: Paper Dollar Base (1)
[Info   :Supermarket Simulator - Brazilian Money]   Components de Paper Dollar Base (1): 4
[Info   :Supermarket Simulator - Brazilian Money]   - UnityEngine.Transform
[Info   :Supermarket Simulator - Brazilian Money]   - UnityEngine.Component
[Info   :Supermarket Simulator - Brazilian Money]   - UnityEngine.Component
[Info   :Supermarket Simulator - Brazilian Money]   - UnityEngine.Component
[Info   :Supermarket Simulator - Brazilian Money] Object: Paper Dollar Base (2)
[Info   :Supermarket Simulator - Brazilian Money]   Components de Paper Dollar Base (2): 4
[Info   :Supermarket Simulator - Brazilian Money]   - UnityEngine.Transform
[Info   :Supermarket Simulator - Brazilian Money]   - UnityEngine.Component
[Info   :Supermarket Simulator - Brazilian Money]   - UnityEngine.Component
[Info   :Supermarket Simulator - Brazilian Money]   - UnityEngine.Component
[Info   :Supermarket Simulator - Brazilian Money] Object: Paper Dollar Base (3)
[Info   :Supermarket Simulator - Brazilian Money]   Components de Paper Dollar Base (3): 4
[Info   :Supermarket Simulator - Brazilian Money]   - UnityEngine.Transform
[Info   :Supermarket Simulator - Brazilian Money]   - UnityEngine.Component
[Info   :Supermarket Simulator - Brazilian Money]   - UnityEngine.Component
[Info   :Supermarket Simulator - Brazilian Money]   - UnityEngine.Component
[Info   :Supermarket Simulator - Brazilian Money] Object: Paper Dollar Base (4)
[Info   :Supermarket Simulator - Brazilian Money]   Components de Paper Dollar Base (4): 4
[Info   :Supermarket Simulator - Brazilian Money]   - UnityEngine.Transform
[Info   :Supermarket Simulator - Brazilian Money]   - UnityEngine.Component
[Info   :Supermarket Simulator - Brazilian Money]   - UnityEngine.Component
[Info   :Supermarket Simulator - Brazilian Money]   - UnityEngine.Component
[Info   :Supermarket Simulator - Brazilian Money] Object: Paper Dollar Base (5)
[Info   :Supermarket Simulator - Brazilian Money]   Components de Paper Dollar Base (5): 4
[Info   :Supermarket Simulator - Brazilian Money]   - UnityEngine.Transform
[Info   :Supermarket Simulator - Brazilian Money]   - UnityEngine.Component
[Info   :Supermarket Simulator - Brazilian Money]   - UnityEngine.Component
[Info   :Supermarket Simulator - Brazilian Money]   - UnityEngine.Component
[Info   :Supermarket Simulator - Brazilian Money] Object: Paper Dollar Base (6)
[Info   :Supermarket Simulator - Brazilian Money]   Components de Paper Dollar Base (6): 4
[Info   :Supermarket Simulator - Brazilian Money]   - UnityEngine.Transform
[Info   :Supermarket Simulator - Brazilian Money]   - UnityEngine.Component
[Info   :Supermarket Simulator - Brazilian Money]   - UnityEngine.Component
[Info   :Supermarket Simulator - Brazilian Money]   - UnityEngine.Component
[Info   :Supermarket Simulator - Brazilian Money] Object: Paper Dollar Base (7)
[Info   :Supermarket Simulator - Brazilian Money]   Components de Paper Dollar Base (7): 4
[Info   :Supermarket Simulator - Brazilian Money]   - UnityEngine.Transform
[Info   :Supermarket Simulator - Brazilian Money]   - UnityEngine.Component
[Info   :Supermarket Simulator - Brazilian Money]   - UnityEngine.Component
[Info   :Supermarket Simulator - Brazilian Money]   - UnityEngine.Component
[Info   :Supermarket Simulator - Brazilian Money] Object: Paper Dollar Base (8)
[Info   :Supermarket Simulator - Brazilian Money]   Components de Paper Dollar Base (8): 4
[Info   :Supermarket Simulator - Brazilian Money]   - UnityEngine.Transform
[Info   :Supermarket Simulator - Brazilian Money]   - UnityEngine.Component
[Info   :Supermarket Simulator - Brazilian Money]   - UnityEngine.Component
[Info   :Supermarket Simulator - Brazilian Money]   - UnityEngine.Component
[Info   :Supermarket Simulator - Brazilian Money] ----- FIM DA ANÁLISE -----
[Info   :Brazilian Money Texture Replacer] POSTFIX SpawnMoney EXECUTADO | isCoin=False | moneyPack=MoneyPack
[Info   :Currency Asset Analyzer] Novo MoneyPack descoberto: BILL | Name=5 Dollar Pack | Value=5
[Info   :Currency Asset Analyzer] Relatorio MoneyPack salvo: B:\SteamLibrary\steamapps\common\Supermarket Simulator\BepInEx\plugins\CurrencyAssetAnalyzer\AnalyzerV8\MoneyPack\BILL_5 Dollar Pack_5.00.txt
[Info   :Currency Asset Analyzer] Arquivo sincronizado: C:\Users\natan\Documents\Mods\SupermarketSimulator\CurrencyAssetAnalyzer\Reports\MoneyPack\BILL_5 Dollar Pack_5.00.txt
[Info   :Money Material Probe] ========================================
[Info   :Money Material Probe] MONEY MATERIAL PROBE
[Info   :Money Material Probe] MoneyPack Type: MoneyPack
[Info   :Money Material Probe] Tipo informado pelo SpawnMoney: BILL
[Info   :Money Material Probe] GameObject resolvido: 5 Dollar Pack
[Info   :Money Material Probe] Value: 5.00
[Info   :Money Material Probe] GameObject InstanceID: -5280
[Info   :Money Material Probe] Analise concluida: 5 Dollar Pack
[Info   :Money Material Probe] ========================================
[Info   :Supermarket Simulator - Brazilian Money] Dinheiro detectado: Type=BILL | Name=1 Dollar Pack | Value=1
[Info   :Supermarket Simulator - Brazilian Money] ----- ANÁLISE DO MONEY PACK -----
[Info   :Supermarket Simulator - Brazilian Money] Type: BILL
[Info   :Supermarket Simulator - Brazilian Money] Name: 1 Dollar Pack
[Info   :Supermarket Simulator - Brazilian Money] Value: 1
[Info   :Supermarket Simulator - Brazilian Money] InstanceID: -5190
[Info   :Supermarket Simulator - Brazilian Money] Hierarchy: ---MANAGERS---/Checkout Manager/Checkout/Cash Register/Checkout Drawer/1 Dollar Pack
[Info   :Supermarket Simulator - Brazilian Money] Objetos na hierarquia: 12
[Info   :Supermarket Simulator - Brazilian Money] Object: 1 Dollar Pack
[Info   :Supermarket Simulator - Brazilian Money]   Components de 1 Dollar Pack: 5
[Info   :Supermarket Simulator - Brazilian Money]   - UnityEngine.Transform
[Info   :Supermarket Simulator - Brazilian Money]   - UnityEngine.Component
[Info   :Supermarket Simulator - Brazilian Money]   - MoneyPack
[Info   :Supermarket Simulator - Brazilian Money]   - UnityEngine.Component
[Info   :Supermarket Simulator - Brazilian Money]   - UnityEngine.Component
[Info   :Supermarket Simulator - Brazilian Money] Object: Visuals
[Info   :Supermarket Simulator - Brazilian Money]   Components de Visuals: 1
[Info   :Supermarket Simulator - Brazilian Money]   - UnityEngine.Transform
[Info   :Supermarket Simulator - Brazilian Money] Object: 1 Dollar Pack Variant
[Info   :Supermarket Simulator - Brazilian Money]   Components de 1 Dollar Pack Variant: 1
[Info   :Supermarket Simulator - Brazilian Money]   - UnityEngine.Transform
[Info   :Supermarket Simulator - Brazilian Money] Object: Paper Dollar Base
[Info   :Supermarket Simulator - Brazilian Money]   Components de Paper Dollar Base: 4
[Info   :Supermarket Simulator - Brazilian Money]   - UnityEngine.Transform
[Info   :Supermarket Simulator - Brazilian Money]   - UnityEngine.Component
[Info   :Supermarket Simulator - Brazilian Money]   - UnityEngine.Component
[Info   :Supermarket Simulator - Brazilian Money]   - UnityEngine.Component
[Info   :Supermarket Simulator - Brazilian Money] Object: Paper Dollar Base (1)
[Info   :Supermarket Simulator - Brazilian Money]   Components de Paper Dollar Base (1): 4
[Info   :Supermarket Simulator - Brazilian Money]   - UnityEngine.Transform
[Info   :Supermarket Simulator - Brazilian Money]   - UnityEngine.Component
[Info   :Supermarket Simulator - Brazilian Money]   - UnityEngine.Component
[Info   :Supermarket Simulator - Brazilian Money]   - UnityEngine.Component
[Info   :Supermarket Simulator - Brazilian Money] Object: Paper Dollar Base (2)
[Info   :Supermarket Simulator - Brazilian Money]   Components de Paper Dollar Base (2): 4
[Info   :Supermarket Simulator - Brazilian Money]   - UnityEngine.Transform
[Info   :Supermarket Simulator - Brazilian Money]   - UnityEngine.Component
[Info   :Supermarket Simulator - Brazilian Money]   - UnityEngine.Component
[Info   :Supermarket Simulator - Brazilian Money]   - UnityEngine.Component
[Info   :Supermarket Simulator - Brazilian Money] Object: Paper Dollar Base (3)
[Info   :Supermarket Simulator - Brazilian Money]   Components de Paper Dollar Base (3): 4
[Info   :Supermarket Simulator - Brazilian Money]   - UnityEngine.Transform
[Info   :Supermarket Simulator - Brazilian Money]   - UnityEngine.Component
[Info   :Supermarket Simulator - Brazilian Money]   - UnityEngine.Component
[Info   :Supermarket Simulator - Brazilian Money]   - UnityEngine.Component
[Info   :Supermarket Simulator - Brazilian Money] Object: Paper Dollar Base (4)
[Info   :Supermarket Simulator - Brazilian Money]   Components de Paper Dollar Base (4): 4
[Info   :Supermarket Simulator - Brazilian Money]   - UnityEngine.Transform
[Info   :Supermarket Simulator - Brazilian Money]   - UnityEngine.Component
[Info   :Supermarket Simulator - Brazilian Money]   - UnityEngine.Component
[Info   :Supermarket Simulator - Brazilian Money]   - UnityEngine.Component
[Info   :Supermarket Simulator - Brazilian Money] Object: Paper Dollar Base (5)
[Info   :Supermarket Simulator - Brazilian Money]   Components de Paper Dollar Base (5): 4
[Info   :Supermarket Simulator - Brazilian Money]   - UnityEngine.Transform
[Info   :Supermarket Simulator - Brazilian Money]   - UnityEngine.Component
[Info   :Supermarket Simulator - Brazilian Money]   - UnityEngine.Component
[Info   :Supermarket Simulator - Brazilian Money]   - UnityEngine.Component
[Info   :Supermarket Simulator - Brazilian Money] Object: Paper Dollar Base (6)
[Info   :Supermarket Simulator - Brazilian Money]   Components de Paper Dollar Base (6): 4
[Info   :Supermarket Simulator - Brazilian Money]   - UnityEngine.Transform
[Info   :Supermarket Simulator - Brazilian Money]   - UnityEngine.Component
[Info   :Supermarket Simulator - Brazilian Money]   - UnityEngine.Component
[Info   :Supermarket Simulator - Brazilian Money]   - UnityEngine.Component
[Info   :Supermarket Simulator - Brazilian Money] Object: Paper Dollar Base (7)
[Info   :Supermarket Simulator - Brazilian Money]   Components de Paper Dollar Base (7): 4
[Info   :Supermarket Simulator - Brazilian Money]   - UnityEngine.Transform
[Info   :Supermarket Simulator - Brazilian Money]   - UnityEngine.Component
[Info   :Supermarket Simulator - Brazilian Money]   - UnityEngine.Component
[Info   :Supermarket Simulator - Brazilian Money]   - UnityEngine.Component
[Info   :Supermarket Simulator - Brazilian Money] Object: Paper Dollar Base (8)
[Info   :Supermarket Simulator - Brazilian Money]   Components de Paper Dollar Base (8): 4
[Info   :Supermarket Simulator - Brazilian Money]   - UnityEngine.Transform
[Info   :Supermarket Simulator - Brazilian Money]   - UnityEngine.Component
[Info   :Supermarket Simulator - Brazilian Money]   - UnityEngine.Component
[Info   :Supermarket Simulator - Brazilian Money]   - UnityEngine.Component
[Info   :Supermarket Simulator - Brazilian Money] ----- FIM DA ANÁLISE -----
[Info   :Brazilian Money Texture Replacer] POSTFIX SpawnMoney EXECUTADO | isCoin=False | moneyPack=MoneyPack
[Info   :Currency Asset Analyzer] Novo MoneyPack descoberto: BILL | Name=1 Dollar Pack | Value=1
[Info   :Currency Asset Analyzer] TEXTURA ALVO ENCONTRADA: US_one_dollar_bill,_obverse,_series_2009 | Type=UnityEngine.Texture | InstanceID=350270 | Material=1$ Paper Front | Property=_BaseMap | GameObject=Paper Dollar Base
[Info   :Currency Asset Analyzer] INICIANDO EXTRACAO: US_one_dollar_bill,_obverse,_series_2009 | Type=UnityEngine.Texture | InstanceID=350270
[Info   :Currency Asset Analyzer] Criando RenderTexture: 512x256
[Info   :Currency Asset Analyzer] Pixels capturados: 131072
[Info   :Currency Asset Analyzer] PNG gravado: B:\SteamLibrary\steamapps\common\Supermarket Simulator\BepInEx\plugins\CurrencyAssetAnalyzer\AnalyzerV8\Textures\US_one_dollar_bill,_obverse,_series_2009_350270.png | Bytes=101352
[Info   :Currency Asset Analyzer] TEXTURA EXTRAIDA COM SUCESSO: B:\SteamLibrary\steamapps\common\Supermarket Simulator\BepInEx\plugins\CurrencyAssetAnalyzer\AnalyzerV8\Textures\US_one_dollar_bill,_obverse,_series_2009_350270.png
[Info   :Currency Asset Analyzer] Arquivo sincronizado: C:\Users\natan\Documents\Mods\SupermarketSimulator\CurrencyAssetAnalyzer\Reports\Textures\US_one_dollar_bill,_obverse,_series_2009_350270.png
[Info   :Currency Asset Analyzer] Arquivo sincronizado: C:\Users\natan\Documents\Mods\SupermarketSimulator\CurrencyAssetAnalyzer\Reports\Textures\TextureExtraction.txt
[Info   :Currency Asset Analyzer] TEXTURA ALVO ENCONTRADA: US_one_dollar_bill,_obverse,_series_2009 | Type=UnityEngine.Texture | InstanceID=350270 | Material=1$ Paper Front | Property=_MainTex | GameObject=Paper Dollar Base
[Info   :Currency Asset Analyzer] TEXTURA ALVO ENCONTRADA: US_one_dollar_bill,_obverse,_series_2009 | Type=UnityEngine.Texture | InstanceID=350270 | Material=1$ Paper Front | Property=_BaseMap | GameObject=Paper Dollar Base (1)
[Info   :Currency Asset Analyzer] TEXTURA ALVO ENCONTRADA: US_one_dollar_bill,_obverse,_series_2009 | Type=UnityEngine.Texture | InstanceID=350270 | Material=1$ Paper Front | Property=_MainTex | GameObject=Paper Dollar Base (1)
[Info   :Currency Asset Analyzer] TEXTURA ALVO ENCONTRADA: US_one_dollar_bill,_obverse,_series_2009 | Type=UnityEngine.Texture | InstanceID=350270 | Material=1$ Paper Front | Property=_BaseMap | GameObject=Paper Dollar Base (2)
[Info   :Currency Asset Analyzer] TEXTURA ALVO ENCONTRADA: US_one_dollar_bill,_obverse,_series_2009 | Type=UnityEngine.Texture | InstanceID=350270 | Material=1$ Paper Front | Property=_MainTex | GameObject=Paper Dollar Base (2)
[Info   :Currency Asset Analyzer] TEXTURA ALVO ENCONTRADA: US_one_dollar_bill,_obverse,_series_2009 | Type=UnityEngine.Texture | InstanceID=350270 | Material=1$ Paper Front | Property=_BaseMap | GameObject=Paper Dollar Base (3)
[Info   :Currency Asset Analyzer] TEXTURA ALVO ENCONTRADA: US_one_dollar_bill,_obverse,_series_2009 | Type=UnityEngine.Texture | InstanceID=350270 | Material=1$ Paper Front | Property=_MainTex | GameObject=Paper Dollar Base (3)
[Info   :Currency Asset Analyzer] TEXTURA ALVO ENCONTRADA: US_one_dollar_bill,_obverse,_series_2009 | Type=UnityEngine.Texture | InstanceID=350270 | Material=1$ Paper Front | Property=_BaseMap | GameObject=Paper Dollar Base (4)
[Info   :Currency Asset Analyzer] TEXTURA ALVO ENCONTRADA: US_one_dollar_bill,_obverse,_series_2009 | Type=UnityEngine.Texture | InstanceID=350270 | Material=1$ Paper Front | Property=_MainTex | GameObject=Paper Dollar Base (4)
[Info   :Currency Asset Analyzer] TEXTURA ALVO ENCONTRADA: US_one_dollar_bill,_obverse,_series_2009 | Type=UnityEngine.Texture | InstanceID=350270 | Material=1$ Paper Front | Property=_BaseMap | GameObject=Paper Dollar Base (5)
[Info   :Currency Asset Analyzer] TEXTURA ALVO ENCONTRADA: US_one_dollar_bill,_obverse,_series_2009 | Type=UnityEngine.Texture | InstanceID=350270 | Material=1$ Paper Front | Property=_MainTex | GameObject=Paper Dollar Base (5)
[Info   :Currency Asset Analyzer] TEXTURA ALVO ENCONTRADA: US_one_dollar_bill,_obverse,_series_2009 | Type=UnityEngine.Texture | InstanceID=350270 | Material=1$ Paper Front | Property=_BaseMap | GameObject=Paper Dollar Base (6)
[Info   :Currency Asset Analyzer] TEXTURA ALVO ENCONTRADA: US_one_dollar_bill,_obverse,_series_2009 | Type=UnityEngine.Texture | InstanceID=350270 | Material=1$ Paper Front | Property=_MainTex | GameObject=Paper Dollar Base (6)
[Info   :Currency Asset Analyzer] TEXTURA ALVO ENCONTRADA: US_one_dollar_bill,_obverse,_series_2009 | Type=UnityEngine.Texture | InstanceID=350270 | Material=1$ Paper Front | Property=_BaseMap | GameObject=Paper Dollar Base (7)
[Info   :Currency Asset Analyzer] TEXTURA ALVO ENCONTRADA: US_one_dollar_bill,_obverse,_series_2009 | Type=UnityEngine.Texture | InstanceID=350270 | Material=1$ Paper Front | Property=_MainTex | GameObject=Paper Dollar Base (7)
[Info   :Currency Asset Analyzer] TEXTURA ALVO ENCONTRADA: US_one_dollar_bill,_obverse,_series_2009 | Type=UnityEngine.Texture | InstanceID=350270 | Material=1$ Paper Front | Property=_BaseMap | GameObject=Paper Dollar Base (8)
[Info   :Currency Asset Analyzer] TEXTURA ALVO ENCONTRADA: US_one_dollar_bill,_obverse,_series_2009 | Type=UnityEngine.Texture | InstanceID=350270 | Material=1$ Paper Front | Property=_MainTex | GameObject=Paper Dollar Base (8)
[Info   :Currency Asset Analyzer] Relatorio MoneyPack salvo: B:\SteamLibrary\steamapps\common\Supermarket Simulator\BepInEx\plugins\CurrencyAssetAnalyzer\AnalyzerV8\MoneyPack\BILL_1 Dollar Pack_1.00.txt
[Info   :Currency Asset Analyzer] Arquivo sincronizado: C:\Users\natan\Documents\Mods\SupermarketSimulator\CurrencyAssetAnalyzer\Reports\MoneyPack\BILL_1 Dollar Pack_1.00.txt
[Info   :Money Material Probe] ========================================
[Info   :Money Material Probe] MONEY MATERIAL PROBE
[Info   :Money Material Probe] MoneyPack Type: MoneyPack
[Info   :Money Material Probe] Tipo informado pelo SpawnMoney: BILL
[Info   :Money Material Probe] GameObject resolvido: 1 Dollar Pack
[Info   :Money Material Probe] Value: 1.00
[Info   :Money Material Probe] GameObject InstanceID: -5190
[Info   :Money Material Probe] Analise concluida: 1 Dollar Pack
[Info   :Money Material Probe] ========================================
[Info   :Supermarket Simulator - Brazilian Money] Dinheiro detectado: Type=COIN | Name=5 Cent Pack | Value=0,05
[Info   :Supermarket Simulator - Brazilian Money] ----- ANÁLISE DO MONEY PACK -----
[Info   :Supermarket Simulator - Brazilian Money] Type: COIN
[Info   :Supermarket Simulator - Brazilian Money] Name: 5 Cent Pack
[Info   :Supermarket Simulator - Brazilian Money] Value: 0,05
[Info   :Supermarket Simulator - Brazilian Money] InstanceID: -5812
[Info   :Supermarket Simulator - Brazilian Money] Hierarchy: ---MANAGERS---/Checkout Manager/Checkout/Cash Register/Checkout Drawer/5 Cent Pack
[Info   :Supermarket Simulator - Brazilian Money] Objetos na hierarquia: 25
[Info   :Supermarket Simulator - Brazilian Money] Object: 5 Cent Pack
[Info   :Supermarket Simulator - Brazilian Money]   Components de 5 Cent Pack: 5
[Info   :Supermarket Simulator - Brazilian Money]   - UnityEngine.Transform
[Info   :Supermarket Simulator - Brazilian Money]   - UnityEngine.Component
[Info   :Supermarket Simulator - Brazilian Money]   - MoneyPack
[Info   :Supermarket Simulator - Brazilian Money]   - UnityEngine.Component
[Info   :Supermarket Simulator - Brazilian Money]   - UnityEngine.Component
[Info   :Supermarket Simulator - Brazilian Money] Object: Visuals
[Info   :Supermarket Simulator - Brazilian Money]   Components de Visuals: 1
[Info   :Supermarket Simulator - Brazilian Money]   - UnityEngine.Transform
[Info   :Supermarket Simulator - Brazilian Money] Object: 5 Cent Pack
[Info   :Supermarket Simulator - Brazilian Money]   Components de 5 Cent Pack: 1
[Info   :Supermarket Simulator - Brazilian Money]   - UnityEngine.Transform
[Info   :Supermarket Simulator - Brazilian Money] Object: Coin_5_Cents
[Info   :Supermarket Simulator - Brazilian Money]   Components de Coin_5_Cents: 2
[Info   :Supermarket Simulator - Brazilian Money]   - UnityEngine.Transform
[Info   :Supermarket Simulator - Brazilian Money]   - UnityEngine.Component
[Info   :Supermarket Simulator - Brazilian Money] Object: SM_Coin_5_Cents
[Info   :Supermarket Simulator - Brazilian Money]   Components de SM_Coin_5_Cents: 4
[Info   :Supermarket Simulator - Brazilian Money]   - UnityEngine.Transform
[Info   :Supermarket Simulator - Brazilian Money]   - UnityEngine.MeshFilter
[Info   :Supermarket Simulator - Brazilian Money]   - UnityEngine.Component
[Info   :Supermarket Simulator - Brazilian Money]   - UnityEngine.Component
[Info   :Supermarket Simulator - Brazilian Money] Object: Coin_5_Cents (1)
[Info   :Supermarket Simulator - Brazilian Money]   Components de Coin_5_Cents (1): 2
[Info   :Supermarket Simulator - Brazilian Money]   - UnityEngine.Transform
[Info   :Supermarket Simulator - Brazilian Money]   - UnityEngine.Component
[Info   :Supermarket Simulator - Brazilian Money] Object: SM_Coin_5_Cents
[Info   :Supermarket Simulator - Brazilian Money]   Components de SM_Coin_5_Cents: 4
[Info   :Supermarket Simulator - Brazilian Money]   - UnityEngine.Transform
[Info   :Supermarket Simulator - Brazilian Money]   - UnityEngine.Component
[Info   :Supermarket Simulator - Brazilian Money]   - UnityEngine.Component
[Info   :Supermarket Simulator - Brazilian Money]   - UnityEngine.Component
[Info   :Supermarket Simulator - Brazilian Money] Object: Coin_5_Cents (2)
[Info   :Supermarket Simulator - Brazilian Money]   Components de Coin_5_Cents (2): 2
[Info   :Supermarket Simulator - Brazilian Money]   - UnityEngine.Transform
[Info   :Supermarket Simulator - Brazilian Money]   - UnityEngine.Component
[Info   :Supermarket Simulator - Brazilian Money] Object: SM_Coin_5_Cents
[Info   :Supermarket Simulator - Brazilian Money]   Components de SM_Coin_5_Cents: 4
[Info   :Supermarket Simulator - Brazilian Money]   - UnityEngine.Transform
[Info   :Supermarket Simulator - Brazilian Money]   - UnityEngine.Component
[Info   :Supermarket Simulator - Brazilian Money]   - UnityEngine.Component
[Info   :Supermarket Simulator - Brazilian Money]   - UnityEngine.Component
[Info   :Supermarket Simulator - Brazilian Money] Object: Coin_5_Cents (3)
[Info   :Supermarket Simulator - Brazilian Money]   Components de Coin_5_Cents (3): 2
[Info   :Supermarket Simulator - Brazilian Money]   - UnityEngine.Transform
[Info   :Supermarket Simulator - Brazilian Money]   - UnityEngine.Component
[Info   :Supermarket Simulator - Brazilian Money] Object: SM_Coin_5_Cents
[Info   :Supermarket Simulator - Brazilian Money]   Components de SM_Coin_5_Cents: 4
[Info   :Supermarket Simulator - Brazilian Money]   - UnityEngine.Transform
[Info   :Supermarket Simulator - Brazilian Money]   - UnityEngine.Component
[Info   :Supermarket Simulator - Brazilian Money]   - UnityEngine.Component
[Info   :Supermarket Simulator - Brazilian Money]   - UnityEngine.Component
[Info   :Supermarket Simulator - Brazilian Money] Object: Coin_5_Cents (4)
[Info   :Supermarket Simulator - Brazilian Money]   Components de Coin_5_Cents (4): 2
[Info   :Supermarket Simulator - Brazilian Money]   - UnityEngine.Transform
[Info   :Supermarket Simulator - Brazilian Money]   - UnityEngine.Component
[Info   :Supermarket Simulator - Brazilian Money] Object: SM_Coin_5_Cents
[Info   :Supermarket Simulator - Brazilian Money]   Components de SM_Coin_5_Cents: 4
[Info   :Supermarket Simulator - Brazilian Money]   - UnityEngine.Transform
[Info   :Supermarket Simulator - Brazilian Money]   - UnityEngine.Component
[Info   :Supermarket Simulator - Brazilian Money]   - UnityEngine.Component
[Info   :Supermarket Simulator - Brazilian Money]   - UnityEngine.Component
[Info   :Supermarket Simulator - Brazilian Money] Object: Coin_5_Cents (5)
[Info   :Supermarket Simulator - Brazilian Money]   Components de Coin_5_Cents (5): 2
[Info   :Supermarket Simulator - Brazilian Money]   - UnityEngine.Transform
[Info   :Supermarket Simulator - Brazilian Money]   - UnityEngine.Component
[Info   :Supermarket Simulator - Brazilian Money] Object: SM_Coin_5_Cents
[Info   :Supermarket Simulator - Brazilian Money]   Components de SM_Coin_5_Cents: 4
[Info   :Supermarket Simulator - Brazilian Money]   - UnityEngine.Transform
[Info   :Supermarket Simulator - Brazilian Money]   - UnityEngine.Component
[Info   :Supermarket Simulator - Brazilian Money]   - UnityEngine.Component
[Info   :Supermarket Simulator - Brazilian Money]   - UnityEngine.Component
[Info   :Supermarket Simulator - Brazilian Money] Object: Coin_5_Cents (6)
[Info   :Supermarket Simulator - Brazilian Money]   Components de Coin_5_Cents (6): 2
[Info   :Supermarket Simulator - Brazilian Money]   - UnityEngine.Transform
[Info   :Supermarket Simulator - Brazilian Money]   - UnityEngine.Component
[Info   :Supermarket Simulator - Brazilian Money] Object: SM_Coin_5_Cents
[Info   :Supermarket Simulator - Brazilian Money]   Components de SM_Coin_5_Cents: 4
[Info   :Supermarket Simulator - Brazilian Money]   - UnityEngine.Transform
[Info   :Supermarket Simulator - Brazilian Money]   - UnityEngine.Component
[Info   :Supermarket Simulator - Brazilian Money]   - UnityEngine.Component
[Info   :Supermarket Simulator - Brazilian Money]   - UnityEngine.Component
[Info   :Supermarket Simulator - Brazilian Money] Object: Coin_5_Cents (7)
[Info   :Supermarket Simulator - Brazilian Money]   Components de Coin_5_Cents (7): 2
[Info   :Supermarket Simulator - Brazilian Money]   - UnityEngine.Transform
[Info   :Supermarket Simulator - Brazilian Money]   - UnityEngine.Component
[Info   :Supermarket Simulator - Brazilian Money] Object: SM_Coin_5_Cents
[Info   :Supermarket Simulator - Brazilian Money]   Components de SM_Coin_5_Cents: 4
[Info   :Supermarket Simulator - Brazilian Money]   - UnityEngine.Transform
[Info   :Supermarket Simulator - Brazilian Money]   - UnityEngine.Component
[Info   :Supermarket Simulator - Brazilian Money]   - UnityEngine.Component
[Info   :Supermarket Simulator - Brazilian Money]   - UnityEngine.Component
[Info   :Supermarket Simulator - Brazilian Money] Object: Coin_5_Cents (8)
[Info   :Supermarket Simulator - Brazilian Money]   Components de Coin_5_Cents (8): 2
[Info   :Supermarket Simulator - Brazilian Money]   - UnityEngine.Transform
[Info   :Supermarket Simulator - Brazilian Money]   - UnityEngine.Component
[Info   :Supermarket Simulator - Brazilian Money] Object: SM_Coin_5_Cents
[Info   :Supermarket Simulator - Brazilian Money]   Components de SM_Coin_5_Cents: 4
[Info   :Supermarket Simulator - Brazilian Money]   - UnityEngine.Transform
[Info   :Supermarket Simulator - Brazilian Money]   - UnityEngine.Component
[Info   :Supermarket Simulator - Brazilian Money]   - UnityEngine.Component
[Info   :Supermarket Simulator - Brazilian Money]   - UnityEngine.Component
[Info   :Supermarket Simulator - Brazilian Money] Object: Coin_5_Cents (9)
[Info   :Supermarket Simulator - Brazilian Money]   Components de Coin_5_Cents (9): 2
[Info   :Supermarket Simulator - Brazilian Money]   - UnityEngine.Transform
[Info   :Supermarket Simulator - Brazilian Money]   - UnityEngine.Component
[Info   :Supermarket Simulator - Brazilian Money] Object: SM_Coin_5_Cents
[Info   :Supermarket Simulator - Brazilian Money]   Components de SM_Coin_5_Cents: 4
[Info   :Supermarket Simulator - Brazilian Money]   - UnityEngine.Transform
[Info   :Supermarket Simulator - Brazilian Money]   - UnityEngine.Component
[Info   :Supermarket Simulator - Brazilian Money]   - UnityEngine.Component
[Info   :Supermarket Simulator - Brazilian Money]   - UnityEngine.Component
[Info   :Supermarket Simulator - Brazilian Money] Object: Coin_5_Cents (10)
[Info   :Supermarket Simulator - Brazilian Money]   Components de Coin_5_Cents (10): 2
[Info   :Supermarket Simulator - Brazilian Money]   - UnityEngine.Transform
[Info   :Supermarket Simulator - Brazilian Money]   - UnityEngine.Component
[Info   :Supermarket Simulator - Brazilian Money] Object: SM_Coin_5_Cents
[Info   :Supermarket Simulator - Brazilian Money]   Components de SM_Coin_5_Cents: 4
[Info   :Supermarket Simulator - Brazilian Money]   - UnityEngine.Transform
[Info   :Supermarket Simulator - Brazilian Money]   - UnityEngine.Component
[Info   :Supermarket Simulator - Brazilian Money]   - UnityEngine.Component
[Info   :Supermarket Simulator - Brazilian Money]   - UnityEngine.Component
[Info   :Supermarket Simulator - Brazilian Money] ----- FIM DA ANÁLISE -----
[Info   :Brazilian Money Texture Replacer] POSTFIX SpawnMoney EXECUTADO | isCoin=True | moneyPack=MoneyPack
[Info   :Brazilian Money Texture Replacer] MoneyPack GameObject resolvido: 5 Cent Pack
[Info   :Money Material Probe] ========================================
[Info   :Money Material Probe] MONEY MATERIAL PROBE
[Info   :Money Material Probe] MoneyPack Type: MoneyPack
[Info   :Money Material Probe] Tipo informado pelo SpawnMoney: COIN
[Info   :Money Material Probe] GameObject resolvido: 5 Cent Pack
[Info   :Supermarket Simulator - Brazilian Money] Dinheiro detectado: Type=COIN | Name=25 Cent Pack | Value=0,25
[Info   :Supermarket Simulator - Brazilian Money] ----- ANÁLISE DO MONEY PACK -----
[Info   :Supermarket Simulator - Brazilian Money] Type: COIN
[Info   :Supermarket Simulator - Brazilian Money] Name: 25 Cent Pack
[Info   :Supermarket Simulator - Brazilian Money] Value: 0,25
[Info   :Supermarket Simulator - Brazilian Money] InstanceID: -6310
[Info   :Supermarket Simulator - Brazilian Money] Hierarchy: ---MANAGERS---/Checkout Manager/Checkout/Cash Register/Checkout Drawer/25 Cent Pack
[Info   :Supermarket Simulator - Brazilian Money] Objetos na hierarquia: 25
[Info   :Supermarket Simulator - Brazilian Money] Object: 25 Cent Pack
[Info   :Supermarket Simulator - Brazilian Money]   Components de 25 Cent Pack: 5
[Info   :Supermarket Simulator - Brazilian Money]   - UnityEngine.Transform
[Info   :Supermarket Simulator - Brazilian Money]   - UnityEngine.Component
[Info   :Supermarket Simulator - Brazilian Money]   - MoneyPack
[Info   :Supermarket Simulator - Brazilian Money]   - UnityEngine.Component
[Info   :Supermarket Simulator - Brazilian Money]   - UnityEngine.Component
[Info   :Supermarket Simulator - Brazilian Money] Object: Visuals
[Info   :Supermarket Simulator - Brazilian Money]   Components de Visuals: 1
[Info   :Supermarket Simulator - Brazilian Money]   - UnityEngine.Transform
[Info   :Supermarket Simulator - Brazilian Money] Object: 25 Cent Pack
[Info   :Supermarket Simulator - Brazilian Money]   Components de 25 Cent Pack: 1
[Info   :Supermarket Simulator - Brazilian Money]   - UnityEngine.Transform
[Info   :Supermarket Simulator - Brazilian Money] Object: Coin_25_Cents
[Info   :Supermarket Simulator - Brazilian Money]   Components de Coin_25_Cents: 2
[Info   :Supermarket Simulator - Brazilian Money]   - UnityEngine.Transform
[Info   :Supermarket Simulator - Brazilian Money]   - UnityEngine.Component
[Info   :Supermarket Simulator - Brazilian Money] Object: SM_Coin_25_Cents
[Info   :Supermarket Simulator - Brazilian Money]   Components de SM_Coin_25_Cents: 4
[Info   :Supermarket Simulator - Brazilian Money]   - UnityEngine.Transform
[Info   :Supermarket Simulator - Brazilian Money]   - UnityEngine.MeshFilter
[Info   :Supermarket Simulator - Brazilian Money]   - UnityEngine.Component
[Info   :Supermarket Simulator - Brazilian Money]   - UnityEngine.Component
[Info   :Supermarket Simulator - Brazilian Money] Object: Coin_25_Cents (1)
[Info   :Supermarket Simulator - Brazilian Money]   Components de Coin_25_Cents (1): 2
[Info   :Supermarket Simulator - Brazilian Money]   - UnityEngine.Transform
[Info   :Supermarket Simulator - Brazilian Money]   - UnityEngine.Component
[Info   :Supermarket Simulator - Brazilian Money] Object: SM_Coin_25_Cents
[Info   :Supermarket Simulator - Brazilian Money]   Components de SM_Coin_25_Cents: 4
[Info   :Supermarket Simulator - Brazilian Money]   - UnityEngine.Transform
[Info   :Supermarket Simulator - Brazilian Money]   - UnityEngine.Component
[Info   :Supermarket Simulator - Brazilian Money]   - UnityEngine.Component
[Info   :Supermarket Simulator - Brazilian Money]   - UnityEngine.Component
[Info   :Supermarket Simulator - Brazilian Money] Object: Coin_25_Cents (2)
[Info   :Supermarket Simulator - Brazilian Money]   Components de Coin_25_Cents (2): 2
[Info   :Supermarket Simulator - Brazilian Money]   - UnityEngine.Transform
[Info   :Supermarket Simulator - Brazilian Money]   - UnityEngine.Component
[Info   :Supermarket Simulator - Brazilian Money] Object: SM_Coin_25_Cents
[Info   :Supermarket Simulator - Brazilian Money]   Components de SM_Coin_25_Cents: 4
[Info   :Supermarket Simulator - Brazilian Money]   - UnityEngine.Transform
[Info   :Supermarket Simulator - Brazilian Money]   - UnityEngine.Component
[Info   :Supermarket Simulator - Brazilian Money]   - UnityEngine.Component
[Info   :Supermarket Simulator - Brazilian Money]   - UnityEngine.Component
[Info   :Supermarket Simulator - Brazilian Money] Object: Coin_25_Cents (3)
[Info   :Supermarket Simulator - Brazilian Money]   Components de Coin_25_Cents (3): 2
[Info   :Supermarket Simulator - Brazilian Money]   - UnityEngine.Transform
[Info   :Supermarket Simulator - Brazilian Money]   - UnityEngine.Component
[Info   :Supermarket Simulator - Brazilian Money] Object: SM_Coin_25_Cents
[Info   :Supermarket Simulator - Brazilian Money]   Components de SM_Coin_25_Cents: 4
[Info   :Supermarket Simulator - Brazilian Money]   - UnityEngine.Transform
[Info   :Supermarket Simulator - Brazilian Money]   - UnityEngine.Component
[Info   :Supermarket Simulator - Brazilian Money]   - UnityEngine.Component
[Info   :Supermarket Simulator - Brazilian Money]   - UnityEngine.Component
[Info   :Supermarket Simulator - Brazilian Money] Object: Coin_25_Cents (4)
[Info   :Supermarket Simulator - Brazilian Money]   Components de Coin_25_Cents (4): 2
[Info   :Supermarket Simulator - Brazilian Money]   - UnityEngine.Transform
[Info   :Supermarket Simulator - Brazilian Money]   - UnityEngine.Component
[Info   :Supermarket Simulator - Brazilian Money] Object: SM_Coin_25_Cents
[Info   :Supermarket Simulator - Brazilian Money]   Components de SM_Coin_25_Cents: 4
[Info   :Supermarket Simulator - Brazilian Money]   - UnityEngine.Transform
[Info   :Supermarket Simulator - Brazilian Money]   - UnityEngine.Component
[Info   :Supermarket Simulator - Brazilian Money]   - UnityEngine.Component
[Info   :Supermarket Simulator - Brazilian Money]   - UnityEngine.Component
[Info   :Supermarket Simulator - Brazilian Money] Object: Coin_25_Cents (5)
[Info   :Supermarket Simulator - Brazilian Money]   Components de Coin_25_Cents (5): 2
[Info   :Supermarket Simulator - Brazilian Money]   - UnityEngine.Transform
[Info   :Supermarket Simulator - Brazilian Money]   - UnityEngine.Component
[Info   :Supermarket Simulator - Brazilian Money] Object: SM_Coin_25_Cents
[Info   :Supermarket Simulator - Brazilian Money]   Components de SM_Coin_25_Cents: 4
[Info   :Supermarket Simulator - Brazilian Money]   - UnityEngine.Transform
[Info   :Supermarket Simulator - Brazilian Money]   - UnityEngine.Component
[Info   :Supermarket Simulator - Brazilian Money]   - UnityEngine.Component
[Info   :Supermarket Simulator - Brazilian Money]   - UnityEngine.Component
[Info   :Supermarket Simulator - Brazilian Money] Object: Coin_25_Cents (6)
[Info   :Supermarket Simulator - Brazilian Money]   Components de Coin_25_Cents (6): 2
[Info   :Supermarket Simulator - Brazilian Money]   - UnityEngine.Transform
[Info   :Supermarket Simulator - Brazilian Money]   - UnityEngine.Component
[Info   :Supermarket Simulator - Brazilian Money] Object: SM_Coin_25_Cents
[Info   :Supermarket Simulator - Brazilian Money]   Components de SM_Coin_25_Cents: 4
[Info   :Supermarket Simulator - Brazilian Money]   - UnityEngine.Transform
[Info   :Supermarket Simulator - Brazilian Money]   - UnityEngine.Component
[Info   :Supermarket Simulator - Brazilian Money]   - UnityEngine.Component
[Info   :Supermarket Simulator - Brazilian Money]   - UnityEngine.Component
[Info   :Supermarket Simulator - Brazilian Money] Object: Coin_25_Cents (7)
[Info   :Supermarket Simulator - Brazilian Money]   Components de Coin_25_Cents (7): 2
[Info   :Supermarket Simulator - Brazilian Money]   - UnityEngine.Transform
[Info   :Supermarket Simulator - Brazilian Money]   - UnityEngine.Component
[Info   :Supermarket Simulator - Brazilian Money] Object: SM_Coin_25_Cents
[Info   :Supermarket Simulator - Brazilian Money]   Components de SM_Coin_25_Cents: 4
[Info   :Supermarket Simulator - Brazilian Money]   - UnityEngine.Transform
[Info   :Supermarket Simulator - Brazilian Money]   - UnityEngine.Component
[Info   :Supermarket Simulator - Brazilian Money]   - UnityEngine.Component
[Info   :Supermarket Simulator - Brazilian Money]   - UnityEngine.Component
[Info   :Supermarket Simulator - Brazilian Money] Object: Coin_25_Cents (8)
[Info   :Supermarket Simulator - Brazilian Money]   Components de Coin_25_Cents (8): 2
[Info   :Supermarket Simulator - Brazilian Money]   - UnityEngine.Transform
[Info   :Supermarket Simulator - Brazilian Money]   - UnityEngine.Component
[Info   :Supermarket Simulator - Brazilian Money] Object: SM_Coin_25_Cents
[Info   :Supermarket Simulator - Brazilian Money]   Components de SM_Coin_25_Cents: 4
[Info   :Supermarket Simulator - Brazilian Money]   - UnityEngine.Transform
[Info   :Supermarket Simulator - Brazilian Money]   - UnityEngine.Component
[Info   :Supermarket Simulator - Brazilian Money]   - UnityEngine.Component
[Info   :Supermarket Simulator - Brazilian Money]   - UnityEngine.Component
[Info   :Supermarket Simulator - Brazilian Money] Object: Coin_25_Cents (9)
[Info   :Supermarket Simulator - Brazilian Money]   Components de Coin_25_Cents (9): 2
[Info   :Supermarket Simulator - Brazilian Money]   - UnityEngine.Transform
[Info   :Supermarket Simulator - Brazilian Money]   - UnityEngine.Component
[Info   :Supermarket Simulator - Brazilian Money] Object: SM_Coin_25_Cents
[Info   :Supermarket Simulator - Brazilian Money]   Components de SM_Coin_25_Cents: 4
[Info   :Supermarket Simulator - Brazilian Money]   - UnityEngine.Transform
[Info   :Supermarket Simulator - Brazilian Money]   - UnityEngine.Component
[Info   :Supermarket Simulator - Brazilian Money]   - UnityEngine.Component
[Info   :Supermarket Simulator - Brazilian Money]   - UnityEngine.Component
[Info   :Supermarket Simulator - Brazilian Money] Object: Coin_25_Cents (10)
[Info   :Supermarket Simulator - Brazilian Money]   Components de Coin_25_Cents (10): 2
[Info   :Supermarket Simulator - Brazilian Money]   - UnityEngine.Transform
[Info   :Supermarket Simulator - Brazilian Money]   - UnityEngine.Component
[Info   :Supermarket Simulator - Brazilian Money] Object: SM_Coin_25_Cents
[Info   :Supermarket Simulator - Brazilian Money]   Components de SM_Coin_25_Cents: 4
[Info   :Supermarket Simulator - Brazilian Money]   - UnityEngine.Transform
[Info   :Supermarket Simulator - Brazilian Money]   - UnityEngine.Component
[Info   :Supermarket Simulator - Brazilian Money]   - UnityEngine.Component
[Info   :Supermarket Simulator - Brazilian Money]   - UnityEngine.Component
[Info   :Supermarket Simulator - Brazilian Money] ----- FIM DA ANÁLISE -----
[Info   :Brazilian Money Texture Replacer] POSTFIX SpawnMoney EXECUTADO | isCoin=True | moneyPack=MoneyPack
[Info   :Brazilian Money Texture Replacer] MoneyPack GameObject resolvido: 25 Cent Pack
[Info   :Money Material Probe] ========================================
[Info   :Money Material Probe] MONEY MATERIAL PROBE
[Info   :Money Material Probe] MoneyPack Type: MoneyPack
[Info   :Money Material Probe] Tipo informado pelo SpawnMoney: COIN
[Info   :Money Material Probe] GameObject resolvido: 25 Cent Pack
[Info   :Supermarket Simulator - Brazilian Money] Dinheiro detectado: Type=COIN | Name=25 Cent Pack | Value=0,25
[Info   :Supermarket Simulator - Brazilian Money] ----- ANÁLISE DO MONEY PACK -----
[Info   :Supermarket Simulator - Brazilian Money] Type: COIN
[Info   :Supermarket Simulator - Brazilian Money] Name: 25 Cent Pack
[Info   :Supermarket Simulator - Brazilian Money] Value: 0,25
[Info   :Supermarket Simulator - Brazilian Money] InstanceID: -6310
[Info   :Supermarket Simulator - Brazilian Money] Hierarchy: ---MANAGERS---/Checkout Manager/Checkout/Cash Register/Checkout Drawer/25 Cent Pack
[Info   :Supermarket Simulator - Brazilian Money] Objetos na hierarquia: 25
[Info   :Supermarket Simulator - Brazilian Money] Object: 25 Cent Pack
[Info   :Supermarket Simulator - Brazilian Money]   Components de 25 Cent Pack: 5
[Info   :Supermarket Simulator - Brazilian Money]   - UnityEngine.Transform
[Info   :Supermarket Simulator - Brazilian Money]   - UnityEngine.Component
[Info   :Supermarket Simulator - Brazilian Money]   - MoneyPack
[Info   :Supermarket Simulator - Brazilian Money]   - UnityEngine.Component
[Info   :Supermarket Simulator - Brazilian Money]   - UnityEngine.Component
[Info   :Supermarket Simulator - Brazilian Money] Object: Visuals
[Info   :Supermarket Simulator - Brazilian Money]   Components de Visuals: 1
[Info   :Supermarket Simulator - Brazilian Money]   - UnityEngine.Transform
[Info   :Supermarket Simulator - Brazilian Money] Object: 25 Cent Pack
[Info   :Supermarket Simulator - Brazilian Money]   Components de 25 Cent Pack: 1
[Info   :Supermarket Simulator - Brazilian Money]   - UnityEngine.Transform
[Info   :Supermarket Simulator - Brazilian Money] Object: Coin_25_Cents
[Info   :Supermarket Simulator - Brazilian Money]   Components de Coin_25_Cents: 2
[Info   :Supermarket Simulator - Brazilian Money]   - UnityEngine.Transform
[Info   :Supermarket Simulator - Brazilian Money]   - UnityEngine.Component
[Info   :Supermarket Simulator - Brazilian Money] Object: SM_Coin_25_Cents
[Info   :Supermarket Simulator - Brazilian Money]   Components de SM_Coin_25_Cents: 4
[Info   :Supermarket Simulator - Brazilian Money]   - UnityEngine.Transform
[Info   :Supermarket Simulator - Brazilian Money]   - UnityEngine.MeshFilter
[Info   :Supermarket Simulator - Brazilian Money]   - UnityEngine.Component
[Info   :Supermarket Simulator - Brazilian Money]   - UnityEngine.Component
[Info   :Supermarket Simulator - Brazilian Money] Object: Coin_25_Cents (1)
[Info   :Supermarket Simulator - Brazilian Money]   Components de Coin_25_Cents (1): 2
[Info   :Supermarket Simulator - Brazilian Money]   - UnityEngine.Transform
[Info   :Supermarket Simulator - Brazilian Money]   - UnityEngine.Component
[Info   :Supermarket Simulator - Brazilian Money] Object: SM_Coin_25_Cents
[Info   :Supermarket Simulator - Brazilian Money]   Components de SM_Coin_25_Cents: 4
[Info   :Supermarket Simulator - Brazilian Money]   - UnityEngine.Transform
[Info   :Supermarket Simulator - Brazilian Money]   - UnityEngine.MeshFilter
[Info   :Supermarket Simulator - Brazilian Money]   - UnityEngine.Component
[Info   :Supermarket Simulator - Brazilian Money]   - UnityEngine.Component
[Info   :Supermarket Simulator - Brazilian Money] Object: Coin_25_Cents (2)
[Info   :Supermarket Simulator - Brazilian Money]   Components de Coin_25_Cents (2): 2
[Info   :Supermarket Simulator - Brazilian Money]   - UnityEngine.Transform
[Info   :Supermarket Simulator - Brazilian Money]   - UnityEngine.Component
[Info   :Supermarket Simulator - Brazilian Money] Object: SM_Coin_25_Cents
[Info   :Supermarket Simulator - Brazilian Money]   Components de SM_Coin_25_Cents: 4
[Info   :Supermarket Simulator - Brazilian Money]   - UnityEngine.Transform
[Info   :Supermarket Simulator - Brazilian Money]   - UnityEngine.MeshFilter
[Info   :Supermarket Simulator - Brazilian Money]   - UnityEngine.Component
[Info   :Supermarket Simulator - Brazilian Money]   - UnityEngine.Component
[Info   :Supermarket Simulator - Brazilian Money] Object: Coin_25_Cents (3)
[Info   :Supermarket Simulator - Brazilian Money]   Components de Coin_25_Cents (3): 2
[Info   :Supermarket Simulator - Brazilian Money]   - UnityEngine.Transform
[Info   :Supermarket Simulator - Brazilian Money]   - UnityEngine.Component
[Info   :Supermarket Simulator - Brazilian Money] Object: SM_Coin_25_Cents
[Info   :Supermarket Simulator - Brazilian Money]   Components de SM_Coin_25_Cents: 4
[Info   :Supermarket Simulator - Brazilian Money]   - UnityEngine.Transform
[Info   :Supermarket Simulator - Brazilian Money]   - UnityEngine.MeshFilter
[Info   :Supermarket Simulator - Brazilian Money]   - UnityEngine.Component
[Info   :Supermarket Simulator - Brazilian Money]   - UnityEngine.Component
[Info   :Supermarket Simulator - Brazilian Money] Object: Coin_25_Cents (4)
[Info   :Supermarket Simulator - Brazilian Money]   Components de Coin_25_Cents (4): 2
[Info   :Supermarket Simulator - Brazilian Money]   - UnityEngine.Transform
[Info   :Supermarket Simulator - Brazilian Money]   - UnityEngine.Component
[Info   :Supermarket Simulator - Brazilian Money] Object: SM_Coin_25_Cents
[Info   :Supermarket Simulator - Brazilian Money]   Components de SM_Coin_25_Cents: 4
[Info   :Supermarket Simulator - Brazilian Money]   - UnityEngine.Transform
[Info   :Supermarket Simulator - Brazilian Money]   - UnityEngine.MeshFilter
[Info   :Supermarket Simulator - Brazilian Money]   - UnityEngine.Component
[Info   :Supermarket Simulator - Brazilian Money]   - UnityEngine.Component
[Info   :Supermarket Simulator - Brazilian Money] Object: Coin_25_Cents (5)
[Info   :Supermarket Simulator - Brazilian Money]   Components de Coin_25_Cents (5): 2
[Info   :Supermarket Simulator - Brazilian Money]   - UnityEngine.Transform
[Info   :Supermarket Simulator - Brazilian Money]   - UnityEngine.Component
[Info   :Supermarket Simulator - Brazilian Money] Object: SM_Coin_25_Cents
[Info   :Supermarket Simulator - Brazilian Money]   Components de SM_Coin_25_Cents: 4
[Info   :Supermarket Simulator - Brazilian Money]   - UnityEngine.Transform
[Info   :Supermarket Simulator - Brazilian Money]   - UnityEngine.MeshFilter
[Info   :Supermarket Simulator - Brazilian Money]   - UnityEngine.Component
[Info   :Supermarket Simulator - Brazilian Money]   - UnityEngine.Component
[Info   :Supermarket Simulator - Brazilian Money] Object: Coin_25_Cents (6)
[Info   :Supermarket Simulator - Brazilian Money]   Components de Coin_25_Cents (6): 2
[Info   :Supermarket Simulator - Brazilian Money]   - UnityEngine.Transform
[Info   :Supermarket Simulator - Brazilian Money]   - UnityEngine.Component
[Info   :Supermarket Simulator - Brazilian Money] Object: SM_Coin_25_Cents
[Info   :Supermarket Simulator - Brazilian Money]   Components de SM_Coin_25_Cents: 4
[Info   :Supermarket Simulator - Brazilian Money]   - UnityEngine.Transform
[Info   :Supermarket Simulator - Brazilian Money]   - UnityEngine.MeshFilter
[Info   :Supermarket Simulator - Brazilian Money]   - UnityEngine.Component
[Info   :Supermarket Simulator - Brazilian Money]   - UnityEngine.Component
[Info   :Supermarket Simulator - Brazilian Money] Object: Coin_25_Cents (7)
[Info   :Supermarket Simulator - Brazilian Money]   Components de Coin_25_Cents (7): 2
[Info   :Supermarket Simulator - Brazilian Money]   - UnityEngine.Transform
[Info   :Supermarket Simulator - Brazilian Money]   - UnityEngine.Component
[Info   :Supermarket Simulator - Brazilian Money] Object: SM_Coin_25_Cents
[Info   :Supermarket Simulator - Brazilian Money]   Components de SM_Coin_25_Cents: 4
[Info   :Supermarket Simulator - Brazilian Money]   - UnityEngine.Transform
[Info   :Supermarket Simulator - Brazilian Money]   - UnityEngine.MeshFilter
[Info   :Supermarket Simulator - Brazilian Money]   - UnityEngine.Component
[Info   :Supermarket Simulator - Brazilian Money]   - UnityEngine.Component
[Info   :Supermarket Simulator - Brazilian Money] Object: Coin_25_Cents (8)
[Info   :Supermarket Simulator - Brazilian Money]   Components de Coin_25_Cents (8): 2
[Info   :Supermarket Simulator - Brazilian Money]   - UnityEngine.Transform
[Info   :Supermarket Simulator - Brazilian Money]   - UnityEngine.Component
[Info   :Supermarket Simulator - Brazilian Money] Object: SM_Coin_25_Cents
[Info   :Supermarket Simulator - Brazilian Money]   Components de SM_Coin_25_Cents: 4
[Info   :Supermarket Simulator - Brazilian Money]   - UnityEngine.Transform
[Info   :Supermarket Simulator - Brazilian Money]   - UnityEngine.MeshFilter
[Info   :Supermarket Simulator - Brazilian Money]   - UnityEngine.Component
[Info   :Supermarket Simulator - Brazilian Money]   - UnityEngine.Component
[Info   :Supermarket Simulator - Brazilian Money] Object: Coin_25_Cents (9)
[Info   :Supermarket Simulator - Brazilian Money]   Components de Coin_25_Cents (9): 2
[Info   :Supermarket Simulator - Brazilian Money]   - UnityEngine.Transform
[Info   :Supermarket Simulator - Brazilian Money]   - UnityEngine.Component
[Info   :Supermarket Simulator - Brazilian Money] Object: SM_Coin_25_Cents
[Info   :Supermarket Simulator - Brazilian Money]   Components de SM_Coin_25_Cents: 4
[Info   :Supermarket Simulator - Brazilian Money]   - UnityEngine.Transform
[Info   :Supermarket Simulator - Brazilian Money]   - UnityEngine.MeshFilter
[Info   :Supermarket Simulator - Brazilian Money]   - UnityEngine.Component
[Info   :Supermarket Simulator - Brazilian Money]   - UnityEngine.Component
[Info   :Supermarket Simulator - Brazilian Money] Object: Coin_25_Cents (10)
[Info   :Supermarket Simulator - Brazilian Money]   Components de Coin_25_Cents (10): 2
[Info   :Supermarket Simulator - Brazilian Money]   - UnityEngine.Transform
[Info   :Supermarket Simulator - Brazilian Money]   - UnityEngine.Component
[Info   :Supermarket Simulator - Brazilian Money] Object: SM_Coin_25_Cents
[Info   :Supermarket Simulator - Brazilian Money]   Components de SM_Coin_25_Cents: 4
[Info   :Supermarket Simulator - Brazilian Money]   - UnityEngine.Transform
[Info   :Supermarket Simulator - Brazilian Money]   - UnityEngine.MeshFilter
[Info   :Supermarket Simulator - Brazilian Money]   - UnityEngine.Component
[Info   :Supermarket Simulator - Brazilian Money]   - UnityEngine.Component
[Info   :Supermarket Simulator - Brazilian Money] ----- FIM DA ANÁLISE -----
[Info   :Brazilian Money Texture Replacer] POSTFIX SpawnMoney EXECUTADO | isCoin=True | moneyPack=MoneyPack
[Info   :Brazilian Money Texture Replacer] MoneyPack GameObject resolvido: 25 Cent Pack
[Info   :Money Material Probe] ========================================
[Info   :Money Material Probe] MONEY MATERIAL PROBE
[Info   :Money Material Probe] MoneyPack Type: MoneyPack
[Info   :Money Material Probe] Tipo informado pelo SpawnMoney: COIN
[Info   :Money Material Probe] GameObject resolvido: 25 Cent Pack
[Info   :Supermarket Simulator - Brazilian Money] Dinheiro detectado: Type=COIN | Name=50 Cent Pack | Value=0,5
[Info   :Supermarket Simulator - Brazilian Money] ----- ANÁLISE DO MONEY PACK -----
[Info   :Supermarket Simulator - Brazilian Money] Type: COIN
[Info   :Supermarket Simulator - Brazilian Money] Name: 50 Cent Pack
[Info   :Supermarket Simulator - Brazilian Money] Value: 0,5
[Info   :Supermarket Simulator - Brazilian Money] InstanceID: -6482
[Info   :Supermarket Simulator - Brazilian Money] Hierarchy: ---MANAGERS---/Checkout Manager/Checkout/Cash Register/Checkout Drawer/50 Cent Pack
[Info   :Supermarket Simulator - Brazilian Money] Objetos na hierarquia: 23
[Info   :Supermarket Simulator - Brazilian Money] Object: 50 Cent Pack
[Info   :Supermarket Simulator - Brazilian Money]   Components de 50 Cent Pack: 5
[Info   :Supermarket Simulator - Brazilian Money]   - UnityEngine.Transform
[Info   :Supermarket Simulator - Brazilian Money]   - UnityEngine.Component
[Info   :Supermarket Simulator - Brazilian Money]   - MoneyPack
[Info   :Supermarket Simulator - Brazilian Money]   - UnityEngine.Component
[Info   :Supermarket Simulator - Brazilian Money]   - UnityEngine.Component
[Info   :Supermarket Simulator - Brazilian Money] Object: Visuals
[Info   :Supermarket Simulator - Brazilian Money]   Components de Visuals: 1
[Info   :Supermarket Simulator - Brazilian Money]   - UnityEngine.Transform
[Info   :Supermarket Simulator - Brazilian Money] Object: 50 Cent Pack
[Info   :Supermarket Simulator - Brazilian Money]   Components de 50 Cent Pack: 1
[Info   :Supermarket Simulator - Brazilian Money]   - UnityEngine.Transform
[Info   :Supermarket Simulator - Brazilian Money] Object: Coin_50_Cents
[Info   :Supermarket Simulator - Brazilian Money]   Components de Coin_50_Cents: 2
[Info   :Supermarket Simulator - Brazilian Money]   - UnityEngine.Transform
[Info   :Supermarket Simulator - Brazilian Money]   - UnityEngine.Component
[Info   :Supermarket Simulator - Brazilian Money] Object: SM_Coin_50_Cents
[Info   :Supermarket Simulator - Brazilian Money]   Components de SM_Coin_50_Cents: 4
[Info   :Supermarket Simulator - Brazilian Money]   - UnityEngine.Transform
[Info   :Supermarket Simulator - Brazilian Money]   - UnityEngine.MeshFilter
[Info   :Supermarket Simulator - Brazilian Money]   - UnityEngine.Component
[Info   :Supermarket Simulator - Brazilian Money]   - UnityEngine.Component
[Info   :Supermarket Simulator - Brazilian Money] Object: Coin_50_Cents (1)
[Info   :Supermarket Simulator - Brazilian Money]   Components de Coin_50_Cents (1): 2
[Info   :Supermarket Simulator - Brazilian Money]   - UnityEngine.Transform
[Info   :Supermarket Simulator - Brazilian Money]   - UnityEngine.Component
[Info   :Supermarket Simulator - Brazilian Money] Object: SM_Coin_50_Cents
[Info   :Supermarket Simulator - Brazilian Money]   Components de SM_Coin_50_Cents: 4
[Info   :Supermarket Simulator - Brazilian Money]   - UnityEngine.Transform
[Info   :Supermarket Simulator - Brazilian Money]   - UnityEngine.Component
[Info   :Supermarket Simulator - Brazilian Money]   - UnityEngine.Component
[Info   :Supermarket Simulator - Brazilian Money]   - UnityEngine.Component
[Info   :Supermarket Simulator - Brazilian Money] Object: Coin_50_Cents (2)
[Info   :Supermarket Simulator - Brazilian Money]   Components de Coin_50_Cents (2): 2
[Info   :Supermarket Simulator - Brazilian Money]   - UnityEngine.Transform
[Info   :Supermarket Simulator - Brazilian Money]   - UnityEngine.Component
[Info   :Supermarket Simulator - Brazilian Money] Object: SM_Coin_50_Cents
[Info   :Supermarket Simulator - Brazilian Money]   Components de SM_Coin_50_Cents: 4
[Info   :Supermarket Simulator - Brazilian Money]   - UnityEngine.Transform
[Info   :Supermarket Simulator - Brazilian Money]   - UnityEngine.Component
[Info   :Supermarket Simulator - Brazilian Money]   - UnityEngine.Component
[Info   :Supermarket Simulator - Brazilian Money]   - UnityEngine.Component
[Info   :Supermarket Simulator - Brazilian Money] Object: Coin_50_Cents (3)
[Info   :Supermarket Simulator - Brazilian Money]   Components de Coin_50_Cents (3): 2
[Info   :Supermarket Simulator - Brazilian Money]   - UnityEngine.Transform
[Info   :Supermarket Simulator - Brazilian Money]   - UnityEngine.Component
[Info   :Supermarket Simulator - Brazilian Money] Object: SM_Coin_50_Cents
[Info   :Supermarket Simulator - Brazilian Money]   Components de SM_Coin_50_Cents: 4
[Info   :Supermarket Simulator - Brazilian Money]   - UnityEngine.Transform
[Info   :Supermarket Simulator - Brazilian Money]   - UnityEngine.Component
[Info   :Supermarket Simulator - Brazilian Money]   - UnityEngine.Component
[Info   :Supermarket Simulator - Brazilian Money]   - UnityEngine.Component
[Info   :Supermarket Simulator - Brazilian Money] Object: Coin_50_Cents (4)
[Info   :Supermarket Simulator - Brazilian Money]   Components de Coin_50_Cents (4): 2
[Info   :Supermarket Simulator - Brazilian Money]   - UnityEngine.Transform
[Info   :Supermarket Simulator - Brazilian Money]   - UnityEngine.Component
[Info   :Supermarket Simulator - Brazilian Money] Object: SM_Coin_50_Cents
[Info   :Supermarket Simulator - Brazilian Money]   Components de SM_Coin_50_Cents: 4
[Info   :Supermarket Simulator - Brazilian Money]   - UnityEngine.Transform
[Info   :Supermarket Simulator - Brazilian Money]   - UnityEngine.Component
[Info   :Supermarket Simulator - Brazilian Money]   - UnityEngine.Component
[Info   :Supermarket Simulator - Brazilian Money]   - UnityEngine.Component
[Info   :Supermarket Simulator - Brazilian Money] Object: Coin_50_Cents (5)
[Info   :Supermarket Simulator - Brazilian Money]   Components de Coin_50_Cents (5): 2
[Info   :Supermarket Simulator - Brazilian Money]   - UnityEngine.Transform
[Info   :Supermarket Simulator - Brazilian Money]   - UnityEngine.Component
[Info   :Supermarket Simulator - Brazilian Money] Object: SM_Coin_50_Cents
[Info   :Supermarket Simulator - Brazilian Money]   Components de SM_Coin_50_Cents: 4
[Info   :Supermarket Simulator - Brazilian Money]   - UnityEngine.Transform
[Info   :Supermarket Simulator - Brazilian Money]   - UnityEngine.Component
[Info   :Supermarket Simulator - Brazilian Money]   - UnityEngine.Component
[Info   :Supermarket Simulator - Brazilian Money]   - UnityEngine.Component
[Info   :Supermarket Simulator - Brazilian Money] Object: Coin_50_Cents (6)
[Info   :Supermarket Simulator - Brazilian Money]   Components de Coin_50_Cents (6): 2
[Info   :Supermarket Simulator - Brazilian Money]   - UnityEngine.Transform
[Info   :Supermarket Simulator - Brazilian Money]   - UnityEngine.Component
[Info   :Supermarket Simulator - Brazilian Money] Object: SM_Coin_50_Cents
[Info   :Supermarket Simulator - Brazilian Money]   Components de SM_Coin_50_Cents: 4
[Info   :Supermarket Simulator - Brazilian Money]   - UnityEngine.Transform
[Info   :Supermarket Simulator - Brazilian Money]   - UnityEngine.Component
[Info   :Supermarket Simulator - Brazilian Money]   - UnityEngine.Component
[Info   :Supermarket Simulator - Brazilian Money]   - UnityEngine.Component
[Info   :Supermarket Simulator - Brazilian Money] Object: Coin_50_Cents (7)
[Info   :Supermarket Simulator - Brazilian Money]   Components de Coin_50_Cents (7): 2
[Info   :Supermarket Simulator - Brazilian Money]   - UnityEngine.Transform
[Info   :Supermarket Simulator - Brazilian Money]   - UnityEngine.Component
[Info   :Supermarket Simulator - Brazilian Money] Object: SM_Coin_50_Cents
[Info   :Supermarket Simulator - Brazilian Money]   Components de SM_Coin_50_Cents: 4
[Info   :Supermarket Simulator - Brazilian Money]   - UnityEngine.Transform
[Info   :Supermarket Simulator - Brazilian Money]   - UnityEngine.Component
[Info   :Supermarket Simulator - Brazilian Money]   - UnityEngine.Component
[Info   :Supermarket Simulator - Brazilian Money]   - UnityEngine.Component
[Info   :Supermarket Simulator - Brazilian Money] Object: Coin_50_Cents (8)
[Info   :Supermarket Simulator - Brazilian Money]   Components de Coin_50_Cents (8): 2
[Info   :Supermarket Simulator - Brazilian Money]   - UnityEngine.Transform
[Info   :Supermarket Simulator - Brazilian Money]   - UnityEngine.Component
[Info   :Supermarket Simulator - Brazilian Money] Object: SM_Coin_50_Cents
[Info   :Supermarket Simulator - Brazilian Money]   Components de SM_Coin_50_Cents: 4
[Info   :Supermarket Simulator - Brazilian Money]   - UnityEngine.Transform
[Info   :Supermarket Simulator - Brazilian Money]   - UnityEngine.Component
[Info   :Supermarket Simulator - Brazilian Money]   - UnityEngine.Component
[Info   :Supermarket Simulator - Brazilian Money]   - UnityEngine.Component
[Info   :Supermarket Simulator - Brazilian Money] Object: Coin_50_Cents (9)
[Info   :Supermarket Simulator - Brazilian Money]   Components de Coin_50_Cents (9): 2
[Info   :Supermarket Simulator - Brazilian Money]   - UnityEngine.Transform
[Info   :Supermarket Simulator - Brazilian Money]   - UnityEngine.Component
[Info   :Supermarket Simulator - Brazilian Money] Object: SM_Coin_50_Cents
[Info   :Supermarket Simulator - Brazilian Money]   Components de SM_Coin_50_Cents: 4
[Info   :Supermarket Simulator - Brazilian Money]   - UnityEngine.Transform
[Info   :Supermarket Simulator - Brazilian Money]   - UnityEngine.Component
[Info   :Supermarket Simulator - Brazilian Money]   - UnityEngine.Component
[Info   :Supermarket Simulator - Brazilian Money]   - UnityEngine.Component
[Info   :Supermarket Simulator - Brazilian Money] ----- FIM DA ANÁLISE -----
[Info   :Brazilian Money Texture Replacer] POSTFIX SpawnMoney EXECUTADO | isCoin=True | moneyPack=MoneyPack
[Info   :Brazilian Money Texture Replacer] MoneyPack GameObject resolvido: 50 Cent Pack
[Info   :Money Material Probe] ========================================
[Info   :Money Material Probe] MONEY MATERIAL PROBE
[Info   :Money Material Probe] MoneyPack Type: MoneyPack
[Info   :Money Material Probe] Tipo informado pelo SpawnMoney: COIN
[Info   :Money Material Probe] GameObject resolvido: 50 Cent Pack
[Info   :Supermarket Simulator - Brazilian Money] Dinheiro detectado: Type=COIN | Name=25 Cent Pack | Value=0,25
[Info   :Supermarket Simulator - Brazilian Money] ----- ANÁLISE DO MONEY PACK -----
[Info   :Supermarket Simulator - Brazilian Money] Type: COIN
[Info   :Supermarket Simulator - Brazilian Money] Name: 25 Cent Pack
[Info   :Supermarket Simulator - Brazilian Money] Value: 0,25
[Info   :Supermarket Simulator - Brazilian Money] InstanceID: -6310
[Info   :Supermarket Simulator - Brazilian Money] Hierarchy: ---MANAGERS---/Checkout Manager/Checkout/Cash Register/Checkout Drawer/25 Cent Pack
[Info   :Supermarket Simulator - Brazilian Money] Objetos na hierarquia: 25
[Info   :Supermarket Simulator - Brazilian Money] Object: 25 Cent Pack
[Info   :Supermarket Simulator - Brazilian Money]   Components de 25 Cent Pack: 5
[Info   :Supermarket Simulator - Brazilian Money]   - UnityEngine.Transform
[Info   :Supermarket Simulator - Brazilian Money]   - UnityEngine.Component
[Info   :Supermarket Simulator - Brazilian Money]   - MoneyPack
[Info   :Supermarket Simulator - Brazilian Money]   - UnityEngine.Component
[Info   :Supermarket Simulator - Brazilian Money]   - UnityEngine.Component
[Info   :Supermarket Simulator - Brazilian Money] Object: Visuals
[Info   :Supermarket Simulator - Brazilian Money]   Components de Visuals: 1
[Info   :Supermarket Simulator - Brazilian Money]   - UnityEngine.Transform
[Info   :Supermarket Simulator - Brazilian Money] Object: 25 Cent Pack
[Info   :Supermarket Simulator - Brazilian Money]   Components de 25 Cent Pack: 1
[Info   :Supermarket Simulator - Brazilian Money]   - UnityEngine.Transform
[Info   :Supermarket Simulator - Brazilian Money] Object: Coin_25_Cents
[Info   :Supermarket Simulator - Brazilian Money]   Components de Coin_25_Cents: 2
[Info   :Supermarket Simulator - Brazilian Money]   - UnityEngine.Transform
[Info   :Supermarket Simulator - Brazilian Money]   - UnityEngine.Component
[Info   :Supermarket Simulator - Brazilian Money] Object: SM_Coin_25_Cents
[Info   :Supermarket Simulator - Brazilian Money]   Components de SM_Coin_25_Cents: 4
[Info   :Supermarket Simulator - Brazilian Money]   - UnityEngine.Transform
[Info   :Supermarket Simulator - Brazilian Money]   - UnityEngine.MeshFilter
[Info   :Supermarket Simulator - Brazilian Money]   - UnityEngine.Component
[Info   :Supermarket Simulator - Brazilian Money]   - UnityEngine.Component
[Info   :Supermarket Simulator - Brazilian Money] Object: Coin_25_Cents (1)
[Info   :Supermarket Simulator - Brazilian Money]   Components de Coin_25_Cents (1): 2
[Info   :Supermarket Simulator - Brazilian Money]   - UnityEngine.Transform
[Info   :Supermarket Simulator - Brazilian Money]   - UnityEngine.Component
[Info   :Supermarket Simulator - Brazilian Money] Object: SM_Coin_25_Cents
[Info   :Supermarket Simulator - Brazilian Money]   Components de SM_Coin_25_Cents: 4
[Info   :Supermarket Simulator - Brazilian Money]   - UnityEngine.Transform
[Info   :Supermarket Simulator - Brazilian Money]   - UnityEngine.Component
[Info   :Supermarket Simulator - Brazilian Money]   - UnityEngine.Component
[Info   :Supermarket Simulator - Brazilian Money]   - UnityEngine.Component
[Info   :Supermarket Simulator - Brazilian Money] Object: Coin_25_Cents (2)
[Info   :Supermarket Simulator - Brazilian Money]   Components de Coin_25_Cents (2): 2
[Info   :Supermarket Simulator - Brazilian Money]   - UnityEngine.Transform
[Info   :Supermarket Simulator - Brazilian Money]   - UnityEngine.Component
[Info   :Supermarket Simulator - Brazilian Money] Object: SM_Coin_25_Cents
[Info   :Supermarket Simulator - Brazilian Money]   Components de SM_Coin_25_Cents: 4
[Info   :Supermarket Simulator - Brazilian Money]   - UnityEngine.Transform
[Info   :Supermarket Simulator - Brazilian Money]   - UnityEngine.Component
[Info   :Supermarket Simulator - Brazilian Money]   - UnityEngine.Component
[Info   :Supermarket Simulator - Brazilian Money]   - UnityEngine.Component
[Info   :Supermarket Simulator - Brazilian Money] Object: Coin_25_Cents (3)
[Info   :Supermarket Simulator - Brazilian Money]   Components de Coin_25_Cents (3): 2
[Info   :Supermarket Simulator - Brazilian Money]   - UnityEngine.Transform
[Info   :Supermarket Simulator - Brazilian Money]   - UnityEngine.Component
[Info   :Supermarket Simulator - Brazilian Money] Object: SM_Coin_25_Cents
[Info   :Supermarket Simulator - Brazilian Money]   Components de SM_Coin_25_Cents: 4
[Info   :Supermarket Simulator - Brazilian Money]   - UnityEngine.Transform
[Info   :Supermarket Simulator - Brazilian Money]   - UnityEngine.Component
[Info   :Supermarket Simulator - Brazilian Money]   - UnityEngine.Component
[Info   :Supermarket Simulator - Brazilian Money]   - UnityEngine.Component
[Info   :Supermarket Simulator - Brazilian Money] Object: Coin_25_Cents (4)
[Info   :Supermarket Simulator - Brazilian Money]   Components de Coin_25_Cents (4): 2
[Info   :Supermarket Simulator - Brazilian Money]   - UnityEngine.Transform
[Info   :Supermarket Simulator - Brazilian Money]   - UnityEngine.Component
[Info   :Supermarket Simulator - Brazilian Money] Object: SM_Coin_25_Cents
[Info   :Supermarket Simulator - Brazilian Money]   Components de SM_Coin_25_Cents: 4
[Info   :Supermarket Simulator - Brazilian Money]   - UnityEngine.Transform
[Info   :Supermarket Simulator - Brazilian Money]   - UnityEngine.Component
[Info   :Supermarket Simulator - Brazilian Money]   - UnityEngine.Component
[Info   :Supermarket Simulator - Brazilian Money]   - UnityEngine.Component
[Info   :Supermarket Simulator - Brazilian Money] Object: Coin_25_Cents (5)
[Info   :Supermarket Simulator - Brazilian Money]   Components de Coin_25_Cents (5): 2
[Info   :Supermarket Simulator - Brazilian Money]   - UnityEngine.Transform
[Info   :Supermarket Simulator - Brazilian Money]   - UnityEngine.Component
[Info   :Supermarket Simulator - Brazilian Money] Object: SM_Coin_25_Cents
[Info   :Supermarket Simulator - Brazilian Money]   Components de SM_Coin_25_Cents: 4
[Info   :Supermarket Simulator - Brazilian Money]   - UnityEngine.Transform
[Info   :Supermarket Simulator - Brazilian Money]   - UnityEngine.Component
[Info   :Supermarket Simulator - Brazilian Money]   - UnityEngine.Component
[Info   :Supermarket Simulator - Brazilian Money]   - UnityEngine.Component
[Info   :Supermarket Simulator - Brazilian Money] Object: Coin_25_Cents (6)
[Info   :Supermarket Simulator - Brazilian Money]   Components de Coin_25_Cents (6): 2
[Info   :Supermarket Simulator - Brazilian Money]   - UnityEngine.Transform
[Info   :Supermarket Simulator - Brazilian Money]   - UnityEngine.Component
[Info   :Supermarket Simulator - Brazilian Money] Object: SM_Coin_25_Cents
[Info   :Supermarket Simulator - Brazilian Money]   Components de SM_Coin_25_Cents: 4
[Info   :Supermarket Simulator - Brazilian Money]   - UnityEngine.Transform
[Info   :Supermarket Simulator - Brazilian Money]   - UnityEngine.Component
[Info   :Supermarket Simulator - Brazilian Money]   - UnityEngine.Component
[Info   :Supermarket Simulator - Brazilian Money]   - UnityEngine.Component
[Info   :Supermarket Simulator - Brazilian Money] Object: Coin_25_Cents (7)
[Info   :Supermarket Simulator - Brazilian Money]   Components de Coin_25_Cents (7): 2
[Info   :Supermarket Simulator - Brazilian Money]   - UnityEngine.Transform
[Info   :Supermarket Simulator - Brazilian Money]   - UnityEngine.Component
[Info   :Supermarket Simulator - Brazilian Money] Object: SM_Coin_25_Cents
[Info   :Supermarket Simulator - Brazilian Money]   Components de SM_Coin_25_Cents: 4
[Info   :Supermarket Simulator - Brazilian Money]   - UnityEngine.Transform
[Info   :Supermarket Simulator - Brazilian Money]   - UnityEngine.Component
[Info   :Supermarket Simulator - Brazilian Money]   - UnityEngine.Component
[Info   :Supermarket Simulator - Brazilian Money]   - UnityEngine.Component
[Info   :Supermarket Simulator - Brazilian Money] Object: Coin_25_Cents (8)
[Info   :Supermarket Simulator - Brazilian Money]   Components de Coin_25_Cents (8): 2
[Info   :Supermarket Simulator - Brazilian Money]   - UnityEngine.Transform
[Info   :Supermarket Simulator - Brazilian Money]   - UnityEngine.Component
[Info   :Supermarket Simulator - Brazilian Money] Object: SM_Coin_25_Cents
[Info   :Supermarket Simulator - Brazilian Money]   Components de SM_Coin_25_Cents: 4
[Info   :Supermarket Simulator - Brazilian Money]   - UnityEngine.Transform
[Info   :Supermarket Simulator - Brazilian Money]   - UnityEngine.Component
[Info   :Supermarket Simulator - Brazilian Money]   - UnityEngine.Component
[Info   :Supermarket Simulator - Brazilian Money]   - UnityEngine.Component
[Info   :Supermarket Simulator - Brazilian Money] Object: Coin_25_Cents (9)
[Info   :Supermarket Simulator - Brazilian Money]   Components de Coin_25_Cents (9): 2
[Info   :Supermarket Simulator - Brazilian Money]   - UnityEngine.Transform
[Info   :Supermarket Simulator - Brazilian Money]   - UnityEngine.Component
[Info   :Supermarket Simulator - Brazilian Money] Object: SM_Coin_25_Cents
[Info   :Supermarket Simulator - Brazilian Money]   Components de SM_Coin_25_Cents: 4
[Info   :Supermarket Simulator - Brazilian Money]   - UnityEngine.Transform
[Info   :Supermarket Simulator - Brazilian Money]   - UnityEngine.Component
[Info   :Supermarket Simulator - Brazilian Money]   - UnityEngine.Component
[Info   :Supermarket Simulator - Brazilian Money]   - UnityEngine.Component
[Info   :Supermarket Simulator - Brazilian Money] Object: Coin_25_Cents (10)
[Info   :Supermarket Simulator - Brazilian Money]   Components de Coin_25_Cents (10): 2
[Info   :Supermarket Simulator - Brazilian Money]   - UnityEngine.Transform
[Info   :Supermarket Simulator - Brazilian Money]   - UnityEngine.Component
[Info   :Supermarket Simulator - Brazilian Money] Object: SM_Coin_25_Cents
[Info   :Supermarket Simulator - Brazilian Money]   Components de SM_Coin_25_Cents: 4
[Info   :Supermarket Simulator - Brazilian Money]   - UnityEngine.Transform
[Info   :Supermarket Simulator - Brazilian Money]   - UnityEngine.Component
[Info   :Supermarket Simulator - Brazilian Money]   - UnityEngine.Component
[Info   :Supermarket Simulator - Brazilian Money]   - UnityEngine.Component
[Info   :Supermarket Simulator - Brazilian Money] ----- FIM DA ANÁLISE -----
[Info   :Brazilian Money Texture Replacer] POSTFIX SpawnMoney EXECUTADO | isCoin=True | moneyPack=MoneyPack
[Info   :Brazilian Money Texture Replacer] MoneyPack GameObject resolvido: 25 Cent Pack
[Info   :Money Material Probe] ========================================
[Info   :Money Material Probe] MONEY MATERIAL PROBE
[Info   :Money Material Probe] MoneyPack Type: MoneyPack
[Info   :Money Material Probe] Tipo informado pelo SpawnMoney: COIN
[Info   :Money Material Probe] GameObject resolvido: 25 Cent Pack
[Info   :Supermarket Simulator - Brazilian Money] Dinheiro detectado: Type=COIN | Name=50 Cent Pack | Value=0,5
[Info   :Supermarket Simulator - Brazilian Money] ----- ANÁLISE DO MONEY PACK -----
[Info   :Supermarket Simulator - Brazilian Money] Type: COIN
[Info   :Supermarket Simulator - Brazilian Money] Name: 50 Cent Pack
[Info   :Supermarket Simulator - Brazilian Money] Value: 0,5
[Info   :Supermarket Simulator - Brazilian Money] InstanceID: -6482
[Info   :Supermarket Simulator - Brazilian Money] Hierarchy: ---MANAGERS---/Checkout Manager/Checkout/Cash Register/Checkout Drawer/50 Cent Pack
[Info   :Supermarket Simulator - Brazilian Money] Objetos na hierarquia: 23
[Info   :Supermarket Simulator - Brazilian Money] Object: 50 Cent Pack
[Info   :Supermarket Simulator - Brazilian Money]   Components de 50 Cent Pack: 5
[Info   :Supermarket Simulator - Brazilian Money]   - UnityEngine.Transform
[Info   :Supermarket Simulator - Brazilian Money]   - UnityEngine.Component
[Info   :Supermarket Simulator - Brazilian Money]   - MoneyPack
[Info   :Supermarket Simulator - Brazilian Money]   - UnityEngine.Component
[Info   :Supermarket Simulator - Brazilian Money]   - UnityEngine.Component
[Info   :Supermarket Simulator - Brazilian Money] Object: Visuals
[Info   :Supermarket Simulator - Brazilian Money]   Components de Visuals: 1
[Info   :Supermarket Simulator - Brazilian Money]   - UnityEngine.Transform
[Info   :Supermarket Simulator - Brazilian Money] Object: 50 Cent Pack
[Info   :Supermarket Simulator - Brazilian Money]   Components de 50 Cent Pack: 1
[Info   :Supermarket Simulator - Brazilian Money]   - UnityEngine.Transform
[Info   :Supermarket Simulator - Brazilian Money] Object: Coin_50_Cents
[Info   :Supermarket Simulator - Brazilian Money]   Components de Coin_50_Cents: 2
[Info   :Supermarket Simulator - Brazilian Money]   - UnityEngine.Transform
[Info   :Supermarket Simulator - Brazilian Money]   - UnityEngine.Component
[Info   :Supermarket Simulator - Brazilian Money] Object: SM_Coin_50_Cents
[Info   :Supermarket Simulator - Brazilian Money]   Components de SM_Coin_50_Cents: 4
[Info   :Supermarket Simulator - Brazilian Money]   - UnityEngine.Transform
[Info   :Supermarket Simulator - Brazilian Money]   - UnityEngine.MeshFilter
[Info   :Supermarket Simulator - Brazilian Money]   - UnityEngine.Component
[Info   :Supermarket Simulator - Brazilian Money]   - UnityEngine.Component
[Info   :Supermarket Simulator - Brazilian Money] Object: Coin_50_Cents (1)
[Info   :Supermarket Simulator - Brazilian Money]   Components de Coin_50_Cents (1): 2
[Info   :Supermarket Simulator - Brazilian Money]   - UnityEngine.Transform
[Info   :Supermarket Simulator - Brazilian Money]   - UnityEngine.Component
[Info   :Supermarket Simulator - Brazilian Money] Object: SM_Coin_50_Cents
[Info   :Supermarket Simulator - Brazilian Money]   Components de SM_Coin_50_Cents: 4
[Info   :Supermarket Simulator - Brazilian Money]   - UnityEngine.Transform
[Info   :Supermarket Simulator - Brazilian Money]   - UnityEngine.Component
[Info   :Supermarket Simulator - Brazilian Money]   - UnityEngine.Component
[Info   :Supermarket Simulator - Brazilian Money]   - UnityEngine.Component
[Info   :Supermarket Simulator - Brazilian Money] Object: Coin_50_Cents (2)
[Info   :Supermarket Simulator - Brazilian Money]   Components de Coin_50_Cents (2): 2
[Info   :Supermarket Simulator - Brazilian Money]   - UnityEngine.Transform
[Info   :Supermarket Simulator - Brazilian Money]   - UnityEngine.Component
[Info   :Supermarket Simulator - Brazilian Money] Object: SM_Coin_50_Cents
[Info   :Supermarket Simulator - Brazilian Money]   Components de SM_Coin_50_Cents: 4
[Info   :Supermarket Simulator - Brazilian Money]   - UnityEngine.Transform
[Info   :Supermarket Simulator - Brazilian Money]   - UnityEngine.Component
[Info   :Supermarket Simulator - Brazilian Money]   - UnityEngine.Component
[Info   :Supermarket Simulator - Brazilian Money]   - UnityEngine.Component
[Info   :Supermarket Simulator - Brazilian Money] Object: Coin_50_Cents (3)
[Info   :Supermarket Simulator - Brazilian Money]   Components de Coin_50_Cents (3): 2
[Info   :Supermarket Simulator - Brazilian Money]   - UnityEngine.Transform
[Info   :Supermarket Simulator - Brazilian Money]   - UnityEngine.Component
[Info   :Supermarket Simulator - Brazilian Money] Object: SM_Coin_50_Cents
[Info   :Supermarket Simulator - Brazilian Money]   Components de SM_Coin_50_Cents: 4
[Info   :Supermarket Simulator - Brazilian Money]   - UnityEngine.Transform
[Info   :Supermarket Simulator - Brazilian Money]   - UnityEngine.Component
[Info   :Supermarket Simulator - Brazilian Money]   - UnityEngine.Component
[Info   :Supermarket Simulator - Brazilian Money]   - UnityEngine.Component
[Info   :Supermarket Simulator - Brazilian Money] Object: Coin_50_Cents (4)
[Info   :Supermarket Simulator - Brazilian Money]   Components de Coin_50_Cents (4): 2
[Info   :Supermarket Simulator - Brazilian Money]   - UnityEngine.Transform
[Info   :Supermarket Simulator - Brazilian Money]   - UnityEngine.Component
[Info   :Supermarket Simulator - Brazilian Money] Object: SM_Coin_50_Cents
[Info   :Supermarket Simulator - Brazilian Money]   Components de SM_Coin_50_Cents: 4
[Info   :Supermarket Simulator - Brazilian Money]   - UnityEngine.Transform
[Info   :Supermarket Simulator - Brazilian Money]   - UnityEngine.Component
[Info   :Supermarket Simulator - Brazilian Money]   - UnityEngine.Component
[Info   :Supermarket Simulator - Brazilian Money]   - UnityEngine.Component
[Info   :Supermarket Simulator - Brazilian Money] Object: Coin_50_Cents (5)
[Info   :Supermarket Simulator - Brazilian Money]   Components de Coin_50_Cents (5): 2
[Info   :Supermarket Simulator - Brazilian Money]   - UnityEngine.Transform
[Info   :Supermarket Simulator - Brazilian Money]   - UnityEngine.Component
[Info   :Supermarket Simulator - Brazilian Money] Object: SM_Coin_50_Cents
[Info   :Supermarket Simulator - Brazilian Money]   Components de SM_Coin_50_Cents: 4
[Info   :Supermarket Simulator - Brazilian Money]   - UnityEngine.Transform
[Info   :Supermarket Simulator - Brazilian Money]   - UnityEngine.Component
[Info   :Supermarket Simulator - Brazilian Money]   - UnityEngine.Component
[Info   :Supermarket Simulator - Brazilian Money]   - UnityEngine.Component
[Info   :Supermarket Simulator - Brazilian Money] Object: Coin_50_Cents (6)
[Info   :Supermarket Simulator - Brazilian Money]   Components de Coin_50_Cents (6): 2
[Info   :Supermarket Simulator - Brazilian Money]   - UnityEngine.Transform
[Info   :Supermarket Simulator - Brazilian Money]   - UnityEngine.Component
[Info   :Supermarket Simulator - Brazilian Money] Object: SM_Coin_50_Cents
[Info   :Supermarket Simulator - Brazilian Money]   Components de SM_Coin_50_Cents: 4
[Info   :Supermarket Simulator - Brazilian Money]   - UnityEngine.Transform
[Info   :Supermarket Simulator - Brazilian Money]   - UnityEngine.Component
[Info   :Supermarket Simulator - Brazilian Money]   - UnityEngine.Component
[Info   :Supermarket Simulator - Brazilian Money]   - UnityEngine.Component
[Info   :Supermarket Simulator - Brazilian Money] Object: Coin_50_Cents (7)
[Info   :Supermarket Simulator - Brazilian Money]   Components de Coin_50_Cents (7): 2
[Info   :Supermarket Simulator - Brazilian Money]   - UnityEngine.Transform
[Info   :Supermarket Simulator - Brazilian Money]   - UnityEngine.Component
[Info   :Supermarket Simulator - Brazilian Money] Object: SM_Coin_50_Cents
[Info   :Supermarket Simulator - Brazilian Money]   Components de SM_Coin_50_Cents: 4
[Info   :Supermarket Simulator - Brazilian Money]   - UnityEngine.Transform
[Info   :Supermarket Simulator - Brazilian Money]   - UnityEngine.Component
[Info   :Supermarket Simulator - Brazilian Money]   - UnityEngine.Component
[Info   :Supermarket Simulator - Brazilian Money]   - UnityEngine.Component
[Info   :Supermarket Simulator - Brazilian Money] Object: Coin_50_Cents (8)
[Info   :Supermarket Simulator - Brazilian Money]   Components de Coin_50_Cents (8): 2
[Info   :Supermarket Simulator - Brazilian Money]   - UnityEngine.Transform
[Info   :Supermarket Simulator - Brazilian Money]   - UnityEngine.Component
[Info   :Supermarket Simulator - Brazilian Money] Object: SM_Coin_50_Cents
[Info   :Supermarket Simulator - Brazilian Money]   Components de SM_Coin_50_Cents: 4
[Info   :Supermarket Simulator - Brazilian Money]   - UnityEngine.Transform
[Info   :Supermarket Simulator - Brazilian Money]   - UnityEngine.Component
[Info   :Supermarket Simulator - Brazilian Money]   - UnityEngine.Component
[Info   :Supermarket Simulator - Brazilian Money]   - UnityEngine.Component
[Info   :Supermarket Simulator - Brazilian Money] Object: Coin_50_Cents (9)
[Info   :Supermarket Simulator - Brazilian Money]   Components de Coin_50_Cents (9): 2
[Info   :Supermarket Simulator - Brazilian Money]   - UnityEngine.Transform
[Info   :Supermarket Simulator - Brazilian Money]   - UnityEngine.Component
[Info   :Supermarket Simulator - Brazilian Money] Object: SM_Coin_50_Cents
[Info   :Supermarket Simulator - Brazilian Money]   Components de SM_Coin_50_Cents: 4
[Info   :Supermarket Simulator - Brazilian Money]   - UnityEngine.Transform
[Info   :Supermarket Simulator - Brazilian Money]   - UnityEngine.Component
[Info   :Supermarket Simulator - Brazilian Money]   - UnityEngine.Component
[Info   :Supermarket Simulator - Brazilian Money]   - UnityEngine.Component
[Info   :Supermarket Simulator - Brazilian Money] ----- FIM DA ANÁLISE -----
[Info   :Brazilian Money Texture Replacer] POSTFIX SpawnMoney EXECUTADO | isCoin=True | moneyPack=MoneyPack
[Info   :Brazilian Money Texture Replacer] MoneyPack GameObject resolvido: 50 Cent Pack
[Info   :Money Material Probe] ========================================
[Info   :Money Material Probe] MONEY MATERIAL PROBE
[Info   :Money Material Probe] MoneyPack Type: MoneyPack
[Info   :Money Material Probe] Tipo informado pelo SpawnMoney: COIN
[Info   :Money Material Probe] GameObject resolvido: 50 Cent Pack
